Timestamp,total_particles,particles_remaining,distance_travelled
0.04247426986694336,7993,0.0
3.832514762878418,7865,1.626662085675512
4.306447982788086,7801,1.9239001803840934
4.3072309494018555,7801,1.9239001803840934
4.307876825332642,7801,1.9239001803840934
4.30856728553772,7801,1.9239001803840934
4.30912971496582,7801,1.9239001803840934
4.30973744392395,7801,1.9239001803840934
4.310313940048218,7801,1.9239001803840934
4.3108298778533936,7801,1.9239001803840934
4.311480522155762,7801,1.9239001803840934
4.3119964599609375,7801,1.9239001803840934
4.312512159347534,7801,1.9239001803840934
4.313266038894653,7801,1.9239001803840934
4.313804626464844,7801,1.9239001803840934
4.314428329467773,7801,1.9239001803840934
4.314984321594238,7801,1.9239001803840934
4.31559157371521,7801,1.9239001803840934
4.3162102699279785,7801,1.9239001803840934
4.316742658615112,7801,1.9239001803840934
4.317235708236694,7801,1.9239001803840934
4.317736387252808,7801,1.9239001803840934
5.1019556522369385,7663,2.4883655315567816
5.102586269378662,7663,2.4883655315567816
5.1030778884887695,7663,2.4883655315567816
5.10361385345459,7663,2.4883655315567816
5.104078769683838,7663,2.4883655315567816
5.104531526565552,7663,2.4883655315567816
5.104995489120483,7663,2.4883655315567816
5.105444669723511,7663,2.4883655315567816
5.105907678604126,7663,2.4883655315567816
5.106366395950317,7663,2.4883655315567816
5.1068127155303955,7663,2.4883655315567816
5.107262372970581,7663,2.4883655315567816
5.107731819152832,7663,2.4883655315567816
5.108193397521973,7663,2.4883655315567816
5.10881781578064,7663,2.4883655315567816
5.109325170516968,7663,2.4883655315567816
5.109926462173462,7663,2.4883655315567816
5.110480785369873,7663,2.4883655315567816
5.111068487167358,7663,2.4883655315567816
5.111734867095947,7663,2.4883655315567816
6.060497522354126,7457,3.1576982636643622
6.061176776885986,7457,3.1576982636643622
6.061670780181885,7457,3.1576982636643622
6.062143564224243,7457,3.1576982636643622
6.062593936920166,7457,3.1576982636643622
6.063040494918823,7457,3.1576982636643622
6.0634846687316895,7457,3.1576982636643622
6.063927412033081,7457,3.1576982636643622
6.064387798309326,7457,3.1576982636643622
6.0648369789123535,7457,3.1576982636643622
6.065289258956909,7457,3.1576982636643622
6.065727472305298,7457,3.1576982636643622
6.066183090209961,7457,3.1576982636643622
6.066634893417358,7457,3.1576982636643622
6.067075252532959,7457,3.1576982636643622
6.0675108432769775,7457,3.1576982636643622
6.067969799041748,7457,3.1576982636643622
6.068424940109253,7457,3.1576982636643622
6.068987131118774,7457,3.1576982636643622
6.069599628448486,7457,3.1576982636643622
7.679108142852783,7146,4.057056738774286
8.378218173980713,6914,4.540309860656958
8.378990888595581,6914,4.540309860656958
8.379565238952637,6914,4.540309860656958
8.380025148391724,6914,4.540309860656958
8.380471467971802,6914,4.540309860656958
8.38094973564148,6914,4.540309860656958
8.381396293640137,6914,4.540309860656958
8.381851434707642,6914,4.540309860656958
8.382293701171875,6914,4.540309860656958
8.382731676101685,6914,4.540309860656958
8.383180856704712,6914,4.540309860656958
8.383640050888062,6914,4.540309860656958
8.384081602096558,6914,4.540309860656958
8.384516477584839,6914,4.540309860656958
8.384953260421753,6914,4.540309860656958
8.385388612747192,6914,4.540309860656958
8.385865926742554,6914,4.540309860656958
8.386330842971802,6914,4.540309860656958
8.386960506439209,6914,4.540309860656958
8.387596607208252,6914,4.540309860656958
9.190279006958008,6652,5.120979913841715
9.190961122512817,6652,5.120979913841715
9.191629409790039,6652,5.120979913841715
9.192163467407227,6652,5.120979913841715
9.19261908531189,6652,5.120979913841715
9.193079948425293,6652,5.120979913841715
9.193542003631592,6652,5.120979913841715
9.19400930404663,6652,5.120979913841715
9.194451093673706,6652,5.120979913841715
9.195041179656982,6652,5.120979913841715
9.19568419456482,6652,5.120979913841715
9.19630241394043,6652,5.120979913841715
9.196809530258179,6652,5.120979913841715
9.197259426116943,6652,5.120979913841715
9.197685956954956,6652,5.120979913841715
9.198256254196167,6652,5.120979913841715
9.198821783065796,6652,5.120979913841715
9.199297428131104,6652,5.120979913841715
9.199873447418213,6652,5.120979913841715
9.200398683547974,6652,5.120979913841715
10.002403974533081,6379,5.68325045434709
10.003078699111938,6379,5.68325045434709
10.003763198852539,6379,5.68325045434709
10.00426435470581,6379,5.68325045434709
10.004733562469482,6379,5.68325045434709
10.005295276641846,6379,5.68325045434709
10.005982160568237,6379,5.68325045434709
10.006468534469604,6379,5.68325045434709
10.0069739818573,6379,5.68325045434709
10.007558822631836,6379,5.68325045434709
10.008140802383423,6379,5.68325045434709
10.008638143539429,6379,5.68325045434709
10.009216070175171,6379,5.68325045434709
10.009836673736572,6379,5.68325045434709
10.010555267333984,6379,5.68325045434709
10.011217832565308,6379,5.68325045434709
10.011841535568237,6379,5.68325045434709
10.012341022491455,6379,5.68325045434709
10.012942790985107,6379,5.68325045434709
10.013640403747559,6379,5.68325045434709
10.795158863067627,6055,6.240740228959602
10.795773267745972,6055,6.240740228959602
10.796234607696533,6055,6.240740228959602
10.796687841415405,6055,6.240740228959602
10.797151803970337,6055,6.240740228959602
10.797595024108887,6055,6.240740228959602
10.798084735870361,6055,6.240740228959602
10.798524856567383,6055,6.240740228959602
10.798989295959473,6055,6.240740228959602
10.799421310424805,6055,6.240740228959602
10.799885749816895,6055,6.240740228959602
10.800347328186035,6055,6.240740228959602
10.800874948501587,6055,6.240740228959602
10.801339864730835,6055,6.240740228959602
10.801798582077026,6055,6.240740228959602
10.802242279052734,6055,6.240740228959602
10.80268120765686,6055,6.240740228959602
10.803107261657715,6055,6.240740228959602
10.803549766540527,6055,6.240740228959602
10.803960800170898,6055,6.240740228959602
11.811071395874023,5688,6.976726481777982
11.811705350875854,5688,6.976726481777982
11.812199354171753,5688,6.976726481777982
11.812681198120117,5688,6.976726481777982
11.813161611557007,5688,6.976726481777982
11.813627004623413,5688,6.976726481777982
11.814099550247192,5688,6.976726481777982
11.814593076705933,5688,6.976726481777982
11.815074443817139,5688,6.976726481777982
11.815545082092285,5688,6.976726481777982
11.816007375717163,5688,6.976726481777982
11.816457033157349,5688,6.976726481777982
11.816932201385498,5688,6.976726481777982
11.817378520965576,5688,6.976726481777982
11.81782865524292,5688,6.976726481777982
11.818276166915894,5688,6.976726481777982
11.818755388259888,5688,6.976726481777982
11.819259881973267,5688,6.976726481777982
11.81973934173584,5688,6.976726481777982
11.820193529129028,5688,6.976726481777982
13.448861598968506,5154,8.215913929987982
13.449510335922241,5154,8.215913929987982
13.450018882751465,5154,8.215913929987982
13.450509548187256,5154,8.215913929987982
13.451011180877686,5154,8.215913929987982
13.451476335525513,5154,8.215913929987982
13.451954364776611,5154,8.215913929987982
13.452404975891113,5154,8.215913929987982
13.452868461608887,5154,8.215913929987982
13.453326940536499,5154,8.215913929987982
13.453786611557007,5154,8.215913929987982
13.454242944717407,5154,8.215913929987982
13.454727172851562,5154,8.215913929987982
13.45517373085022,5154,8.215913929987982
13.455625772476196,5154,8.215913929987982
13.456093311309814,5154,8.215913929987982
13.456555128097534,5154,8.215913929987982
13.456998348236084,5154,8.215913929987982
13.457462072372437,5154,8.215913929987982
13.457936525344849,5154,8.215913929987982
14.36400318145752,4872,8.879903033592191
14.364691019058228,4872,8.879903033592191
14.36526894569397,4872,8.879903033592191
14.365786075592041,4872,8.879903033592191
14.366269826889038,4872,8.879903033592191
14.366764068603516,4872,8.879903033592191
14.367422103881836,4872,8.879903033592191
14.367937564849854,4872,8.879903033592191
14.368429899215698,4872,8.879903033592191
14.368897199630737,4872,8.879903033592191
14.36935043334961,4872,8.879903033592191
14.369834423065186,4872,8.879903033592191
14.370312452316284,4872,8.879903033592191
14.371020793914795,4872,8.879903033592191
14.371642112731934,4872,8.879903033592191
14.37234115600586,4872,8.879903033592191
14.37289047241211,4872,8.879903033592191
14.373358011245728,4872,8.879903033592191
14.37381649017334,4872,8.879903033592191
14.374292850494385,4872,8.879903033592191
15.303128480911255,4609,9.557226027840507
15.30375075340271,4609,9.557226027840507
15.304252624511719,4609,9.557226027840507
15.304748058319092,4609,9.557226027840507
15.305206298828125,4609,9.557226027840507
15.305657148361206,4609,9.557226027840507
15.306106567382812,4609,9.557226027840507
15.306554317474365,4609,9.557226027840507
15.307012796401978,4609,9.557226027840507
15.307460069656372,4609,9.557226027840507
15.30790090560913,4609,9.557226027840507
15.30834412574768,4609,9.557226027840507
15.308794021606445,4609,9.557226027840507
15.3092360496521,4609,9.557226027840507
15.309682130813599,4609,9.557226027840507
15.310120344161987,4609,9.557226027840507
15.310592412948608,4609,9.557226027840507
15.311215877532959,4609,9.557226027840507
15.311718463897705,4609,9.557226027840507
15.31218934059143,4609,9.557226027840507
16.25983166694641,4465,10.216923468274658
16.260542154312134,4465,10.216923468274658
16.261115074157715,4465,10.216923468274658
16.261610746383667,4465,10.216923468274658
16.26207947731018,4465,10.216923468274658
16.26253867149353,4465,10.216923468274658
16.262983083724976,4465,10.216923468274658
16.263444185256958,4465,10.216923468274658
16.26396107673645,4465,10.216923468274658
16.264472246170044,4465,10.216923468274658
16.264955759048462,4465,10.216923468274658
16.265437602996826,4465,10.216923468274658
16.265920877456665,4465,10.216923468274658
16.266366243362427,4465,10.216923468274658
16.266820430755615,4465,10.216923468274658
16.2672598361969,4465,10.216923468274658
16.267711877822876,4465,10.216923468274658
16.268150329589844,4465,10.216923468274658
16.268582344055176,4465,10.216923468274658
16.26901865005493,4465,10.216923468274658
17.17407727241516,4264,10.881627012124856
17.17481303215027,4264,10.881627012124856
17.17544436454773,4264,10.881627012124856
17.175987005233765,4264,10.881627012124856
17.176451921463013,4264,10.881627012124856
17.176903009414673,4264,10.881627012124856
17.1773898601532,4264,10.881627012124856
17.17786169052124,4264,10.881627012124856
17.178332090377808,4264,10.881627012124856
17.178828716278076,4264,10.881627012124856
17.179494380950928,4264,10.881627012124856
17.180314302444458,4264,10.881627012124856
17.180975198745728,4264,10.881627012124856
17.181804656982422,4264,10.881627012124856
17.1824791431427,4264,10.881627012124856
17.183130025863647,4264,10.881627012124856
17.18359661102295,4264,10.881627012124856
17.184082984924316,4264,10.881627012124856
17.184547662734985,4264,10.881627012124856
17.184998750686646,4264,10.881627012124856
18.606024265289307,4004,11.727264372664454
18.85313630104065,3963,11.88414099243553
18.85383367538452,3963,11.88414099243553
18.854336261749268,3963,11.88414099243553
18.85480570793152,3963,11.88414099243553
18.855281829833984,3963,11.88414099243553
18.85571575164795,3963,11.88414099243553
18.856143951416016,3963,11.88414099243553
18.856569051742554,3963,11.88414099243553
18.857024908065796,3963,11.88414099243553
18.857478857040405,3963,11.88414099243553
18.857919692993164,3963,11.88414099243553
18.858357906341553,3963,11.88414099243553
18.858808755874634,3963,11.88414099243553
18.859327793121338,3961,11.893954102932046
18.861705541610718,3961,11.893954102932046
18.863370418548584,3961,11.893954102932046
18.86391019821167,3961,11.893954102932046
18.864545345306396,3961,11.893954102932046
18.865214347839355,3961,11.893954102932046
18.865721464157104,3961,11.893954102932046
19.46294903755188,3858,12.324104443313542
19.463593006134033,3858,12.324104443313542
19.46410894393921,3858,12.324104443313542
19.46460771560669,3858,12.324104443313542
19.46507215499878,3858,12.324104443313542
19.465543031692505,3858,12.324104443313542
19.46600079536438,3858,12.324104443313542
19.466448545455933,3858,12.324104443313542
19.466914176940918,3858,12.324104443313542
19.46737265586853,3858,12.324104443313542
19.467846870422363,3858,12.324104443313542
19.468311548233032,3858,12.324104443313542
19.468777894973755,3858,12.324104443313542
19.469233751296997,3858,12.324104443313542
19.469695329666138,3858,12.324104443313542
19.470152616500854,3858,12.324104443313542
19.470608949661255,3858,12.324104443313542
19.471115350723267,3858,12.324104443313542
19.471556663513184,3858,12.324104443313542
19.47200107574463,3858,12.324104443313542
20.21617031097412,3748,12.85046341574662
20.217013835906982,3748,12.85046341574662
20.21769404411316,3748,12.85046341574662
20.218206882476807,3748,12.85046341574662
20.218767642974854,3748,12.85046341574662
20.219358921051025,3748,12.85046341574662
20.219956636428833,3748,12.85046341574662
20.220443964004517,3748,12.85046341574662
20.220937967300415,3748,12.85046341574662
20.221436738967896,3748,12.85046341574662
20.221946239471436,3748,12.85046341574662
20.222415924072266,3748,12.85046341574662
20.222904205322266,3748,12.85046341574662
20.223374843597412,3748,12.85046341574662
20.223819494247437,3748,12.85046341574662
20.22426414489746,3748,12.85046341574662
20.224702835083008,3748,12.85046341574662
20.225144147872925,3748,12.85046341574662
20.22559428215027,3748,12.85046341574662
20.226033926010132,3748,12.85046341574662
21.809518814086914,3562,13.651281388562257
22.368443250656128,3466,14.017787967687076
22.36919116973877,3466,14.017787967687076
22.36972665786743,3466,14.017787967687076
22.370206356048584,3466,14.017787967687076
22.370694637298584,3466,14.017787967687076
22.371163606643677,3466,14.017787967687076
22.371609926223755,3466,14.017787967687076
22.372103214263916,3466,14.017787967687076
22.37258005142212,3466,14.017787967687076
22.37302851676941,3466,14.017787967687076
22.373485803604126,3466,14.017787967687076
22.37395191192627,3466,14.017787967687076
22.374425888061523,3466,14.017787967687076
22.374858617782593,3466,14.017787967687076
22.375324726104736,3466,14.017787967687076
22.375767946243286,3466,14.017787967687076
22.376224040985107,3466,14.017787967687076
22.376686334609985,3466,14.017787967687076
22.377137184143066,3466,14.017787967687076
22.37764573097229,3466,14.017787967687076
22.933526754379272,3342,14.411881837456777
22.934842348098755,3342,14.411881837456777
22.93589687347412,3342,14.411881837456777
22.939804077148438,3342,14.411881837456777
22.940605401992798,3342,14.411881837456777
22.944096565246582,3342,14.411881837456777
22.94490694999695,3342,14.411881837456777
22.946685314178467,3342,14.411881837456777
22.94729971885681,3342,14.411881837456777
22.948395013809204,3342,14.411881837456777
22.949422597885132,3342,14.411881837456777
22.950194597244263,3342,14.411881837456777
22.9509220123291,3342,14.411881837456777
22.951539754867554,3342,14.411881837456777
22.952080726623535,3342,14.411881837456777
22.9525887966156,3342,14.411881837456777
22.95307183265686,3342,14.411881837456777
22.95358896255493,3342,14.411881837456777
22.95447564125061,3342,14.411881837456777
22.956584930419922,3342,14.411881837456777
23.573987007141113,3195,14.831256857816928
23.574697017669678,3195,14.831256857816928
23.575288772583008,3195,14.831256857816928
23.576019525527954,3195,14.831256857816928
23.576602458953857,3195,14.831256857816928
23.577116012573242,3195,14.831256857816928
23.57774329185486,3195,14.831256857816928
23.578254461288452,3195,14.831256857816928
23.57870364189148,3195,14.831256857816928
23.57916808128357,3195,14.831256857816928
23.579622268676758,3195,14.831256857816928
23.580065727233887,3195,14.831256857816928
23.580544471740723,3195,14.831256857816928
23.581167459487915,3195,14.831256857816928
23.581652402877808,3195,14.831256857816928
23.582116842269897,3195,14.831256857816928
23.582579612731934,3195,14.831256857816928
23.583070278167725,3195,14.831256857816928
23.583545446395874,3195,14.831256857816928
23.584001064300537,3195,14.831256857816928
24.325488328933716,3071,15.36164128709751
24.326129913330078,3071,15.36164128709751
24.32679057121277,3071,15.36164128709751
24.327291250228882,3071,15.36164128709751
24.327771186828613,3071,15.36164128709751
24.328235149383545,3071,15.36164128709751
24.328700065612793,3071,15.36164128709751
24.32917046546936,3071,15.36164128709751
24.32962703704834,3071,15.36164128709751
24.330071687698364,3071,15.36164128709751
24.330521821975708,3071,15.36164128709751
24.331008672714233,3071,15.36164128709751
24.331507205963135,3071,15.36164128709751
24.332006692886353,3071,15.36164128709751
24.332499742507935,3071,15.36164128709751
24.332987785339355,3071,15.36164128709751
24.33359384536743,3071,15.36164128709751
24.334051370620728,3071,15.36164128709751
24.334575653076172,3071,15.36164128709751
24.33514642715454,3071,15.36164128709751
24.768144130706787,2956,15.66380687619661
24.768996715545654,2956,15.66380687619661
24.769541025161743,2956,15.66380687619661
24.770066499710083,2956,15.66380687619661
24.770529747009277,2956,15.66380687619661
24.77103900909424,2956,15.66380687619661
24.771647214889526,2956,15.66380687619661
24.772337436676025,2956,15.66380687619661
24.77300786972046,2956,15.66380687619661
24.773727893829346,2956,15.66380687619661
24.774420738220215,2956,15.66380687619661
24.77509641647339,2956,15.66380687619661
24.77574396133423,2956,15.66380687619661
24.776272296905518,2956,15.66380687619661
24.77679419517517,2956,15.66380687619661
24.77731466293335,2956,15.66380687619661
24.777794361114502,2956,15.66380687619661
24.778275728225708,2956,15.66380687619661
24.778735160827637,2956,15.66380687619661
24.779213905334473,2956,15.66380687619661
26.40380048751831,2828,16.826089572090613
26.404433727264404,2828,16.826089572090613
26.404925107955933,2828,16.826089572090613
26.405401706695557,2828,16.826089572090613
26.40585470199585,2828,16.826089572090613
26.406304121017456,2828,16.826089572090613
26.406764030456543,2828,16.826089572090613
26.407230615615845,2828,16.826089572090613
26.407720804214478,2828,16.826089572090613
26.40816593170166,2828,16.826089572090613
26.40860891342163,2828,16.826089572090613
26.409075498580933,2828,16.826089572090613
26.409541845321655,2828,16.826089572090613
26.409988403320312,2828,16.826089572090613
26.41045331954956,2828,16.826089572090613
26.410972833633423,2828,16.826089572090613
26.41146159172058,2828,16.826089572090613
26.41191053390503,2828,16.826089572090613
26.412359714508057,2828,16.826089572090613
26.412802934646606,2828,16.826089572090613
27.09187912940979,2704,17.323309112101
27.09262728691101,2704,17.323309112101
27.09324860572815,2704,17.323309112101
27.09393811225891,2704,17.323309112101
27.094600439071655,2704,17.323309112101
27.095298051834106,2704,17.323309112101
27.095818758010864,2704,17.323309112101
27.09628462791443,2704,17.323309112101
27.096890687942505,2704,17.323309112101
27.097647666931152,2704,17.323309112101
27.098174571990967,2704,17.323309112101
27.098851203918457,2704,17.323309112101
27.09937810897827,2704,17.323309112101
27.099976301193237,2704,17.323309112101
27.100486040115356,2704,17.323309112101
27.10099148750305,2704,17.323309112101
27.101470708847046,2704,17.323309112101
27.101938724517822,2704,17.323309112101
27.102383613586426,2704,17.323309112101
27.10283637046814,2704,17.323309112101
27.804413318634033,2534,17.825447709981884
27.805061101913452,2534,17.825447709981884
27.805655002593994,2534,17.825447709981884
27.8063223361969,2534,17.825447709981884
27.806846857070923,2534,17.825447709981884
27.807586908340454,2534,17.825447709981884
27.808236598968506,2534,17.825447709981884
27.808736324310303,2534,17.825447709981884
27.809283018112183,2534,17.825447709981884
27.809890031814575,2534,17.825447709981884
27.810529470443726,2534,17.825447709981884
27.811220407485962,2534,17.825447709981884
27.811797380447388,2534,17.825447709981884
27.81230616569519,2534,17.825447709981884
27.812803745269775,2534,17.825447709981884
27.813373804092407,2534,17.825447709981884
27.81386375427246,2534,17.825447709981884
27.81445837020874,2534,17.825447709981884
27.814996004104614,2534,17.825447709981884
27.815438508987427,2534,17.825447709981884
28.51655602455139,2406,18.315216416216344
28.517168045043945,2406,18.315216416216344
28.517650842666626,2406,18.315216416216344
28.518101930618286,2406,18.315216416216344
28.518577814102173,2406,18.315216416216344
28.51902985572815,2406,18.315216416216344
28.51947283744812,2406,18.315216416216344
28.519935607910156,2406,18.315216416216344
28.520414113998413,2406,18.315216416216344
28.52090811729431,2406,18.315216416216344
28.52135705947876,2406,18.315216416216344
28.52180767059326,2406,18.315216416216344
28.522276639938354,2406,18.315216416216344
28.52272868156433,2406,18.315216416216344
28.52317976951599,2406,18.315216416216344
28.523619413375854,2406,18.315216416216344
28.52407455444336,2406,18.315216416216344
28.524497747421265,2406,18.315216416216344
28.524937629699707,2406,18.315216416216344
28.52537441253662,2406,18.315216416216344
29.287821531295776,2341,18.859115051415237
29.288474559783936,2341,18.859115051415237
29.289051294326782,2341,18.859115051415237
29.289562225341797,2341,18.859115051415237
29.290024518966675,2341,18.859115051415237
29.290523767471313,2341,18.859115051415237
29.290981769561768,2341,18.859115051415237
29.291489124298096,2341,18.859115051415237
29.292014598846436,2341,18.859115051415237
29.292580604553223,2341,18.859115051415237
29.293049335479736,2341,18.859115051415237
29.293537378311157,2341,18.859115051415237
29.29399347305298,2341,18.859115051415237
29.294665336608887,2341,18.859115051415237
29.295186519622803,2341,18.859115051415237
29.29570508003235,2341,18.859115051415237
29.296197175979614,2341,18.859115051415237
29.29665493965149,2341,18.859115051415237
29.297157764434814,2341,18.859115051415237
29.297894716262817,2341,18.859115051415237
30.245503902435303,2245,19.4984559864491
30.246171474456787,2245,19.4984559864491
30.246689796447754,2245,19.4984559864491
30.247155904769897,2245,19.4984559864491
30.247656106948853,2245,19.4984559864491
30.248135566711426,2245,19.4984559864491
30.24860954284668,2245,19.4984559864491
30.249056577682495,2245,19.4984559864491
30.249544620513916,2245,19.4984559864491
30.2500159740448,2245,19.4984559864491
30.250476598739624,2245,19.4984559864491
30.25101065635681,2245,19.4984559864491
30.251537084579468,2245,19.4984559864491
30.251985549926758,2245,19.4984559864491
30.2524573802948,2245,19.4984559864491
30.25291872024536,2245,19.4984559864491
30.253380298614502,2245,19.4984559864491
30.253826141357422,2245,19.4984559864491
30.254267930984497,2245,19.4984559864491
30.254896640777588,2245,19.4984559864491
30.667449951171875,2198,19.785140588817594
30.668408632278442,2198,19.785140588817594
30.669161558151245,2198,19.785140588817594
30.669862031936646,2198,19.785140588817594
30.670536994934082,2198,19.785140588817594
30.671321630477905,2198,19.785140588817594
30.672001361846924,2198,19.785140588817594
30.67266321182251,2198,19.785140588817594
30.673375368118286,2198,19.785140588817594
30.674079418182373,2198,19.785140588817594
30.674774408340454,2198,19.785140588817594
30.675474882125854,2198,19.785140588817594
30.676117658615112,2198,19.785140588817594
30.676585912704468,2198,19.785140588817594
30.67706060409546,2198,19.785140588817594
30.67751455307007,2198,19.785140588817594
30.677997827529907,2198,19.785140588817594
30.678478240966797,2198,19.785140588817594
30.679064989089966,2198,19.785140588817594
30.67967963218689,2198,19.785140588817594
31.235017776489258,2189,20.178881446700412
31.235658168792725,2189,20.178881446700412
31.23614192008972,2189,20.178881446700412
31.23661494255066,2189,20.178881446700412
31.23708438873291,2189,20.178881446700412
31.237548351287842,2189,20.178881446700412
31.238033056259155,2189,20.178881446700412
31.238478899002075,2189,20.178881446700412
31.238945245742798,2189,20.178881446700412
31.239413738250732,2189,20.178881446700412
31.23983597755432,2189,20.178881446700412
31.240296363830566,2189,20.178881446700412
31.240883350372314,2189,20.178881446700412
31.241357564926147,2189,20.178881446700412
31.241832494735718,2189,20.178881446700412
31.242285013198853,2189,20.178881446700412
31.24277949333191,2189,20.178881446700412
31.24324655532837,2189,20.178881446700412
31.243709802627563,2189,20.178881446700412
31.24416422843933,2189,20.178881446700412
32.479416608810425,2176,20.842897147012977
32.911362409591675,2147,21.111520162278712
32.911985874176025,2147,21.111520162278712
32.91247367858887,2147,21.111520162278712
32.912930727005005,2147,21.111520162278712
32.91339921951294,2147,21.111520162278712
32.91384840011597,2147,21.111520162278712
32.914315938949585,2147,21.111520162278712
32.91476893424988,2147,21.111520162278712
32.9152467250824,2147,21.111520162278712
32.91569447517395,2147,21.111520162278712
32.91616177558899,2147,21.111520162278712
32.91665720939636,2147,21.111520162278712
32.917396068573,2147,21.111520162278712
32.91787934303284,2147,21.111520162278712
32.918346643447876,2147,21.111520162278712
32.918888330459595,2147,21.111520162278712
32.91958951950073,2147,21.111520162278712
32.92015981674194,2147,21.111520162278712
32.920732736587524,2147,21.111520162278712
32.92146825790405,2147,21.111520162278712
33.25149869918823,2126,21.343327051920852
33.25213074684143,2126,21.343327051920852
33.25264620780945,2126,21.343327051920852
33.25339937210083,2126,21.343327051920852
33.25389099121094,2126,21.343327051920852
33.25494408607483,2126,21.343327051920852
33.2577850818634,2126,21.343327051920852
33.25854539871216,2126,21.343327051920852
33.259379625320435,2126,21.343327051920852
33.2618887424469,2126,21.343327051920852
33.26263070106506,2126,21.343327051920852
33.266499519348145,2126,21.343327051920852
33.26709461212158,2126,21.343327051920852
33.26759219169617,2126,21.343327051920852
33.26962065696716,2126,21.343327051920852
33.270370960235596,2126,21.343327051920852
33.27100920677185,2126,21.343327051920852
33.27154469490051,2126,21.343327051920852
33.27203822135925,2126,21.343327051920852
33.27463507652283,2126,21.343327051920852
33.60506057739258,2126,21.565923935461157
33.60577344894409,2126,21.565923935461157
33.606284618377686,2126,21.565923935461157
33.606778144836426,2126,21.565923935461157
33.60725784301758,2126,21.565923935461157
33.60771369934082,2126,21.565923935461157
33.6081645488739,2126,21.565923935461157
33.608614444732666,2126,21.565923935461157
33.6091103553772,2126,21.565923935461157
33.60959553718567,2126,21.565923935461157
33.61004686355591,2126,21.565923935461157
33.61050033569336,2126,21.565923935461157
33.611013889312744,2126,21.565923935461157
33.61147952079773,2126,21.565923935461157
33.61192440986633,2126,21.565923935461157
33.61240887641907,2126,21.565923935461157
33.61299657821655,2126,21.565923935461157
33.61349415779114,2126,21.565923935461157
33.61395239830017,2126,21.565923935461157
33.61445903778076,2126,21.565923935461157
35.01305937767029,2126,22.533366830244415
35.01428246498108,2126,22.533366830244415
35.01477885246277,2126,22.533366830244415
35.016605377197266,2126,22.533366830244415
35.01717948913574,2126,22.533366830244415
35.01768732070923,2126,22.533366830244415
35.018184185028076,2126,22.533366830244415
35.01864314079285,2126,22.533366830244415
35.01909422874451,2126,22.533366830244415
35.0195529460907,2126,22.533366830244415
35.020002126693726,2126,22.533366830244415
35.02046203613281,2126,22.533366830244415
35.02095580101013,2126,22.533366830244415
35.02142691612244,2126,22.533366830244415
35.02198004722595,2126,22.533366830244415
35.02248239517212,2126,22.533366830244415
35.022932052612305,2126,22.533366830244415
35.02349615097046,2126,22.533366830244415
35.023964166641235,2126,22.533366830244415
35.024434328079224,2126,22.533366830244415
35.538532733917236,2051,22.883830626119252
35.53916621208191,2051,22.883830626119252
35.53966569900513,2051,22.883830626119252
35.54014825820923,2051,22.883830626119252
35.54061460494995,2051,22.883830626119252
35.54119896888733,2051,22.883830626119252
35.541892528533936,2051,22.883830626119252
35.54257655143738,2051,22.883830626119252
35.54310584068298,2051,22.883830626119252
35.54361701011658,2051,22.883830626119252
35.54426884651184,2051,22.883830626119252
35.54488563537598,2051,22.883830626119252
35.54551601409912,2051,22.883830626119252
35.54612612724304,2051,22.883830626119252
35.54664850234985,2051,22.883830626119252
35.547187089920044,2051,22.883830626119252
35.54770636558533,2051,22.883830626119252
35.54818415641785,2051,22.883830626119252
35.54863739013672,2051,22.883830626119252
35.5491144657135,2051,22.883830626119252
36.02418255805969,1935,23.219469373708144
36.02490282058716,1935,23.219469373708144
36.02553844451904,1935,23.219469373708144
36.0260648727417,1935,23.219469373708144
36.0266010761261,1935,23.219469373708144
36.02726411819458,1935,23.219469373708144
36.02798390388489,1935,23.219469373708144
36.02861499786377,1935,23.219469373708144
36.03076672554016,1932,23.23744100284153
36.0319128036499,1932,23.23744100284153
36.03388738632202,1932,23.23744100284153
36.03447198867798,1932,23.23744100284153
36.03540372848511,1932,23.23744100284153
36.03610587120056,1932,23.23744100284153
36.038814544677734,1932,23.23744100284153
36.039535999298096,1932,23.23744100284153
36.042723178863525,1932,23.23744100284153
36.04347205162048,1932,23.23744100284153
36.044219970703125,1932,23.23744100284153
36.046481132507324,1932,23.23744100284153
36.52071714401245,1909,23.54131910846517
36.52139353752136,1909,23.54131910846517
36.52188515663147,1909,23.54131910846517
36.52243256568909,1909,23.54131910846517
36.52289795875549,1909,23.54131910846517
36.52338480949402,1909,23.54131910846517
36.52383255958557,1909,23.54131910846517
36.524285554885864,1909,23.54131910846517
36.52471446990967,1909,23.54131910846517
36.525161027908325,1909,23.54131910846517
36.52560591697693,1909,23.54131910846517
36.52604579925537,1909,23.54131910846517
36.5265109539032,1909,23.54131910846517
36.526933431625366,1909,23.54131910846517
36.52739500999451,1909,23.54131910846517
36.527907371520996,1909,23.54131910846517
36.532281160354614,1909,23.550856370867667
36.53285503387451,1909,23.550856370867667
36.533408641815186,1909,23.550856370867667
36.534043312072754,1909,23.550856370867667
37.23324799537659,1885,24.006871886857045
37.233911991119385,1885,24.006871886857045
37.23440504074097,1885,24.006871886857045
37.23487949371338,1885,24.006871886857045
37.235334634780884,1885,24.006871886857045
37.235758781433105,1885,24.006871886857045
37.236345291137695,1885,24.006871886857045
37.23706936836243,1885,24.006871886857045
37.23763155937195,1885,24.006871886857045
37.238128423690796,1885,24.006871886857045
37.238797426223755,1885,24.006871886857045
37.23949098587036,1885,24.006871886857045
37.240082025527954,1885,24.006871886857045
37.240864992141724,1885,24.006871886857045
37.24141478538513,1885,24.006871886857045
37.24194526672363,1885,24.006871886857045
37.242472887039185,1885,24.006871886857045
37.24305748939514,1885,24.006871886857045
37.24354887008667,1885,24.006871886857045
37.24399948120117,1885,24.006871886857045
37.90700817108154,1885,24.449612061006526
37.90765619277954,1885,24.449612061006526
37.90821814537048,1885,24.449612061006526
37.908997774124146,1885,24.449612061006526
37.90961170196533,1885,24.449612061006526
37.91027569770813,1885,24.449612061006526
37.910871505737305,1885,24.449612061006526
37.91137981414795,1885,24.449612061006526
37.911887407302856,1885,24.449612061006526
37.912522315979004,1885,24.449612061006526
37.913087368011475,1885,24.449612061006526
37.913745641708374,1885,24.449612061006526
37.91439414024353,1885,24.449612061006526
37.91517615318298,1885,24.449612061006526
37.915722370147705,1885,24.449612061006526
37.916322231292725,1885,24.449612061006526
37.91701793670654,1885,24.449612061006526
37.917672634124756,1885,24.449612061006526
37.918386936187744,1885,24.449612061006526
37.91904425621033,1885,24.449612061006526
38.556814432144165,1885,24.798254693917002
38.55747985839844,1885,24.798254693917002
38.557968616485596,1885,24.798254693917002
38.558481216430664,1885,24.798254693917002
38.55897307395935,1885,24.798254693917002
38.55946111679077,1885,24.798254693917002
38.55993175506592,1885,24.798254693917002
38.560394287109375,1885,24.798254693917002
38.56087636947632,1885,24.798254693917002
38.56136393547058,1885,24.798254693917002
38.56181859970093,1885,24.798254693917002
38.56224274635315,1885,24.798254693917002
38.562963247299194,1885,24.798254693917002
38.563533306121826,1885,24.798254693917002
38.56490921974182,1885,24.801708761625154
38.56535887718201,1885,24.801708761625154
38.565831422805786,1885,24.801708761625154
38.56766200065613,1885,24.801708761625154
38.56816291809082,1885,24.801708761625154
38.56861352920532,1885,24.801708761625154
38.569053411483765,1885,24.801708761625154
38.569520711898804,1885,24.801708761625154
38.56997776031494,1885,24.801708761625154
38.57043981552124,1885,24.801708761625154
38.57096862792969,1885,24.801708761625154
38.57143998146057,1885,24.801708761625154
38.57190752029419,1885,24.801708761625154
38.57241177558899,1885,24.801708761625154
38.57287001609802,1885,24.801708761625154
38.573344469070435,1885,24.801708761625154
38.57382082939148,1885,24.801708761625154
38.57426953315735,1885,24.801708761625154
38.574711084365845,1885,24.801708761625154
38.57518291473389,1885,24.801708761625154
38.575644731521606,1885,24.801708761625154
38.576133728027344,1885,24.801708761625154
38.57659721374512,1885,24.801708761625154
38.57703948020935,1885,24.801708761625154
38.577505111694336,1885,24.801708761625154
38.57795238494873,1885,24.801708761625154
39.42286276817322,1877,25.366607525776825
39.42354440689087,1877,25.366607525776825
39.42406368255615,1877,25.366607525776825
39.42457151412964,1877,25.366607525776825
39.42505884170532,1877,25.366607525776825
39.42552208900452,1877,25.366607525776825
39.425992012023926,1877,25.366607525776825
39.426488637924194,1877,25.366607525776825
39.42693638801575,1877,25.366607525776825
39.42738890647888,1877,25.366607525776825
39.42783856391907,1877,25.366607525776825
39.42834115028381,1877,25.366607525776825
39.429102420806885,1877,25.366607525776825
39.429585456848145,1877,25.366607525776825
39.43020462989807,1877,25.366607525776825
39.43079876899719,1877,25.366607525776825
39.43144631385803,1877,25.366607525776825
39.43205976486206,1877,25.366607525776825
39.432687520980835,1877,25.366607525776825
39.433343172073364,1877,25.366607525776825
39.74300789833069,1864,25.560893093770744
39.743664026260376,1864,25.560893093770744
39.7441565990448,1864,25.560893093770744
39.744627237319946,1864,25.560893093770744
39.74508213996887,1864,25.560893093770744
39.74552392959595,1864,25.560893093770744
39.74596858024597,1864,25.560893093770744
39.74641489982605,1864,25.560893093770744
39.74687838554382,1864,25.560893093770744
39.74731659889221,1864,25.560893093770744
39.74776482582092,1864,25.560893093770744
39.748276472091675,1864,25.560893093770744
39.74876141548157,1864,25.560893093770744
39.74923491477966,1864,25.560893093770744
39.7497079372406,1864,25.560893093770744
39.75017261505127,1864,25.560893093770744
39.75079131126404,1864,25.560893093770744
39.75128483772278,1864,25.560893093770744
39.75182294845581,1864,25.560893093770744
39.75231337547302,1864,25.560893093770744
39.97888970375061,1864,25.719062481451658
39.979530811309814,1864,25.719062481451658
39.980026721954346,1864,25.719062481451658
39.980507373809814,1864,25.719062481451658
39.980989933013916,1864,25.719062481451658
39.98148202896118,1864,25.719062481451658
39.98193883895874,1864,25.719062481451658
39.98238468170166,1864,25.719062481451658
39.98284649848938,1864,25.719062481451658
39.98329019546509,1864,25.719062481451658
39.983750104904175,1864,25.719062481451658
39.984171867370605,1864,25.719062481451658
39.9846305847168,1864,25.719062481451658
39.98509645462036,1864,25.719062481451658
39.98553514480591,1864,25.719062481451658
39.985978841781616,1864,25.719062481451658
39.9864182472229,1864,25.719062481451658
39.9868643283844,1864,25.719062481451658
39.98729157447815,1864,25.719062481451658
39.9877815246582,1864,25.719062481451658
40.234991788864136,1864,25.873933823720577
40.235600233078,1864,25.873933823720577
40.23617386817932,1864,25.873933823720577
40.23668336868286,1864,25.873933823720577
40.23716974258423,1864,25.873933823720577
40.23765754699707,1864,25.873933823720577
40.238168239593506,1864,25.873933823720577
40.23866081237793,1864,25.873933823720577
40.23914694786072,1864,25.873933823720577
40.23965096473694,1864,25.873933823720577
40.24017572402954,1864,25.873933823720577
40.24063539505005,1864,25.873933823720577
40.24117159843445,1864,25.873933823720577
40.24225568771362,1864,25.873933823720577
40.24272394180298,1864,25.873933823720577
40.24317193031311,1864,25.873933823720577
40.2436249256134,1864,25.873933823720577
40.244067907333374,1864,25.873933823720577
40.24455428123474,1864,25.873933823720577
40.24509930610657,1864,25.873933823720577
40.55538892745972,1864,26.08404873937053
40.55601954460144,1864,26.08404873937053
40.55652666091919,1864,26.08404873937053
40.557021379470825,1864,26.08404873937053
40.55747413635254,1864,26.08404873937053
40.55791211128235,1864,26.08404873937053
40.558395862579346,1864,26.08404873937053
40.55886197090149,1864,26.08404873937053
40.559319496154785,1864,26.08404873937053
40.5598201751709,1864,26.08404873937053
40.56028890609741,1864,26.08404873937053
40.56077480316162,1864,26.08404873937053
40.5612428188324,1864,26.08404873937053
40.561691761016846,1864,26.08404873937053
40.56215500831604,1864,26.08404873937053
40.562597036361694,1864,26.08404873937053
40.56304860115051,1864,26.08404873937053
40.563506841659546,1864,26.08404873937053
40.56395149230957,1864,26.08404873937053
40.564420223236084,1864,26.08404873937053
40.56481623649597,1864,26.08404873937053
40.572633266448975,1864,26.08404873937053
42.75508165359497,1618,27.71309534132342
42.75572466850281,1618,27.71309534132342
42.75622224807739,1618,27.71309534132342
42.7566933631897,1618,27.71309534132342
42.75712585449219,1618,27.71309534132342
42.75757455825806,1618,27.71309534132342
42.75800967216492,1618,27.71309534132342
42.75843667984009,1618,27.71309534132342
42.75891923904419,1618,27.71309534132342
42.75937247276306,1618,27.71309534132342
42.759814500808716,1618,27.71309534132342
42.76027464866638,1618,27.71309534132342
42.76077222824097,1618,27.71309534132342
42.761223793029785,1618,27.71309534132342
42.761693477630615,1618,27.71309534132342
42.762136697769165,1618,27.71309534132342
42.76257395744324,1618,27.71309534132342
42.76302981376648,1618,27.71309534132342
42.763474225997925,1618,27.71309534132342
42.76391839981079,1618,27.71309534132342
42.8465940952301,1601,27.76715816708524
42.847254276275635,1601,27.76715816708524
42.847896575927734,1601,27.76715816708524
42.84847712516785,1601,27.76715816708524
42.84893298149109,1601,27.76715816708524
42.84938836097717,1601,27.76715816708524
42.84987831115723,1601,27.76715816708524
42.85035943984985,1601,27.76715816708524
42.850850343704224,1601,27.76715816708524
42.85128211975098,1601,27.76715816708524
42.85172772407532,1601,27.76715816708524
42.852171421051025,1601,27.76715816708524
42.85290336608887,1601,27.76715816708524
42.853458881378174,1601,27.76715816708524
42.85393023490906,1601,27.76715816708524
42.85443902015686,1601,27.76715816708524
42.85491919517517,1601,27.76715816708524
42.855379819869995,1601,27.76715816708524
42.85580062866211,1601,27.76715816708524
42.85629868507385,1601,27.76715816708524
42.85669755935669,1601,27.76715816708524
42.86454391479492,1601,27.76715816708524
43.27659583091736,1517,28.05486527156803
43.277629375457764,1517,28.05486527156803
43.278512716293335,1517,28.05486527156803
43.27953577041626,1517,28.05486527156803
43.28052091598511,1517,28.05486527156803
43.281362533569336,1517,28.05486527156803
43.28223466873169,1517,28.05486527156803
43.28312945365906,1517,28.05486527156803
43.283931732177734,1517,28.05486527156803
43.28519058227539,1517,28.05486527156803
43.28606200218201,1517,28.05486527156803
43.28686213493347,1517,28.05486527156803
43.28759455680847,1517,28.05486527156803
43.28844952583313,1517,28.05486527156803
43.28947925567627,1517,28.05486527156803
43.290358781814575,1517,28.05486527156803
43.291505575180054,1517,28.05486527156803
43.29247045516968,1517,28.05486527156803
43.29325222969055,1517,28.05486527156803
43.29406237602234,1517,28.05486527156803
43.29491472244263,1517,28.05486527156803
43.60491919517517,1503,28.209723030951963
43.60615015029907,1503,28.209723030951963
43.60783410072327,1503,28.209723030951963
43.60860586166382,1503,28.209723030951963
43.60917901992798,1503,28.209723030951963
43.60975933074951,1503,28.209723030951963
43.61030316352844,1503,28.209723030951963
43.610843896865845,1503,28.209723030951963
43.61131834983826,1503,28.209723030951963
43.61185693740845,1503,28.209723030951963
43.61232805252075,1503,28.209723030951963
43.61281991004944,1503,28.209723030951963
43.61330819129944,1503,28.209723030951963
43.61383414268494,1503,28.209723030951963
43.61438989639282,1503,28.209723030951963
43.614935636520386,1503,28.209723030951963
43.61554145812988,1503,28.209723030951963
43.616108417510986,1503,28.209723030951963
43.61662483215332,1503,28.209723030951963
43.617372035980225,1503,28.209723030951963
43.72083854675293,1503,28.243583007693527
43.721471309661865,1503,28.243583007693527
43.72214198112488,1503,28.243583007693527
43.722660303115845,1503,28.243583007693527
43.72311782836914,1503,28.243583007693527
43.72354769706726,1503,28.243583007693527
43.7239933013916,1503,28.243583007693527
43.724454402923584,1503,28.243583007693527
43.72490096092224,1503,28.243583007693527
43.72534418106079,1503,28.243583007693527
43.72578549385071,1503,28.243583007693527
43.72622799873352,1503,28.243583007693527
43.726688623428345,1503,28.243583007693527
43.72713375091553,1503,28.243583007693527
43.72757959365845,1503,28.243583007693527
43.72803211212158,1503,28.243583007693527
43.72847938537598,1503,28.243583007693527
43.72907876968384,1503,28.243583007693527
43.729697465896606,1503,28.243583007693527
43.730236291885376,1503,28.243583007693527
43.855112075805664,1503,28.319442617401226
43.85577654838562,1503,28.319442617401226
43.85628390312195,1503,28.319442617401226
43.85676670074463,1503,28.319442617401226
43.85726356506348,1503,28.319442617401226
43.857749938964844,1503,28.319442617401226
43.858230113983154,1503,28.319442617401226
43.85869264602661,1503,28.319442617401226
43.859177589416504,1503,28.319442617401226
43.85966753959656,1503,28.319442617401226
43.860129594802856,1503,28.319442617401226
43.86060905456543,1503,28.319442617401226
43.86139178276062,1503,28.319442617401226
43.861948013305664,1503,28.319442617401226
43.862520933151245,1503,28.319442617401226
43.86302423477173,1503,28.319442617401226
43.86352062225342,1503,28.319442617401226
43.86419701576233,1503,28.319442617401226
43.86477494239807,1503,28.319442617401226
43.86524820327759,1503,28.319442617401226
44.40130567550659,1455,28.684743837954485
44.40193557739258,1455,28.684743837954485
44.40241885185242,1455,28.684743837954485
44.40287160873413,1455,28.684743837954485
44.4033625125885,1455,28.684743837954485
44.40381741523743,1455,28.684743837954485
44.40438938140869,1455,28.684743837954485
44.40498995780945,1455,28.684743837954485
44.4055814743042,1455,28.684743837954485
44.40611243247986,1455,28.684743837954485
44.40657162666321,1455,28.684743837954485
44.40708613395691,1455,28.684743837954485
44.407691955566406,1455,28.684743837954485
44.408448696136475,1455,28.684743837954485
44.40899920463562,1455,28.684743837954485
44.40978240966797,1455,28.684743837954485
44.41047692298889,1455,28.684743837954485
44.4111430644989,1455,28.684743837954485
44.41179180145264,1455,28.684743837954485
44.41250419616699,1455,28.684743837954485
44.600862979888916,1433,28.84429412442555
44.60163116455078,1433,28.84429412442555
44.602253675460815,1433,28.84429412442555
44.60273504257202,1433,28.84429412442555
44.603190660476685,1433,28.84429412442555
44.6036376953125,1433,28.84429412442555
44.60407733917236,1433,28.84429412442555
44.60453677177429,1433,28.84429412442555
44.60507845878601,1433,28.84429412442555
44.60553741455078,1433,28.84429412442555
44.60598659515381,1433,28.84429412442555
44.606440782547,1433,28.84429412442555
44.60688328742981,1433,28.84429412442555
44.607322454452515,1433,28.84429412442555
44.60784959793091,1433,28.84429412442555
44.61016607284546,1429,28.86815848144755
44.6122887134552,1429,28.86815848144755
44.612836599349976,1429,28.86815848144755
44.613314628601074,1429,28.86815848144755
44.61376619338989,1429,28.86815848144755
44.88253355026245,1388,29.05104074089371
44.88315510749817,1388,29.05104074089371
44.883644342422485,1388,29.05104074089371
44.88412427902222,1388,29.05104074089371
44.88457536697388,1388,29.05104074089371
44.88502264022827,1388,29.05104074089371
44.88561034202576,1388,29.05104074089371
44.886133670806885,1388,29.05104074089371
44.88665843009949,1388,29.05104074089371
44.887259006500244,1388,29.05104074089371
44.88799858093262,1388,29.05104074089371
44.88855576515198,1388,29.05104074089371
44.88904285430908,1388,29.05104074089371
44.88952374458313,1388,29.05104074089371
44.88998985290527,1388,29.05104074089371
44.890462160110474,1388,29.05104074089371
44.89097213745117,1388,29.05104074089371
44.891510248184204,1388,29.05104074089371
44.892130851745605,1388,29.05104074089371
44.89264893531799,1388,29.05104074089371
45.22206163406372,1372,29.254917279138432
45.22269344329834,1372,29.254917279138432
45.223156452178955,1372,29.254917279138432
45.2236328125,1372,29.254917279138432
45.224133014678955,1372,29.254917279138432
45.22462701797485,1372,29.254917279138432
45.22508430480957,1372,29.254917279138432
45.22554111480713,1372,29.254917279138432
45.22602844238281,1372,29.254917279138432
45.22647762298584,1372,29.254917279138432
45.22711968421936,1372,29.254917279138432
45.227601766586304,1372,29.254917279138432
45.22806429862976,1372,29.254917279138432
45.22852969169617,1372,29.254917279138432
45.22897982597351,1372,29.254917279138432
45.22943329811096,1372,29.254917279138432
45.22990441322327,1372,29.254917279138432
45.23037147521973,1372,29.254917279138432
45.23090195655823,1372,29.254917279138432
45.231361627578735,1372,29.254917279138432
45.33474016189575,1364,29.304917310792323
45.335654735565186,1364,29.304917310792323
45.336442708969116,1364,29.304917310792323
45.337209939956665,1364,29.304917310792323
45.337862968444824,1364,29.304917310792323
45.338531732559204,1364,29.304917310792323
45.33918476104736,1364,29.304917310792323
45.339829206466675,1364,29.304917310792323
45.340511322021484,1364,29.304917310792323
45.34115719795227,1364,29.304917310792323
45.341761112213135,1364,29.304917310792323
45.342268228530884,1364,29.304917310792323
45.3427631855011,1364,29.304917310792323
45.343242168426514,1364,29.304917310792323
45.34373378753662,1364,29.304917310792323
45.34420371055603,1364,29.304917310792323
45.34472346305847,1364,29.304917310792323
45.34521961212158,1364,29.304917310792323
45.345709800720215,1364,29.304917310792323
45.34631276130676,1364,29.304917310792323
45.57364296913147,1324,29.490913591641185
45.57427430152893,1324,29.490913591641185
45.5747594833374,1324,29.490913591641185
45.57526755332947,1324,29.490913591641185
45.57574129104614,1324,29.490913591641185
45.57622289657593,1324,29.490913591641185
45.57671546936035,1324,29.490913591641185
45.57726454734802,1324,29.490913591641185
45.577735900878906,1324,29.490913591641185
45.5784068107605,1324,29.490913591641185
45.57888102531433,1324,29.490913591641185
45.57944846153259,1324,29.490913591641185
45.580100536346436,1324,29.490913591641185
45.58083653450012,1324,29.490913591641185
45.581342458724976,1324,29.490913591641185
45.58182096481323,1324,29.490913591641185
45.58231043815613,1324,29.490913591641185
45.58279252052307,1324,29.490913591641185
45.58343696594238,1324,29.490913591641185
45.58390283584595,1324,29.490913591641185
45.728055477142334,1298,29.578241186092505
45.72870063781738,1298,29.578241186092505
45.72920608520508,1298,29.578241186092505
45.72970008850098,1298,29.578241186092505
45.73016119003296,1298,29.578241186092505
45.730629682540894,1298,29.578241186092505
45.73114728927612,1298,29.578241186092505
45.73165535926819,1298,29.578241186092505
45.73211407661438,1298,29.578241186092505
45.73257803916931,1298,29.578241186092505
45.733065605163574,1298,29.578241186092505
45.7335684299469,1298,29.578241186092505
45.73408317565918,1298,29.578241186092505
45.73453974723816,1298,29.578241186092505
45.73501443862915,1298,29.578241186092505
45.73549747467041,1298,29.578241186092505
45.736098527908325,1298,29.578241186092505
45.73662710189819,1298,29.578241186092505
45.737114906311035,1298,29.578241186092505
45.73763036727905,1298,29.578241186092505
45.92352056503296,1277,29.686981101218517
45.924153566360474,1277,29.686981101218517
45.924633264541626,1277,29.686981101218517
45.92508387565613,1277,29.686981101218517
45.92554759979248,1277,29.686981101218517
45.92599105834961,1277,29.686981101218517
45.926472663879395,1277,29.686981101218517
45.92692971229553,1277,29.686981101218517
45.92738366127014,1277,29.686981101218517
45.927839517593384,1277,29.686981101218517
45.928284883499146,1277,29.686981101218517
45.92873978614807,1277,29.686981101218517
45.92920160293579,1277,29.686981101218517
45.9296612739563,1277,29.686981101218517
45.93012475967407,1277,29.686981101218517
45.93056917190552,1277,29.686981101218517
45.931090354919434,1277,29.686981101218517
45.93155908584595,1277,29.686981101218517
45.932021379470825,1277,29.686981101218517
45.9324848651886,1277,29.686981101218517
46.19986605644226,1246,29.85903529446846
46.20059394836426,1246,29.85903529446846
46.20155072212219,1246,29.85903529446846
46.202110052108765,1246,29.85903529446846
46.202656745910645,1246,29.85903529446846
46.20314598083496,1246,29.85903529446846
46.2036657333374,1246,29.85903529446846
46.204176902770996,1246,29.85903529446846
46.204638957977295,1246,29.85903529446846
46.20506954193115,1246,29.85903529446846
46.20553135871887,1246,29.85903529446846
46.20597434043884,1246,29.85903529446846
46.20642900466919,1246,29.85903529446846
46.206910371780396,1246,29.85903529446846
46.20742321014404,1246,29.85903529446846
46.208104372024536,1246,29.85903529446846
46.20859241485596,1246,29.85903529446846
46.209060192108154,1246,29.85903529446846
46.20956301689148,1246,29.85903529446846
46.21004509925842,1246,29.85903529446846
46.64292311668396,1197,30.163200983017585
46.6435444355011,1197,30.163200983017585
46.644073247909546,1197,30.163200983017585
46.644559144973755,1197,30.163200983017585
46.645047426223755,1197,30.163200983017585
46.645753145217896,1197,30.163200983017585
46.64634656906128,1197,30.163200983017585
46.64686846733093,1197,30.163200983017585
46.64753437042236,1197,30.163200983017585
46.6482310295105,1197,30.163200983017585
46.648902893066406,1197,30.163200983017585
46.64962816238403,1197,30.163200983017585
46.650269985198975,1197,30.163200983017585
46.65087962150574,1197,30.163200983017585
46.65144467353821,1197,30.163200983017585
46.65200972557068,1197,30.163200983017585
46.652740478515625,1197,30.163200983017585
46.653231143951416,1197,30.163200983017585
46.65369534492493,1197,30.163200983017585
46.654374837875366,1197,30.163200983017585
47.43809151649475,1193,30.74095513476413
47.43875241279602,1193,30.74095513476413
47.43929433822632,1193,30.74095513476413
47.439759969711304,1193,30.74095513476413
47.44023418426514,1193,30.74095513476413
47.4407172203064,1193,30.74095513476413
47.44116759300232,1193,30.74095513476413
47.44161128997803,1193,30.74095513476413
47.44206500053406,1193,30.74095513476413
47.44251084327698,1193,30.74095513476413
47.442946672439575,1193,30.74095513476413
47.443360805511475,1193,30.74095513476413
47.44378447532654,1193,30.74095513476413
47.44431972503662,1193,30.74095513476413
47.445051193237305,1193,30.74095513476413
47.44558310508728,1193,30.74095513476413
47.44606161117554,1193,30.74095513476413
47.44654154777527,1193,30.74095513476413
47.44702649116516,1193,30.74095513476413
47.44751524925232,1193,30.74095513476413
47.44804096221924,1193,30.74095513476413
47.44873380661011,1193,30.74095513476413
47.449280977249146,1193,30.74095513476413
47.44993782043457,1193,30.74095513476413
47.450913190841675,1193,30.74095513476413
47.45165419578552,1193,30.74095513476413
47.45225405693054,1193,30.74095513476413
47.45272994041443,1193,30.74095513476413
47.453253984451294,1193,30.74095513476413
47.453869342803955,1193,30.74095513476413
47.45435428619385,1193,30.74095513476413
47.4548077583313,1193,30.74095513476413
47.45551085472107,1193,30.74095513476413
47.456191301345825,1193,30.74095513476413
47.456897497177124,1193,30.74095513476413
47.45755457878113,1193,30.74095513476413
47.45817017555237,1193,30.74095513476413
47.458744287490845,1193,30.74095513476413
47.45922660827637,1193,30.74095513476413
47.45970320701599,1193,30.74095513476413
47.70654582977295,1193,30.90809658417794
47.70717406272888,1193,30.90809658417794
47.70765686035156,1193,30.90809658417794
47.70813822746277,1193,30.90809658417794
47.708590030670166,1193,30.90809658417794
47.70903778076172,1193,30.90809658417794
47.70949459075928,1193,30.90809658417794
47.709943532943726,1193,30.90809658417794
47.71037936210632,1193,30.90809658417794
47.710872173309326,1193,30.90809658417794
47.711323976516724,1193,30.90809658417794
47.71193981170654,1193,30.90809658417794
47.71249556541443,1193,30.90809658417794
47.71304965019226,1193,30.90809658417794
47.7135169506073,1193,30.90809658417794
47.71407461166382,1193,30.90809658417794
47.71455931663513,1193,30.90809658417794
47.71502161026001,1193,30.90809658417794
47.715479612350464,1193,30.90809658417794
47.71603584289551,1193,30.90809658417794
47.716405153274536,1193,30.90809658417794
47.72206377983093,1193,30.90809658417794
48.64818334579468,1172,31.61548785598816
48.64865517616272,1172,31.61548785598816
48.65518116950989,1172,31.61548785598816
49.97230792045593,1068,32.29430248710119
50.05526876449585,1068,32.30814016175669
50.055917739868164,1068,32.30814016175669
50.05642485618591,1068,32.30814016175669
50.056899547576904,1068,32.30814016175669
50.0573525428772,1068,32.30814016175669
50.05780029296875,1068,32.30814016175669
50.05823826789856,1068,32.30814016175669
50.05876970291138,1068,32.30814016175669
50.05924320220947,1068,32.30814016175669
50.059696435928345,1068,32.30814016175669
50.06015729904175,1068,32.30814016175669
50.06060719490051,1068,32.30814016175669
50.061108350753784,1068,32.30814016175669
50.0615758895874,1068,32.30814016175669
50.06202149391174,1068,32.30814016175669
50.06246590614319,1068,32.30814016175669
50.06291604042053,1068,32.30814016175669
50.06333541870117,1068,32.30814016175669
50.0638267993927,1068,32.30814016175669
50.064364194869995,1068,32.30814016175669
50.23035478591919,1058,32.39832902563886
50.231070041656494,1058,32.39832902563886
50.23163199424744,1058,32.39832902563886
50.23242235183716,1058,32.39832902563886
50.23300576210022,1058,32.39832902563886
50.233593225479126,1058,32.39832902563886
50.2343008518219,1058,32.39832902563886
50.234859466552734,1058,32.39832902563886
50.23536491394043,1058,32.39832902563886
50.23598265647888,1058,32.39832902563886
50.23655319213867,1058,32.39832902563886
50.2370171546936,1058,32.39832902563886
50.237589597702026,1058,32.39832902563886
50.23807334899902,1058,32.39832902563886
50.2386839389801,1058,32.39832902563886
50.23922371864319,1058,32.39832902563886
50.23969841003418,1058,32.39832902563886
50.240175008773804,1058,32.39832902563886
50.24062395095825,1058,32.39832902563886
50.241150856018066,1058,32.39832902563886
50.38536310195923,1053,32.48261965747777
50.3860125541687,1053,32.48261965747777
50.38662266731262,1053,32.48261965747777
50.387150049209595,1053,32.48261965747777
50.387654066085815,1053,32.48261965747777
50.388142824172974,1053,32.48261965747777
50.388646602630615,1053,32.48261965747777
50.38914942741394,1053,32.48261965747777
50.389639139175415,1053,32.48261965747777
50.390143632888794,1053,32.48261965747777
50.390795946121216,1053,32.48261965747777
50.391358613967896,1053,32.48261965747777
50.3920156955719,1053,32.48261965747777
50.392629861831665,1053,32.48261965747777
50.39328956604004,1053,32.48261965747777
50.393900871276855,1053,32.48261965747777
50.39470052719116,1053,32.48261965747777
50.39520049095154,1053,32.48261965747777
50.395997762680054,1053,32.48261965747777
50.39667248725891,1053,32.48261965747777
50.54149532318115,1053,32.55903240939107
50.54209351539612,1053,32.55903240939107
50.54257106781006,1053,32.55903240939107
50.54303312301636,1053,32.55903240939107
50.54349660873413,1053,32.55903240939107
50.54394030570984,1053,32.55903240939107
50.5443811416626,1053,32.55903240939107
50.54483413696289,1053,32.55903240939107
50.5452938079834,1053,32.55903240939107
50.5457398891449,1053,32.55903240939107
50.54617738723755,1053,32.55903240939107
50.546616315841675,1053,32.55903240939107
50.547067642211914,1053,32.55903240939107
50.54755926132202,1053,32.55903240939107
50.54800057411194,1053,32.55903240939107
50.54847025871277,1053,32.55903240939107
50.54963302612305,1053,32.55903240939107
50.55030703544617,1053,32.55903240939107
50.551037073135376,1053,32.55903240939107
50.55148005485535,1053,32.55903240939107
50.675658226013184,1053,32.632626684994605
50.67629265785217,1053,32.632626684994605
50.67683410644531,1053,32.632626684994605
50.677586793899536,1053,32.632626684994605
50.678200244903564,1053,32.632626684994605
50.67878341674805,1053,32.632626684994605
50.67936825752258,1053,32.632626684994605
50.679884910583496,1053,32.632626684994605
50.68073391914368,1053,32.632626684994605
50.68144106864929,1053,32.632626684994605
50.68208169937134,1053,32.632626684994605
50.68274784088135,1053,32.632626684994605
50.68350791931152,1053,32.632626684994605
50.68404936790466,1053,32.632626684994605
50.68451642990112,1053,32.632626684994605
50.684943199157715,1053,32.632626684994605
50.685394287109375,1053,32.632626684994605
50.68585157394409,1053,32.632626684994605
50.68630409240723,1053,32.632626684994605
50.68674659729004,1053,32.632626684994605
50.789756298065186,1053,32.698788946507975
50.790396213531494,1053,32.698788946507975
50.790895223617554,1053,32.698788946507975
50.791372537612915,1053,32.698788946507975
50.79185247421265,1053,32.698788946507975
50.79230809211731,1053,32.698788946507975
50.79275584220886,1053,32.698788946507975
50.793200969696045,1053,32.698788946507975
50.79366397857666,1053,32.698788946507975
50.79410743713379,1053,32.698788946507975
50.794551610946655,1053,32.698788946507975
50.794994831085205,1053,32.698788946507975
50.795453786849976,1053,32.698788946507975
50.79590892791748,1053,32.698788946507975
50.7963490486145,1053,32.698788946507975
50.79680252075195,1053,32.698788946507975
50.797274351119995,1053,32.698788946507975
50.79773497581482,1053,32.698788946507975
50.798182010650635,1053,32.698788946507975
50.79865622520447,1053,32.698788946507975
50.9240083694458,1047,32.7578388155513
50.92467546463013,1047,32.7578388155513
50.925163984298706,1047,32.7578388155513
50.925636291503906,1047,32.7578388155513
50.926172971725464,1047,32.7578388155513
50.92665147781372,1047,32.7578388155513
50.92715072631836,1047,32.7578388155513
50.927649974823,1047,32.7578388155513
50.92808747291565,1047,32.7578388155513
50.92856955528259,1047,32.7578388155513
50.92899417877197,1047,32.7578388155513
50.929439544677734,1047,32.7578388155513
50.92992305755615,1047,32.7578388155513
50.93035387992859,1047,32.7578388155513
50.9308865070343,1047,32.7578388155513
50.93153357505798,1047,32.7578388155513
50.932039737701416,1047,32.7578388155513
50.933279275894165,1047,32.7578388155513
50.93409490585327,1047,32.7578388155513
50.93471550941467,1047,32.7578388155513
51.05826449394226,1044,32.82080569088295
51.05891799926758,1044,32.82080569088295
51.05942749977112,1044,32.82080569088295
51.059908866882324,1044,32.82080569088295
51.06041598320007,1044,32.82080569088295
51.06099987030029,1044,32.82080569088295
51.06163191795349,1044,32.82080569088295
51.062312602996826,1044,32.82080569088295
51.06291460990906,1044,32.82080569088295
51.06342077255249,1044,32.82080569088295
51.064016342163086,1044,32.82080569088295
51.064613342285156,1044,32.82080569088295
51.065141439437866,1044,32.82080569088295
51.06567907333374,1044,32.82080569088295
51.066184759140015,1044,32.82080569088295
51.0667827129364,1044,32.82080569088295
51.067407846450806,1044,32.82080569088295
51.06799817085266,1044,32.82080569088295
51.06866717338562,1044,32.82080569088295
51.06936454772949,1044,32.82080569088295
51.19299817085266,1039,32.88140185891317
51.19377660751343,1039,32.88140185891317
51.19433379173279,1039,32.88140185891317
51.195199966430664,1039,32.88140185891317
51.19592308998108,1039,32.88140185891317
51.19659996032715,1039,32.88140185891317
51.19727063179016,1039,32.88140185891317
51.19778108596802,1039,32.88140185891317
51.19836926460266,1039,32.88140185891317
51.19891548156738,1039,32.88140185891317
51.199392795562744,1039,32.88140185891317
51.19986963272095,1039,32.88140185891317
51.200336933135986,1039,32.88140185891317
51.20085048675537,1039,32.88140185891317
51.20130467414856,1039,32.88140185891317
51.201749086380005,1039,32.88140185891317
51.20222997665405,1039,32.88140185891317
51.20274090766907,1039,32.88140185891317
51.20319366455078,1039,32.88140185891317
51.203638553619385,1039,32.88140185891317
51.429853439331055,1037,33.03021862257252
51.43052101135254,1037,33.03021862257252
51.431066036224365,1037,33.03021862257252
51.43157935142517,1037,33.03021862257252
51.432037591934204,1037,33.03021862257252
51.43252086639404,1037,33.03021862257252
51.43297290802002,1037,33.03021862257252
51.433451652526855,1037,33.03021862257252
51.43393063545227,1037,33.03021862257252
51.43439793586731,1037,33.03021862257252
51.434847593307495,1037,33.03021862257252
51.43529295921326,1037,33.03021862257252
51.43574118614197,1037,33.03021862257252
51.43616962432861,1037,33.03021862257252
51.43659734725952,1037,33.03021862257252
51.43704104423523,1037,33.03021862257252
51.43746304512024,1037,33.03021862257252
51.43791913986206,1037,33.03021862257252
51.438390254974365,1037,33.03021862257252
51.43882131576538,1037,33.03021862257252
51.64468050003052,1037,33.155268002851834
51.64529800415039,1037,33.155268002851834
51.645777463912964,1037,33.155268002851834
51.64622735977173,1037,33.155268002851834
51.646690368652344,1037,33.155268002851834
51.647117137908936,1037,33.155268002851834
51.64757752418518,1037,33.155268002851834
51.64802360534668,1037,33.155268002851834
51.64847993850708,1037,33.155268002851834
51.648972511291504,1037,33.155268002851834
51.64960241317749,1037,33.155268002851834
51.6502046585083,1037,33.155268002851834
51.65086531639099,1037,33.155268002851834
51.65150427818298,1037,33.155268002851834
51.65212321281433,1037,33.155268002851834
51.65275025367737,1037,33.155268002851834
51.653358697891235,1037,33.155268002851834
51.6539888381958,1037,33.155268002851834
51.6546266078949,1037,33.155268002851834
51.655235052108765,1037,33.155268002851834
51.98490786552429,1037,33.301335576227935
51.9855375289917,1037,33.301335576227935
51.98602914810181,1037,33.301335576227935
51.98650622367859,1037,33.301335576227935
51.98694181442261,1037,33.301335576227935
51.98734903335571,1037,33.301335576227935
51.98784852027893,1037,33.301335576227935
51.988367557525635,1037,33.301335576227935
51.989107847213745,1037,33.301335576227935
51.989840507507324,1037,33.301335576227935
51.99056959152222,1037,33.301335576227935
51.99109077453613,1037,33.301335576227935
51.99155616760254,1037,33.301335576227935
51.99218392372131,1037,33.301335576227935
51.992677450180054,1037,33.301335576227935
51.99314594268799,1037,33.301335576227935
51.99362301826477,1037,33.301335576227935
51.99410533905029,1037,33.301335576227935
51.9947829246521,1037,33.301335576227935
51.99553632736206,1037,33.301335576227935
52.078667640686035,1037,33.32179117861773
52.079304218292236,1037,33.32179117861773
52.07984471321106,1037,33.32179117861773
52.08044672012329,1037,33.32179117861773
52.080909967422485,1037,33.32179117861773
52.08136582374573,1037,33.32179117861773
52.081820011138916,1037,33.32179117861773
52.08228540420532,1037,33.32179117861773
52.08273792266846,1037,33.32179117861773
52.083181858062744,1037,33.32179117861773
52.08366250991821,1037,33.32179117861773
52.084094524383545,1037,33.32179117861773
52.08458995819092,1037,33.32179117861773
52.085285663604736,1037,33.32179117861773
52.08588099479675,1037,33.32179117861773
52.086366176605225,1037,33.32179117861773
52.08687114715576,1037,33.32179117861773
52.08746409416199,1037,33.32179117861773
52.08814525604248,1037,33.32179117861773
52.08885192871094,1037,33.32179117861773
52.44244384765625,1037,33.47904532883852
52.44314455986023,1037,33.47904532883852
52.443647146224976,1037,33.47904532883852
52.4441876411438,1037,33.47904532883852
52.44466519355774,1037,33.47904532883852
52.44512701034546,1037,33.47904532883852
52.44560408592224,1037,33.47904532883852
52.44609498977661,1037,33.47904532883852
52.44656991958618,1037,33.47904532883852
52.44704866409302,1037,33.47904532883852
52.447500228881836,1037,33.47904532883852
52.44794321060181,1037,33.47904532883852
52.44843029975891,1037,33.47904532883852
52.448891162872314,1037,33.47904532883852
52.44933199882507,1037,33.47904532883852
52.44980001449585,1037,33.47904532883852
52.45028519630432,1037,33.47904532883852
52.450777530670166,1037,33.47904532883852
52.45124793052673,1037,33.47904532883852
52.45179843902588,1037,33.47904532883852
52.452359676361084,1037,33.47904532883852
52.458686113357544,1037,33.47904532883852
53.30256247520447,1032,34.11667818357233
53.30348539352417,1032,34.11667818357233
53.304054260253906,1032,34.11667818357233
53.30473256111145,1032,34.11667818357233
53.30547118186951,1032,34.11667818357233
53.30603361129761,1032,34.11667818357233
53.30659556388855,1032,34.11667818357233
53.307154178619385,1032,34.11667818357233
53.30780339241028,1032,34.11667818357233
53.30844068527222,1032,34.11667818357233
53.3090386390686,1032,34.11667818357233
53.30979824066162,1032,34.11667818357233
53.31032752990723,1032,34.11667818357233
53.31088447570801,1032,34.11667818357233
53.311373710632324,1032,34.11667818357233
53.31184530258179,1032,34.11667818357233
53.31231999397278,1032,34.11667818357233
53.312793493270874,1032,34.11667818357233
53.313252210617065,1032,34.11667818357233
53.31372952461243,1032,34.11667818357233
53.3760142326355,1032,34.156317082150885
53.3766450881958,1032,34.156317082150885
53.377132415771484,1032,34.156317082150885
53.377612590789795,1032,34.156317082150885
53.37806963920593,1032,34.156317082150885
53.37856602668762,1032,34.156317082150885
53.379021644592285,1032,34.156317082150885
53.37946391105652,1032,34.156317082150885
53.37992238998413,1032,34.156317082150885
53.38038516044617,1032,34.156317082150885
53.3808810710907,1032,34.156317082150885
53.38132286071777,1032,34.156317082150885
53.381778717041016,1032,34.156317082150885
53.382203578948975,1032,34.156317082150885
53.382665157318115,1032,34.156317082150885
53.383095502853394,1032,34.156317082150885
53.383530378341675,1032,34.156317082150885
53.38399004936218,1032,34.156317082150885
53.384562253952026,1032,34.156317082150885
53.3850884437561,1032,34.156317082150885
53.38557696342468,1032,34.156317082150885
53.38603448867798,1032,34.156317082150885
53.3865749835968,1032,34.156317082150885
53.38707375526428,1032,34.156317082150885
53.38758611679077,1032,34.156317082150885
53.38807201385498,1032,34.156317082150885
53.388545989990234,1032,34.156317082150885
53.389023780822754,1032,34.156317082150885
53.38956069946289,1032,34.156317082150885
53.39008903503418,1032,34.156317082150885
53.390541315078735,1032,34.156317082150885
53.39109969139099,1032,34.156317082150885
53.39158248901367,1032,34.156317082150885
53.392043113708496,1032,34.156317082150885
53.3924880027771,1032,34.156317082150885
53.39292049407959,1032,34.156317082150885
53.39348554611206,1032,34.156317082150885
53.39404845237732,1032,34.156317082150885
53.39451813697815,1032,34.156317082150885
53.39500379562378,1032,34.156317082150885
53.39538836479187,1032,34.156317082150885
53.404454469680786,1032,34.17722913559954
53.880131483078,1012,34.494393909211546
53.880903482437134,1012,34.494393909211546
53.881595849990845,1012,34.494393909211546
53.88223171234131,1012,34.494393909211546
53.8827166557312,1012,34.494393909211546
53.883174657821655,1012,34.494393909211546
53.88364100456238,1012,34.494393909211546
53.88407611846924,1012,34.494393909211546
53.88455510139465,1012,34.494393909211546
53.88505220413208,1012,34.494393909211546
53.88554620742798,1012,34.494393909211546
53.88615965843201,1012,34.494393909211546
53.88663649559021,1012,34.494393909211546
53.88711929321289,1012,34.494393909211546
53.887595415115356,1012,34.494393909211546
53.88806438446045,1012,34.494393909211546
53.88864183425903,1012,34.494393909211546
53.88912796974182,1012,34.494393909211546
53.88958764076233,1012,34.494393909211546
53.890047550201416,1012,34.494393909211546
53.91135621070862,1012,34.51097374339727
53.91209125518799,1012,34.51097374339727
53.91268038749695,1012,34.51097374339727
53.91321301460266,1012,34.51097374339727
53.91371965408325,1012,34.51097374339727
53.91420769691467,1012,34.51097374339727
53.91465783119202,1012,34.51097374339727
53.915168046951294,1012,34.51097374339727
53.91585612297058,1012,34.51097374339727
53.91638159751892,1012,34.51097374339727
53.916887283325195,1012,34.51097374339727
53.917396545410156,1012,34.51097374339727
53.917964458465576,1012,34.51097374339727
53.91849613189697,1012,34.51097374339727
53.91906023025513,1012,34.51097374339727
53.91968321800232,1012,34.51097374339727
53.92016792297363,1012,34.51097374339727
53.92062830924988,1012,34.51097374339727
53.921154260635376,1012,34.51097374339727
53.92161583900452,1012,34.51097374339727
53.921976804733276,1012,34.51097374339727
53.927205324172974,1012,34.51097374339727
53.927754640579224,1012,34.51097374339727
53.92825150489807,1012,34.51097374339727
53.92881226539612,1012,34.51097374339727
53.92929172515869,1012,34.51097374339727
53.92974877357483,1012,34.51097374339727
53.930227756500244,1012,34.51097374339727
53.93079662322998,1012,34.51097374339727
53.93129277229309,1012,34.51097374339727
53.93175959587097,1012,34.51097374339727
53.93224310874939,1012,34.51097374339727
53.93269419670105,1012,34.51097374339727
53.93313980102539,1012,34.51097374339727
53.93357729911804,1012,34.51097374339727
53.93403482437134,1012,34.51097374339727
53.93447518348694,1012,34.51097374339727
53.93490815162659,1012,34.51097374339727
53.93536424636841,1012,34.51097374339727
53.9358389377594,1012,34.51097374339727
53.936312675476074,1012,34.51097374339727
53.93676948547363,1012,34.51097374339727
53.937243938446045,1012,34.51097374339727
53.93773555755615,1012,34.51097374339727
53.93820786476135,1012,34.51097374339727
53.938693046569824,1012,34.51097374339727
53.93919134140015,1012,34.51097374339727
53.93975901603699,1012,34.51097374339727
53.94135499000549,1012,34.51097374339727
53.9443838596344,1012,34.526684893131346
53.944995164871216,1012,34.526684893131346
53.94554042816162,1012,34.526684893131346
53.9462103843689,1012,34.526684893131346
53.94674849510193,1012,34.526684893131346
53.94853973388672,1012,34.534566961636166
53.949020862579346,1012,34.534566961636166
53.949496030807495,1012,34.534566961636166
53.94996762275696,1012,34.534566961636166
53.95045185089111,1012,34.534566961636166
53.951007604599,1012,34.534566961636166
53.951488971710205,1012,34.534566961636166
53.951961517333984,1012,34.534566961636166
53.952337980270386,1012,34.534566961636166
53.9572229385376,1012,34.534566961636166
53.95776319503784,1012,34.534566961636166
53.962419509887695,1012,34.534566961636166
53.962921380996704,1012,34.534566961636166
53.96338748931885,1012,34.534566961636166
53.96393322944641,1012,34.534566961636166
53.96441841125488,1012,34.534566961636166
53.96488618850708,1012,34.534566961636166
53.96537947654724,1012,34.534566961636166
53.96583533287048,1012,34.534566961636166
53.966325998306274,1012,34.534566961636166
53.966784715652466,1012,34.534566961636166
53.96723771095276,1012,34.534566961636166
53.967716455459595,1012,34.534566961636166
53.96821045875549,1012,34.534566961636166
53.96867823600769,1012,34.534566961636166
53.96916913986206,1012,34.534566961636166
53.96963977813721,1012,34.534566961636166
53.97011137008667,1012,34.534566961636166
53.970598459243774,1012,34.534566961636166
53.97112488746643,1012,34.534566961636166
53.97161054611206,1012,34.534566961636166
53.97208595275879,1012,34.534566961636166
53.97268629074097,1012,34.534566961636166
53.975051403045654,1011,34.54143573149787
53.9756646156311,1011,34.54143573149787
53.976325035095215,1011,34.54143573149787
53.977330684661865,1011,34.54143573149787
53.97801733016968,1011,34.54143573149787
53.97864127159119,1011,34.54143573149787
53.97959303855896,1011,34.54143573149787
53.9802520275116,1011,34.54143573149787
53.98097014427185,1011,34.54143573149787
53.98149037361145,1011,34.54143573149787
53.981998920440674,1011,34.54143573149787
53.98245549201965,1011,34.54143573149787
53.98290777206421,1011,34.54143573149787
53.98337364196777,1011,34.54143573149787
53.98383283615112,1011,34.54143573149787
53.98427963256836,1011,34.54143573149787
53.98472189903259,1011,34.54143573149787
53.98508071899414,1011,34.54143573149787
53.99136924743652,1010,34.54744413527737
53.99195694923401,1010,34.54744413527737
53.99246144294739,1010,34.54744413527737
53.992923974990845,1010,34.54744413527737
53.99341440200806,1010,34.54744413527737
53.993884563446045,1010,34.54744413527737
53.99442744255066,1010,34.54744413527737
53.9948992729187,1010,34.54744413527737
53.99533200263977,1010,34.54744413527737
53.99586534500122,1010,34.54744413527737
53.99785852432251,1010,34.54744413527737
53.998323917388916,1010,34.54744413527737
53.99877595901489,1010,34.54744413527737
53.99924063682556,1010,34.54744413527737
53.99970984458923,1010,34.54744413527737
54.00016689300537,1010,34.54744413527737
54.00063610076904,1010,34.54744413527737
54.00116515159607,1010,34.54744413527737
54.00162649154663,1010,34.54744413527737
54.00208830833435,1010,34.54744413527737
54.0025360584259,1010,34.54744413527737
54.00297522544861,1010,34.54744413527737
54.00345587730408,1010,34.54744413527737
54.00390267372131,1010,34.54744413527737
54.00434398651123,1010,34.54744413527737
54.004799127578735,1010,34.54744413527737
54.00532650947571,1010,34.54744413527737
54.00594472885132,1010,34.54744413527737
54.00657033920288,1010,34.54744413527737
54.0071222782135,1010,34.54744413527737
54.007564544677734,1010,34.54744413527737
54.00808644294739,1010,34.54744413527737
54.008577823638916,1010,34.54744413527737
54.009281635284424,1010,34.54744413527737
54.00987219810486,1010,34.54744413527737
54.01060771942139,1010,34.54744413527737
54.011263847351074,1010,34.54744413527737
54.01184964179993,1010,34.54744413527737
54.012531995773315,1010,34.54744413527737
54.01323056221008,1010,34.54744413527737
54.01517200469971,1009,34.55275095291922
54.01556444168091,1009,34.55275095291922
54.02108335494995,1009,34.55275095291922
54.021647453308105,1009,34.55275095291922
54.02211880683899,1009,34.55275095291922
54.0225772857666,1009,34.55275095291922
54.023030519485474,1009,34.55275095291922
54.02348351478577,1009,34.55275095291922
54.023983001708984,1009,34.55275095291922
54.02450180053711,1009,34.55275095291922
54.02498507499695,1009,34.55275095291922
54.02546691894531,1009,34.55275095291922
54.025917768478394,1009,34.55275095291922
54.02638578414917,1009,34.55275095291922
54.02687454223633,1009,34.55275095291922
54.02735781669617,1009,34.55275095291922
54.02780556678772,1009,34.55275095291922
54.02829575538635,1009,34.55275095291922
54.028767585754395,1009,34.55275095291922
54.02924633026123,1009,34.55275095291922
54.03304624557495,1007,34.55744785487991
54.0335373878479,1007,34.55744785487991
54.0340781211853,1007,34.55744785487991
54.0345675945282,1007,34.55744785487991
54.03502869606018,1007,34.55744785487991
54.03552317619324,1007,34.55744785487991
54.03605842590332,1007,34.55744785487991
54.0365571975708,1007,34.55744785487991
54.03717112541199,1007,34.55744785487991
54.03784775733948,1007,34.55744785487991
54.03858208656311,1007,34.55744785487991
54.03911328315735,1007,34.55744785487991
54.03960680961609,1007,34.55744785487991
54.04036736488342,1007,34.55744785487991
54.04098391532898,1007,34.55744785487991
54.041579484939575,1007,34.55744785487991
54.042104959487915,1007,34.55744785487991
54.04261064529419,1007,34.55744785487991
54.043192863464355,1007,34.55744785487991
54.04374289512634,1007,34.55744785487991
54.044233083724976,1007,34.55744785487991
54.0446937084198,1007,34.55744785487991
54.045165061950684,1007,34.55744785487991
54.04553532600403,1007,34.55744785487991
54.05279302597046,1006,34.561628206264615
54.05348181724548,1006,34.561628206264615
54.054176330566406,1006,34.561628206264615
54.05467629432678,1006,34.561628206264615
54.055134296417236,1006,34.561628206264615
54.055580377578735,1006,34.561628206264615
54.056065797805786,1006,34.561628206264615
54.05651545524597,1006,34.561628206264615
54.06088447570801,1006,34.561628206264615
54.06140112876892,1006,34.561628206264615
54.06188249588013,1006,34.561628206264615
54.06236290931702,1006,34.561628206264615
54.062833070755005,1006,34.561628206264615
54.06329846382141,1006,34.561628206264615
54.06376528739929,1006,34.561628206264615
54.064210414886475,1006,34.561628206264615
54.064714431762695,1006,34.561628206264615
54.06516671180725,1006,34.561628206264615
54.06560945510864,1006,34.561628206264615
54.06602954864502,1006,34.561628206264615
54.06648516654968,1006,34.561628206264615
54.06698703765869,1006,34.561628206264615
54.06750750541687,1006,34.561628206264615
54.06797528266907,1006,34.561628206264615
54.068421602249146,1006,34.561628206264615
54.068918228149414,1006,34.561628206264615
54.06964039802551,1006,34.561628206264615
54.070186376571655,1006,34.561628206264615
54.070915937423706,1006,34.561628206264615
54.07151222229004,1006,34.561628206264615
54.072081327438354,1006,34.561628206264615
54.072988510131836,1006,34.561628206264615
54.0750367641449,1006,34.56536555116375
54.07570171356201,1006,34.56536555116375
54.076396465301514,1006,34.56536555116375
54.077062129974365,1006,34.56536555116375
54.077919721603394,1006,34.56536555116375
54.07856822013855,1006,34.56536555116375
54.07908511161804,1006,34.56536555116375
54.079636096954346,1006,34.56536555116375
54.08018755912781,1006,34.56536555116375
54.08056163787842,1006,34.56536555116375
54.0890371799469,1006,34.568713967847714
54.089627265930176,1006,34.568713967847714
54.090147733688354,1006,34.568713967847714
54.090702295303345,1006,34.568713967847714
54.09123349189758,1006,34.568713967847714
54.09171676635742,1006,34.568713967847714
54.09218955039978,1006,34.568713967847714
54.09266757965088,1006,34.568713967847714
54.09312438964844,1006,34.568713967847714
54.09377360343933,1006,34.568713967847714
54.094334840774536,1006,34.568713967847714
54.095885038375854,1006,34.568713967847714
54.09643745422363,1006,34.568713967847714
54.09697151184082,1006,34.568713967847714
54.09763836860657,1006,34.568713967847714
54.09816575050354,1006,34.568713967847714
54.098626136779785,1006,34.568713967847714
54.09918236732483,1006,34.568713967847714
54.099793910980225,1006,34.568713967847714
54.1004683971405,1006,34.568713967847714
54.10174226760864,1006,34.568713967847714
54.10230231285095,1006,34.568713967847714
54.10285401344299,1006,34.568713967847714
54.1033890247345,1006,34.568713967847714
54.10388231277466,1006,34.568713967847714
54.10461974143982,1006,34.568713967847714
54.10513114929199,1006,34.568713967847714
54.10561800003052,1006,34.568713967847714
54.10607838630676,1006,34.568713967847714
54.10658073425293,1006,34.568713967847714
54.10704588890076,1006,34.568713967847714
54.107588052749634,1006,34.568713967847714
54.10813498497009,1006,34.568713967847714
54.10863995552063,1006,34.568713967847714
54.10911965370178,1006,34.568713967847714
54.10957098007202,1006,34.568713967847714
54.110032081604004,1006,34.568713967847714
54.11048913002014,1006,34.568713967847714
54.11097836494446,1006,34.568713967847714
54.11142945289612,1006,34.568713967847714
54.11188769340515,1006,34.568713967847714
54.112242221832275,1006,34.568713967847714
54.11719584465027,1006,34.568713967847714
54.117724657058716,1006,34.568713967847714
54.11816716194153,1006,34.568713967847714
54.11862134933472,1006,34.568713967847714
54.119073152542114,1006,34.568713967847714
54.12068319320679,1006,34.571716044905806
54.1211838722229,1006,34.571716044905806
54.12183499336243,1006,34.571716044905806
54.12232971191406,1006,34.571716044905806
54.12279415130615,1006,34.571716044905806
54.123263120651245,1006,34.571716044905806
54.12372279167175,1006,34.571716044905806
54.12418079376221,1006,34.571716044905806
54.12465500831604,1006,34.571716044905806
54.125163316726685,1006,34.571716044905806
54.12566328048706,1006,34.571716044905806
54.12613558769226,1006,34.571716044905806
54.126629114151,1006,34.571716044905806
54.12709712982178,1006,34.571716044905806
54.12758016586304,1006,34.571716044905806
54.12807035446167,1006,34.571716044905806
54.12864089012146,1006,34.571716044905806
54.12916016578674,1006,34.571716044905806
54.129650354385376,1006,34.571716044905806
54.13013458251953,1006,34.571716044905806
54.13063097000122,1006,34.571716044905806
54.13112664222717,1006,34.571716044905806
54.13157868385315,1006,34.571716044905806
54.13273024559021,1006,34.571716044905806
54.133474588394165,1006,34.571716044905806
54.134228467941284,1006,34.571716044905806
54.13481521606445,1006,34.571716044905806
54.13532304763794,1006,34.571716044905806
54.13587307929993,1006,34.571716044905806
54.13637733459473,1006,34.571716044905806
54.13687467575073,1006,34.571716044905806
54.13793134689331,1006,34.571716044905806
54.139660120010376,1006,34.574414219485895
54.1401948928833,1006,34.574414219485895
54.14074206352234,1006,34.574414219485895
54.14122462272644,1006,34.574414219485895
54.141610622406006,1006,34.574414219485895
54.14670944213867,1006,34.574414219485895
54.147281646728516,1006,34.574414219485895
54.14783525466919,1006,34.574414219485895
54.1483199596405,1006,34.574414219485895
54.14878463745117,1006,34.574414219485895
54.14931678771973,1006,34.574414219485895
54.15117406845093,1006,34.576848571314045
54.15172052383423,1006,34.576848571314045
54.1522650718689,1006,34.576848571314045
54.152729988098145,1006,34.576848571314045
54.153199672698975,1006,34.576848571314045
54.1536545753479,1006,34.576848571314045
54.154359579086304,1006,34.576848571314045
54.155011892318726,1006,34.576848571314045
54.155482053756714,1006,34.576848571314045
54.156084299087524,1006,34.576848571314045
54.15657901763916,1006,34.576848571314045
54.15703582763672,1006,34.576848571314045
54.157480001449585,1006,34.576848571314045
54.15796494483948,1006,34.576848571314045
54.15849757194519,1006,34.576848571314045
54.15905833244324,1006,34.576848571314045
54.15958857536316,1006,34.576848571314045
54.16005897521973,1006,34.576848571314045
54.16058683395386,1006,34.576848571314045
54.16105246543884,1006,34.576848571314045
54.16150641441345,1006,34.576848571314045
54.161957025527954,1006,34.576848571314045
54.162434816360474,1006,34.576848571314045
54.16287708282471,1006,34.576848571314045
54.16331744194031,1006,34.576848571314045
54.1637327671051,1006,34.576848571314045
54.1641845703125,1006,34.576848571314045
54.16467642784119,1006,34.576848571314045
54.16683006286621,1006,34.57903999483111
54.16744875907898,1006,34.57903999483111
54.167986154556274,1006,34.57903999483111
54.16854405403137,1006,34.57903999483111
54.169209480285645,1006,34.57903999483111
54.16976356506348,1006,34.57903999483111
54.170461893081665,1006,34.57903999483111
54.17103600502014,1006,34.57903999483111
54.1765398979187,1006,34.57903999483111
54.17710828781128,1006,34.57903999483111
54.17771553993225,1006,34.57903999483111
54.17889738082886,1006,34.57903999483111
54.17940092086792,1006,34.57903999483111
54.17989373207092,1006,34.57903999483111
54.18226170539856,1006,34.57903999483111
54.183615922927856,1006,34.57903999483111
54.184337854385376,1006,34.57903999483111
54.18503499031067,1006,34.57903999483111
54.185728311538696,1006,34.57903999483111
54.18645215034485,1006,34.57903999483111
54.18719935417175,1006,34.57903999483111
54.187902212142944,1006,34.57903999483111
54.188620805740356,1006,34.57903999483111
54.18933844566345,1006,34.57903999483111
54.19004511833191,1006,34.57903999483111
54.19196009635925,1006,34.58101747468102
54.19276523590088,1006,34.58101747468102
54.19357180595398,1006,34.58101747468102
54.194382429122925,1006,34.58101747468102
54.195117712020874,1006,34.58101747468102
54.19554877281189,1006,34.58101747468102
54.204874753952026,1006,34.58101747468102
54.596418142318726,933,34.90610721872578
54.597309827804565,933,34.90610721872578
54.59819746017456,933,34.90610721872578
54.59876465797424,933,34.90610721872578
54.599254846572876,933,34.90610721872578
54.5997428894043,933,34.90610721872578
54.6002242565155,933,34.90610721872578
54.60079503059387,933,34.90610721872578
54.60125470161438,933,34.90610721872578
54.60173487663269,933,34.90610721872578
54.60220813751221,933,34.90610721872578
54.60266375541687,933,34.90610721872578
54.603142738342285,933,34.90610721872578
54.603604555130005,933,34.90610721872578
54.604127407073975,933,34.90610721872578
54.60458159446716,933,34.90610721872578
54.605047941207886,933,34.90610721872578
54.60549259185791,933,34.90610721872578
54.6059308052063,933,34.90610721872578
54.60638737678528,933,34.90610721872578
54.73031282424927,880,35.00121056564786
54.731088161468506,880,35.00121056564786
54.73180651664734,880,35.00121056564786
54.73246693611145,880,35.00121056564786
54.73313617706299,880,35.00121056564786
54.733731508255005,880,35.00121056564786
54.734235525131226,880,35.00121056564786
54.73470640182495,880,35.00121056564786
54.73520469665527,880,35.00121056564786
54.73570227622986,880,35.00121056564786
54.73621368408203,880,35.00121056564786
54.73667597770691,880,35.00121056564786
54.73712468147278,880,35.00121056564786
54.737571716308594,880,35.00121056564786
54.73803353309631,880,35.00121056564786
54.73847413063049,880,35.00121056564786
54.73895192146301,880,35.00121056564786
54.7394654750824,880,35.00121056564786
54.73993277549744,880,35.00121056564786
54.74042105674744,880,35.00121056564786
55.11425805091858,823,35.24622898078578
55.1149582862854,823,35.24622898078578
55.11548662185669,823,35.24622898078578
55.116013288497925,823,35.24622898078578
55.11651015281677,823,35.24622898078578
55.11697554588318,823,35.24622898078578
55.11746072769165,823,35.24622898078578
55.11794972419739,823,35.24622898078578
55.11841130256653,823,35.24622898078578
55.1189239025116,823,35.24622898078578
55.11938524246216,823,35.24622898078578
55.119861364364624,823,35.24622898078578
55.120315074920654,823,35.24622898078578
55.120826721191406,823,35.24622898078578
55.12129235267639,823,35.24622898078578
55.121835708618164,823,35.24622898078578
55.12231969833374,823,35.24622898078578
55.12278127670288,823,35.24622898078578
55.1232807636261,823,35.24622898078578
55.123751640319824,823,35.24622898078578
55.28866505622864,800,35.399536427715404
55.28965878486633,800,35.399536427715404
55.2903037071228,800,35.399536427715404
55.293500900268555,800,35.399536427715404
55.29457902908325,800,35.399536427715404
55.29567813873291,800,35.399536427715404
55.29810190200806,800,35.399536427715404
55.29858374595642,800,35.399536427715404
55.29918885231018,800,35.399536427715404
55.30026125907898,800,35.399536427715404
55.30123472213745,800,35.399536427715404
55.30179023742676,800,35.399536427715404
55.30231785774231,800,35.399536427715404
55.30285692214966,800,35.399536427715404
55.30332016944885,800,35.399536427715404
55.30378794670105,800,35.399536427715404
55.304261445999146,800,35.399536427715404
55.30473732948303,800,35.399536427715404
55.30519676208496,800,35.399536427715404
55.30565309524536,800,35.399536427715404
55.53216481208801,800,35.61914899601721
55.53281545639038,800,35.61914899601721
55.533332109451294,800,35.61914899601721
55.53381133079529,800,35.61914899601721
55.53438425064087,800,35.61914899601721
55.5348482131958,800,35.61914899601721
55.53531074523926,800,35.61914899601721
55.53581619262695,800,35.61914899601721
55.53628349304199,800,35.61914899601721
55.53676128387451,800,35.61914899601721
55.53721213340759,800,35.61914899601721
55.53767228126526,800,35.61914899601721
55.53813028335571,800,35.61914899601721
55.53857398033142,800,35.61914899601721
55.53904938697815,800,35.61914899601721
55.539533376693726,800,35.61914899601721
55.54001522064209,800,35.61914899601721
55.54071855545044,800,35.61914899601721
55.54133892059326,800,35.61914899601721
55.54181623458862,800,35.61914899601721
55.767988204956055,800,35.79771424357856
55.76866316795349,800,35.79771424357856
55.769559383392334,800,35.79771424357856
55.77022051811218,800,35.79771424357856
55.77079701423645,800,35.79771424357856
55.7715859413147,800,35.79771424357856
55.77228665351868,800,35.79771424357856
55.772844076156616,800,35.79771424357856
55.77337312698364,800,35.79771424357856
55.77387237548828,800,35.79771424357856
55.774327516555786,800,35.79771424357856
55.774776220321655,800,35.79771424357856
55.77523970603943,800,35.79771424357856
55.77571487426758,800,35.79771424357856
55.77618384361267,800,35.79771424357856
55.776633739471436,800,35.79771424357856
55.77708601951599,800,35.79771424357856
55.77767372131348,800,35.79771424357856
55.77814078330994,800,35.79771424357856
55.77864408493042,800,35.79771424357856
56.109965562820435,800,36.03827453285156
56.110615968704224,800,36.03827453285156
56.1111319065094,800,36.03827453285156
56.111584424972534,800,36.03827453285156
56.112037658691406,800,36.03827453285156
56.11248850822449,800,36.03827453285156
56.11293315887451,800,36.03827453285156
56.113375663757324,800,36.03827453285156
56.113834857940674,800,36.03827453285156
56.114277601242065,800,36.03827453285156
56.11473488807678,800,36.03827453285156
56.11525106430054,800,36.03827453285156
56.11571216583252,800,36.03827453285156
56.116212606430054,800,36.03827453285156
56.11700654029846,800,36.03827453285156
56.11763882637024,800,36.03827453285156
56.1182279586792,800,36.03827453285156
56.118719816207886,800,36.03827453285156
56.1192193031311,800,36.03827453285156
56.119739294052124,800,36.03827453285156
56.30534863471985,800,36.149114666453826
56.30599069595337,800,36.149114666453826
56.30664658546448,800,36.149114666453826
56.307154417037964,800,36.149114666453826
56.30771279335022,800,36.149114666453826
56.308318853378296,800,36.149114666453826
56.30900454521179,800,36.149114666453826
56.309508323669434,800,36.149114666453826
56.30996799468994,800,36.149114666453826
56.31042456626892,800,36.149114666453826
56.31094002723694,800,36.149114666453826
56.311497926712036,800,36.149114666453826
56.31207895278931,800,36.149114666453826
56.31259775161743,800,36.149114666453826
56.31316423416138,800,36.149114666453826
56.31376361846924,800,36.149114666453826
56.314266204833984,800,36.149114666453826
56.31482648849487,800,36.149114666453826
56.31529664993286,800,36.149114666453826
56.31594133377075,800,36.149114666453826
56.41927719116211,798,36.20048171060077
56.41993021965027,798,36.20048171060077
56.42040729522705,798,36.20048171060077
56.42095136642456,798,36.20048171060077
56.42144751548767,798,36.20048171060077
56.42191743850708,798,36.20048171060077
56.42236685752869,798,36.20048171060077
56.422810792922974,798,36.20048171060077
56.423290491104126,798,36.20048171060077
56.423742055892944,798,36.20048171060077
56.42418646812439,798,36.20048171060077
56.424628019332886,798,36.20048171060077
56.425073862075806,798,36.20048171060077
56.42551827430725,798,36.20048171060077
56.42593574523926,798,36.20048171060077
56.426352977752686,798,36.20048171060077
56.426764488220215,798,36.20048171060077
56.42726278305054,798,36.20048171060077
56.427720069885254,798,36.20048171060077
56.42816519737244,798,36.20048171060077
56.57248091697693,793,36.283757702327485
56.57310605049133,793,36.283757702327485
56.5736129283905,793,36.283757702327485
56.5740966796875,793,36.283757702327485
56.57456421852112,793,36.283757702327485
56.57505226135254,793,36.283757702327485
56.57548451423645,793,36.283757702327485
56.57594299316406,793,36.283757702327485
56.57640624046326,793,36.283757702327485
56.57685303688049,793,36.283757702327485
56.577295780181885,793,36.283757702327485
56.57771587371826,793,36.283757702327485
56.57818031311035,793,36.283757702327485
56.57862639427185,793,36.283757702327485
56.57908844947815,793,36.283757702327485
56.57955288887024,793,36.283757702327485
56.57999897003174,793,36.283757702327485
56.58045792579651,793,36.283757702327485
56.5809383392334,793,36.283757702327485
56.58139252662659,793,36.283757702327485
56.97249364852905,776,36.546198238153735
56.97316002845764,776,36.546198238153735
56.97371029853821,776,36.546198238153735
56.9742329120636,776,36.546198238153735
56.97471475601196,776,36.546198238153735
56.97517156600952,776,36.546198238153735
56.9755973815918,776,36.546198238153735
56.97603964805603,776,36.546198238153735
56.97648620605469,776,36.546198238153735
56.97692632675171,776,36.546198238153735
56.97736644744873,776,36.546198238153735
56.977808237075806,776,36.546198238153735
56.978269815444946,776,36.546198238153735
56.97872281074524,776,36.546198238153735
56.979182958602905,776,36.546198238153735
56.97964906692505,776,36.546198238153735
56.98028206825256,776,36.546198238153735
56.981008529663086,776,36.546198238153735
56.981756925582886,776,36.546198238153735
56.982401847839355,776,36.546198238153735
57.519184589385986,721,36.907829501017176
57.52006959915161,721,36.907829501017176
57.52089333534241,721,36.907829501017176
57.521615743637085,721,36.907829501017176
57.52214074134827,721,36.907829501017176
57.522637128829956,721,36.907829501017176
57.523149490356445,721,36.907829501017176
57.52359342575073,721,36.907829501017176
57.524046659469604,721,36.907829501017176
57.52452254295349,721,36.907829501017176
57.525256872177124,721,36.907829501017176
57.52575159072876,721,36.907829501017176
57.526249170303345,721,36.907829501017176
57.52678084373474,721,36.907829501017176
57.52728581428528,721,36.907829501017176
57.52778363227844,721,36.907829501017176
57.52828526496887,721,36.907829501017176
57.528799057006836,721,36.907829501017176
57.52957630157471,721,36.907829501017176
57.5301411151886,721,36.907829501017176
58.16956305503845,721,37.245942939388655
58.479588985443115,721,37.41760637359445
58.48023438453674,721,37.41760637359445
58.48071265220642,721,37.41760637359445
58.48121786117554,721,37.41760637359445
58.48170518875122,721,37.41760637359445
58.48218774795532,721,37.41760637359445
58.48270130157471,721,37.41760637359445
58.48317337036133,721,37.41760637359445
58.48364281654358,721,37.41760637359445
58.4840943813324,721,37.41760637359445
58.484551668167114,721,37.41760637359445
58.48516893386841,721,37.41760637359445
58.48581552505493,721,37.41760637359445
58.48636770248413,721,37.41760637359445
58.48690128326416,721,37.41760637359445
58.48740029335022,721,37.41760637359445
58.48816227912903,721,37.41760637359445
58.48866128921509,721,37.41760637359445
58.48923945426941,721,37.41760637359445
58.48977613449097,721,37.41760637359445
58.79919075965881,721,37.57625124527579
58.79983162879944,721,37.57625124527579
58.80037593841553,721,37.57625124527579
58.801034927368164,721,37.57625124527579
58.80169367790222,721,37.57625124527579
58.802189350128174,721,37.57625124527579
58.80264496803284,721,37.57625124527579
58.80310869216919,721,37.57625124527579
58.803561210632324,721,37.57625124527579
58.8040132522583,721,37.57625124527579
58.80464029312134,721,37.57625124527579
58.80538082122803,721,37.57625124527579
58.80606460571289,721,37.57625124527579
58.80673551559448,721,37.57625124527579
58.807453632354736,721,37.57625124527579
58.80809569358826,721,37.57625124527579
58.809128761291504,721,37.57625124527579
58.809643507003784,721,37.57625124527579
58.8102445602417,721,37.57625124527579
58.81080746650696,721,37.57625124527579
59.09900403022766,721,37.80430032307157
59.10020303726196,721,37.80430032307157
59.10101366043091,721,37.80430032307157
59.101590633392334,721,37.80430032307157
59.10220122337341,721,37.80430032307157
59.10274577140808,721,37.80430032307157
59.10321760177612,721,37.80430032307157
59.103667974472046,721,37.80430032307157
59.10412859916687,721,37.80430032307157
59.10459303855896,721,37.80430032307157
59.10505747795105,721,37.80430032307157
59.10549831390381,721,37.80430032307157
59.10594129562378,721,37.80430032307157
59.10638475418091,721,37.80430032307157
59.10688281059265,721,37.80430032307157
59.107330083847046,721,37.80430032307157
59.107789039611816,721,37.80430032307157
59.10827445983887,721,37.80430032307157
59.108741998672485,721,37.80430032307157
59.1092095375061,721,37.80430032307157
59.253397703170776,721,37.9147876316725
59.25413656234741,721,37.9147876316725
59.25492334365845,721,37.9147876316725
59.25568675994873,721,37.9147876316725
59.25620889663696,721,37.9147876316725
59.25679421424866,721,37.9147876316725
59.25727319717407,721,37.9147876316725
59.25779628753662,721,37.9147876316725
59.258251428604126,721,37.9147876316725
59.258700370788574,721,37.9147876316725
59.259193897247314,721,37.9147876316725
59.25992441177368,721,37.9147876316725
59.26048421859741,721,37.9147876316725
59.26121163368225,721,37.9147876316725
59.26191329956055,721,37.9147876316725
59.26269054412842,721,37.9147876316725
59.26328802108765,721,37.9147876316725
59.263755559921265,721,37.9147876316725
59.26420998573303,721,37.9147876316725
59.264699935913086,721,37.9147876316725
59.65559530258179,721,38.18565400794081
59.65624690055847,721,38.18565400794081
59.65673470497131,721,38.18565400794081
59.65722131729126,721,38.18565400794081
59.65767574310303,721,38.18565400794081
59.65812659263611,721,38.18565400794081
59.65860390663147,721,38.18565400794081
59.65908622741699,721,38.18565400794081
59.659590005874634,721,38.18565400794081
59.66011571884155,721,38.18565400794081
59.66076040267944,721,38.18565400794081
59.66132307052612,721,38.18565400794081
59.661805152893066,721,38.18565400794081
59.66226887702942,721,38.18565400794081
59.66287279129028,721,38.18565400794081
59.6634624004364,721,38.18565400794081
59.66394853591919,721,38.18565400794081
59.664419412612915,721,38.18565400794081
59.66488981246948,721,38.18565400794081
59.665441274642944,721,38.18565400794081
59.66582536697388,721,38.18565400794081
59.67281198501587,721,38.18565400794081
60.6622040271759,695,38.88227339935584
60.662967681884766,695,38.88227339935584
60.66359233856201,695,38.88227339935584
60.664191007614136,695,38.88227339935584
60.66482853889465,695,38.88227339935584
60.665414810180664,695,38.88227339935584
60.66602349281311,695,38.88227339935584
60.666502952575684,695,38.88227339935584
60.66714286804199,695,38.88227339935584
60.66765332221985,695,38.88227339935584
60.66826891899109,695,38.88227339935584
60.66886591911316,695,38.88227339935584
60.66932940483093,695,38.88227339935584
60.66980457305908,695,38.88227339935584
60.67029356956482,695,38.88227339935584
60.67099928855896,695,38.88227339935584
60.671472787857056,695,38.88227339935584
60.67194938659668,695,38.88227339935584
60.67241096496582,695,38.88227339935584
60.672881841659546,695,38.88227339935584
60.67333984375,695,38.88227339935584
60.67379951477051,695,38.88227339935584
60.67426943778992,695,38.88227339935584
60.67483186721802,695,38.88227339935584
60.67533278465271,695,38.88227339935584
60.675792932510376,695,38.88227339935584
60.676260471343994,695,38.88227339935584
60.67672300338745,695,38.88227339935584
60.67716836929321,695,38.88227339935584
60.677610635757446,695,38.88227339935584
60.67805194854736,695,38.88227339935584
60.67850995063782,695,38.88227339935584
60.678954124450684,695,38.88227339935584
60.67939615249634,695,38.88227339935584
60.67997908592224,695,38.88227339935584
60.68056297302246,695,38.88227339935584
60.681063652038574,695,38.88227339935584
60.681544065475464,695,38.88227339935584
60.682055711746216,695,38.88227339935584
60.682504653930664,695,38.88227339935584
60.82673215866089,689,39.00784668240576
60.82738733291626,689,39.00784668240576
60.82789754867554,689,39.00784668240576
60.82849979400635,689,39.00784668240576
60.828994274139404,689,39.00784668240576
60.82946062088013,689,39.00784668240576
60.82989740371704,689,39.00784668240576
60.830384492874146,689,39.00784668240576
60.830904722213745,689,39.00784668240576
60.83143138885498,689,39.00784668240576
60.83188581466675,689,39.00784668240576
60.83241629600525,689,39.00784668240576
60.83294749259949,689,39.00784668240576
60.83342790603638,689,39.00784668240576
60.83393144607544,689,39.00784668240576
60.834611654281616,689,39.00784668240576
60.835129499435425,689,39.00784668240576
60.835612058639526,689,39.00784668240576
60.83611822128296,689,39.00784668240576
60.83660387992859,689,39.00784668240576
61.04282593727112,683,39.149634514496405
61.043447732925415,683,39.149634514496405
61.04393768310547,683,39.149634514496405
61.04439115524292,683,39.149634514496405
61.04488229751587,683,39.149634514496405
61.045493841171265,683,39.149634514496405
61.04597806930542,683,39.149634514496405
61.046481132507324,683,39.149634514496405
61.04708790779114,683,39.149634514496405
61.04762530326843,683,39.149634514496405
61.04825520515442,683,39.149634514496405
61.04896330833435,683,39.149634514496405
61.049596309661865,683,39.149634514496405
61.0500431060791,683,39.149634514496405
61.050793409347534,683,39.149634514496405
61.05131816864014,683,39.149634514496405
61.05195713043213,683,39.149634514496405
61.05244779586792,683,39.149634514496405
61.052921533584595,683,39.149634514496405
61.053366899490356,683,39.149634514496405
61.1770384311676,680,39.21733154201201
61.17767572402954,680,39.21733154201201
61.178224325180054,680,39.21733154201201
61.17869472503662,680,39.21733154201201
61.179174184799194,680,39.21733154201201
61.17962670326233,680,39.21733154201201
61.18023443222046,680,39.21733154201201
61.180819272994995,680,39.21733154201201
61.18146204948425,680,39.21733154201201
61.182037115097046,680,39.21733154201201
61.18249583244324,680,39.21733154201201
61.18294286727905,680,39.21733154201201
61.183430433273315,680,39.21733154201201
61.183884143829346,680,39.21733154201201
61.184348344802856,680,39.21733154201201
61.18481779098511,680,39.21733154201201
61.185266971588135,680,39.21733154201201
61.185717821121216,680,39.21733154201201
61.186177253723145,680,39.21733154201201
61.18661451339722,680,39.21733154201201
61.47603464126587,659,39.44736491466104
61.47664976119995,659,39.44736491466104
61.477129220962524,659,39.44736491466104
61.47759699821472,659,39.44736491466104
61.47810411453247,659,39.44736491466104
61.47855758666992,659,39.44736491466104
61.47900390625,659,39.44736491466104
61.47945427894592,659,39.44736491466104
61.47991347312927,659,39.44736491466104
61.480379581451416,659,39.44736491466104
61.48093891143799,659,39.44736491466104
61.481396436691284,659,39.44736491466104
61.48198676109314,659,39.44736491466104
61.48267650604248,659,39.44736491466104
61.48319888114929,659,39.44736491466104
61.48367166519165,659,39.44736491466104
61.48415231704712,659,39.44736491466104
61.48461198806763,659,39.44736491466104
61.485055685043335,659,39.44736491466104
61.485498905181885,659,39.44736491466104
61.67123818397522,659,39.566245661577405
61.67192268371582,659,39.566245661577405
61.67242646217346,659,39.566245661577405
61.67291259765625,659,39.566245661577405
61.673370599746704,659,39.566245661577405
61.67381572723389,659,39.566245661577405
61.67426252365112,659,39.566245661577405
61.67470335960388,659,39.566245661577405
61.675158739089966,659,39.566245661577405
61.67559218406677,659,39.566245661577405
61.67603921890259,659,39.566245661577405
61.676482915878296,659,39.566245661577405
61.67695760726929,659,39.566245661577405
61.67738103866577,659,39.566245661577405
61.67783999443054,659,39.566245661577405
61.67827916145325,659,39.566245661577405
61.67869567871094,659,39.566245661577405
61.6791296005249,659,39.566245661577405
61.67958331108093,659,39.566245661577405
61.68002724647522,659,39.566245661577405
62.00907301902771,659,39.72586168856999
62.00978398323059,659,39.72586168856999
62.01043963432312,659,39.72586168856999
62.01107740402222,659,39.72586168856999
62.011561155319214,659,39.72586168856999
62.01208829879761,659,39.72586168856999
62.012611627578735,659,39.72586168856999
62.0131151676178,659,39.72586168856999
62.013604164123535,659,39.72586168856999
62.01419472694397,659,39.72586168856999
62.0146803855896,659,39.72586168856999
62.01523184776306,659,39.72586168856999
62.01582074165344,659,39.72586168856999
62.016462326049805,659,39.72586168856999
62.01718306541443,659,39.72586168856999
62.017818212509155,659,39.72586168856999
62.018452405929565,659,39.72586168856999
62.01904058456421,659,39.72586168856999
62.019516468048096,659,39.72586168856999
62.01996922492981,659,39.72586168856999
62.020344734191895,659,39.72586168856999
62.025001764297485,659,39.72586168856999
62.39575529098511,641,39.945514784470475
62.3964581489563,641,39.945514784470475
62.397178411483765,641,39.945514784470475
62.39781355857849,641,39.945514784470475
62.39845061302185,641,39.945514784470475
62.39893078804016,641,39.945514784470475
62.39959740638733,641,39.945514784470475
62.40011239051819,641,39.945514784470475
62.40058970451355,641,39.945514784470475
62.401097774505615,641,39.945514784470475
62.40158700942993,641,39.945514784470475
62.40208196640015,641,39.945514784470475
62.40255308151245,641,39.945514784470475
62.40304350852966,641,39.945514784470475
62.40352654457092,641,39.945514784470475
62.40401577949524,641,39.945514784470475
62.40448832511902,641,39.945514784470475
62.40496468544006,641,39.945514784470475
62.405441761016846,641,39.945514784470475
62.40594816207886,641,39.945514784470475
62.40632367134094,641,39.945514784470475
62.411805629730225,641,39.945514784470475
62.41233801841736,641,39.945514784470475
62.41282248497009,641,39.945514784470475
62.416707277297974,641,39.96300295532138
62.417205810546875,641,39.96300295532138
62.417678117752075,641,39.96300295532138
62.418153524398804,641,39.96300295532138
62.418620347976685,641,39.96300295532138
62.41911721229553,641,39.96300295532138
62.41956973075867,641,39.96300295532138
62.42003846168518,641,39.96300295532138
62.42050504684448,641,39.96300295532138
62.421021938323975,641,39.96300295532138
62.42176818847656,641,39.96300295532138
62.42253661155701,641,39.96300295532138
62.423086404800415,641,39.96300295532138
62.42356538772583,641,39.96300295532138
62.424049615859985,641,39.96300295532138
62.42471718788147,641,39.96300295532138
62.425209522247314,641,39.96300295532138
62.42564606666565,641,39.96300295532138
62.4260036945343,641,39.96300295532138
62.431013107299805,641,39.96300295532138
62.431618452072144,641,39.96300295532138
62.43210697174072,641,39.96300295532138
62.43256735801697,641,39.96300295532138
62.433022260665894,641,39.96300295532138
62.43360209465027,641,39.96300295532138
62.43411898612976,641,39.96300295532138
62.43460392951965,641,39.96300295532138
62.43515205383301,641,39.96300295532138
62.43563628196716,641,39.96300295532138
62.436124324798584,641,39.96300295532138
62.43655776977539,641,39.96300295532138
62.43702530860901,641,39.96300295532138
62.43755054473877,641,39.96300295532138
62.438066720962524,641,39.96300295532138
62.438655376434326,641,39.96300295532138
62.43929481506348,641,39.96300295532138
62.43995475769043,641,39.96300295532138
62.44058847427368,641,39.96300295532138
62.441195249557495,641,39.96300295532138
62.44167971611023,641,39.96300295532138
62.44208884239197,641,39.96300295532138
62.44779849052429,641,39.96300295532138
62.44843125343323,641,39.96300295532138
62.448949098587036,641,39.96300295532138
62.44952630996704,641,39.96300295532138
62.450058698654175,641,39.96300295532138
62.45059776306152,641,39.96300295532138
62.451273918151855,641,39.96300295532138
62.451940298080444,641,39.96300295532138
62.452414751052856,641,39.96300295532138
62.45373606681824,641,39.96300295532138
62.454405307769775,641,39.96300295532138
62.45510268211365,641,39.96300295532138
62.45567536354065,641,39.96300295532138
62.456172466278076,641,39.96300295532138
62.45664024353027,641,39.96300295532138
62.45712852478027,641,39.96300295532138
62.457600355148315,641,39.96300295532138
62.45817446708679,641,39.96300295532138
62.459349155426025,641,39.96300295532138
62.45985221862793,641,39.96300295532138
62.46035647392273,641,39.96300295532138
62.46083164215088,641,39.96300295532138
62.46871733665466,641,39.983512470101
62.469303131103516,641,39.983512470101
62.46978735923767,641,39.983512470101
62.470266819000244,641,39.983512470101
62.47074818611145,641,39.983512470101
62.471211671829224,641,39.983512470101
62.47169899940491,641,39.983512470101
62.472182273864746,641,39.983512470101
62.47266435623169,641,39.983512470101
62.47311544418335,641,39.983512470101
62.473631143569946,641,39.983512470101
62.474124908447266,641,39.983512470101
62.474581718444824,641,39.983512470101
62.475027561187744,641,39.983512470101
62.475491762161255,641,39.983512470101
62.47593855857849,641,39.983512470101
62.476381063461304,641,39.983512470101
62.4779531955719,641,39.983512470101
62.47848463058472,641,39.983512470101
62.4790198802948,641,39.983512470101
62.47949028015137,641,39.983512470101
62.47986626625061,641,39.983512470101
62.48681402206421,641,39.983512470101
62.4876070022583,641,39.983512470101
62.488263845443726,641,39.983512470101
62.48892593383789,641,39.983512470101
62.489500284194946,641,39.983512470101
62.49003481864929,641,39.983512470101
62.49075984954834,641,39.983512470101
62.49141836166382,641,39.983512470101
62.49206209182739,641,39.983512470101
62.49270534515381,641,39.983512470101
62.49341154098511,641,39.983512470101
62.49395251274109,641,39.983512470101
62.49442195892334,641,39.983512470101
62.496063470840454,641,39.98909470827913
62.49653434753418,641,39.98909470827913
62.497081995010376,641,39.98909470827913
62.497565031051636,641,39.98909470827913
62.498027324676514,641,39.98909470827913
62.49853205680847,641,39.98909470827913
62.498995304107666,641,39.98909470827913
62.49946641921997,641,39.98909470827913
62.499831676483154,641,39.98909470827913
62.50468683242798,641,39.98909470827913
62.50524854660034,641,39.98909470827913
62.50576448440552,641,39.98909470827913
62.50630307197571,641,39.98909470827913
62.506797790527344,641,39.98909470827913
62.50726556777954,641,39.98909470827913
62.50771689414978,641,39.98909470827913
62.50818395614624,641,39.98909470827913
62.508652210235596,641,39.98909470827913
62.50914931297302,641,39.98909470827913
62.509629011154175,641,39.98909470827913
62.510127782821655,641,39.98909470827913
62.51084351539612,641,39.98909470827913
62.5123827457428,641,39.99415332267512
62.51288390159607,641,39.99415332267512
62.51334881782532,641,39.99415332267512
62.51382088661194,641,39.99415332267512
62.51432418823242,641,39.99415332267512
62.51477670669556,641,39.99415332267512
62.51528358459473,641,39.99415332267512
62.51590943336487,641,39.99415332267512
62.51629614830017,641,39.99415332267512
62.52231025695801,641,39.99415332267512
62.52294993400574,641,39.99415332267512
62.523433685302734,641,39.99415332267512
62.52397179603577,641,39.99415332267512
62.52456831932068,641,39.99415332267512
62.525065660476685,641,39.99415332267512
62.525588274002075,641,39.99415332267512
62.52605628967285,641,39.99415332267512
62.52648329734802,641,39.99415332267512
62.52691125869751,641,39.99415332267512
62.52884817123413,641,39.99872551461337
62.52939176559448,641,39.99872551461337
62.529887199401855,641,39.99872551461337
62.53038144111633,641,39.99872551461337
62.530874490737915,641,39.99872551461337
62.531365156173706,641,39.99872551461337
62.53183722496033,641,39.99872551461337
62.53230357170105,641,39.99872551461337
62.532777547836304,641,39.99872551461337
62.5332465171814,641,39.99872551461337
62.533695459365845,641,39.99872551461337
62.53405404090881,641,39.99872551461337
62.538557052612305,641,39.99872551461337
62.53906846046448,641,39.99872551461337
62.53953170776367,641,39.99872551461337
62.54005146026611,641,39.99872551461337
62.54052424430847,641,39.99872551461337
62.540990591049194,641,39.99872551461337
62.54145956039429,641,39.99872551461337
62.54192280769348,641,39.99872551461337
62.54237914085388,641,39.99872551461337
62.54281949996948,641,39.99872551461337
62.5432550907135,641,39.99872551461337
62.54370403289795,641,39.99872551461337
62.54427099227905,641,39.99872551461337
62.54583740234375,641,40.00286611516257
62.54629158973694,641,40.00286611516257
62.546762228012085,641,40.00286611516257
62.54721808433533,641,40.00286611516257
62.54770374298096,641,40.00286611516257
62.54816031455994,641,40.00286611516257
62.5486581325531,641,40.00286611516257
62.54930067062378,641,40.00286611516257
62.549790382385254,641,40.00286611516257
62.555288314819336,641,40.00286611516257
62.55596590042114,641,40.00286611516257
62.55664253234863,641,40.00286611516257
62.55726599693298,641,40.00286611516257
62.55771994590759,641,40.00286611516257
62.559386253356934,641,40.00286611516257
62.559863328933716,641,40.00286611516257
62.56034564971924,641,40.00286611516257
62.5608172416687,641,40.00286611516257
62.561277866363525,641,40.00286611516257
62.561737060546875,641,40.00286611516257
62.56217813491821,641,40.00286611516257
62.56261944770813,641,40.00286611516257
62.56305122375488,641,40.00286611516257
62.56348943710327,641,40.00286611516257
62.56393337249756,641,40.00286611516257
62.564388036727905,641,40.00286611516257
62.564844369888306,641,40.00286611516257
62.56530809402466,641,40.00286611516257
62.565874338150024,641,40.00286611516257
62.56638216972351,641,40.00286611516257
62.56677460670471,641,40.00286611516257
62.57132029533386,641,40.00286611516257
62.571852684020996,641,40.00286611516257
62.572317123413086,641,40.00286611516257
62.572771072387695,641,40.00286611516257
62.5732216835022,641,40.00286611516257
62.57368350028992,641,40.00286611516257
62.574129819869995,641,40.00286611516257
62.574573278427124,641,40.00286611516257
62.57501530647278,641,40.00286611516257
62.575485944747925,641,40.00286611516257
62.575963497161865,641,40.00286611516257
62.57658576965332,641,40.00286611516257
62.57730174064636,641,40.00286611516257
62.57799983024597,641,40.00286611516257
62.5798716545105,641,40.00661353729149
62.58039164543152,641,40.00661353729149
62.58102869987488,641,40.00661353729149
62.58177876472473,641,40.00661353729149
62.58240365982056,641,40.00661353729149
62.582905292510986,641,40.00661353729149
62.583518981933594,641,40.00661353729149
62.58417248725891,641,40.00661353729149
62.58902311325073,641,40.00661353729149
62.589547872543335,641,40.00661353729149
62.58998131752014,641,40.00661353729149
62.59047722816467,641,40.00661353729149
62.59096646308899,641,40.00661353729149
62.591413736343384,641,40.00661353729149
62.591877698898315,641,40.00661353729149
62.59233379364014,641,40.00661353729149
62.592779874801636,641,40.00661353729149
62.59321570396423,641,40.00661353729149
62.594868183135986,641,40.01000782064426
62.59536862373352,641,40.01000782064426
62.59584140777588,641,40.01000782064426
62.596309423446655,641,40.01000782064426
62.5967915058136,641,40.01000782064426
62.59745001792908,641,40.01000782064426
62.59805464744568,641,40.01000782064426
62.598750591278076,641,40.01000782064426
62.5993914604187,641,40.01000782064426
62.60000443458557,641,40.01000782064426
62.60074257850647,641,40.01000782064426
62.60119676589966,641,40.01000782064426
62.60617184638977,641,40.01000782064426
62.60673189163208,641,40.01000782064426
62.60719561576843,641,40.01000782064426
62.607656955718994,641,40.01000782064426
62.60810971260071,641,40.01000782064426
62.60859251022339,641,40.01000782064426
62.60907959938049,641,40.01000782064426
62.609548568725586,641,40.01000782064426
62.6111273765564,641,40.01307661169434
62.61160063743591,641,40.01307661169434
62.61205458641052,641,40.01307661169434
62.61276578903198,641,40.01307661169434
62.61337494850159,641,40.01307661169434
62.61397957801819,641,40.01307661169434
62.61464858055115,641,40.01307661169434
62.615323066711426,641,40.01307661169434
62.61597275733948,641,40.01307661169434
62.616607666015625,641,40.01307661169434
62.61715030670166,641,40.01307661169434
62.617637634277344,641,40.01307661169434
62.61807656288147,641,40.01307661169434
62.618584394454956,641,40.01307661169434
62.62468504905701,641,40.01307661169434
62.625232219696045,641,40.01307661169434
62.625715494155884,641,40.01307661169434
62.626176595687866,641,40.01307661169434
62.62663125991821,641,40.01307661169434
62.62708759307861,641,40.01307661169434
62.62753343582153,641,40.01307661169434
62.62808418273926,641,40.01307661169434
62.628599643707275,641,40.01307661169434
62.62907147407532,641,40.01307661169434
62.62950015068054,641,40.01307661169434
62.62994456291199,641,40.01307661169434
62.63041019439697,641,40.01307661169434
62.6309175491333,641,40.01307661169434
62.631380558013916,641,40.01307661169434
62.631876707077026,641,40.01307661169434
62.63232755661011,641,40.01307661169434
62.632773876190186,641,40.01307661169434
62.633225202560425,641,40.01307661169434
62.63371229171753,641,40.01585778854746
62.63529419898987,641,40.01585778854746
62.63568186759949,641,40.01585778854746
62.64024639129639,641,40.01585778854746
62.64081573486328,641,40.01585778854746
62.64130616188049,641,40.01585778854746
62.64176344871521,641,40.01585778854746
62.64220857620239,641,40.01585778854746
62.642669916152954,641,40.01585778854746
62.64308977127075,641,40.01585778854746
62.643537759780884,641,40.01585778854746
62.644028186798096,641,40.01585778854746
62.64482283592224,641,40.01585778854746
62.645302534103394,641,40.01585778854746
62.645962953567505,641,40.01585778854746
62.64680480957031,641,40.01585778854746
62.64748692512512,641,40.01585778854746
62.64824199676514,641,40.01585778854746
62.648908853530884,641,40.01585778854746
62.64957332611084,641,40.01585778854746
62.65026068687439,641,40.01585778854746
62.65093421936035,641,40.01585778854746
62.651418685913086,641,40.01585778854746
62.65191888809204,641,40.01585778854746
62.65231680870056,641,40.01585778854746
62.65908694267273,641,40.01836839270445
62.659650802612305,641,40.01836839270445
62.66016626358032,641,40.01836839270445
62.660621643066406,641,40.01836839270445
62.661121129989624,641,40.01836839270445
62.66167068481445,641,40.01836839270445
62.66217613220215,641,40.01836839270445
62.66263961791992,641,40.01836839270445
62.663103342056274,641,40.01836839270445
62.663580656051636,641,40.01836839270445
62.664037466049194,641,40.01836839270445
62.66448903083801,641,40.01836839270445
62.664933919906616,641,40.01836839270445
62.665396213531494,641,40.01836839270445
62.66596341133118,641,40.01836839270445
62.66652727127075,641,40.01836839270445
62.66726469993591,641,40.01836839270445
62.667945861816406,641,40.01836839270445
62.67008185386658,641,40.01836839270445
62.67083287239075,641,40.01836839270445
62.67276382446289,641,40.020642953913445
62.67316198348999,641,40.020642953913445
62.67779183387756,641,40.020642953913445
62.67832851409912,641,40.020642953913445
62.67880845069885,641,40.020642953913445
62.67927598953247,641,40.020642953913445
62.67994570732117,641,40.020642953913445
62.68055725097656,641,40.020642953913445
62.68135976791382,641,40.020642953913445
62.68212842941284,641,40.020642953913445
62.682657957077026,641,40.020642953913445
62.68313241004944,641,40.020642953913445
62.683796882629395,641,40.020642953913445
62.684327363967896,641,40.020642953913445
62.68482494354248,641,40.020642953913445
62.68544888496399,641,40.020642953913445
62.6862587928772,641,40.020642953913445
62.68693923950195,641,40.020642953913445
62.68742537498474,641,40.020642953913445
62.689117670059204,641,40.022703335871356
62.69082570075989,641,40.022703335871356
62.69133424758911,641,40.022703335871356
62.69182062149048,641,40.022703335871356
62.69218921661377,641,40.022703335871356
62.696709871292114,641,40.022703335871356
62.69724178314209,641,40.022703335871356
62.697725772857666,641,40.022703335871356
62.69819951057434,641,40.022703335871356
62.69869327545166,641,40.022703335871356
62.70011067390442,641,40.022703335871356
62.70059275627136,641,40.022703335871356
62.70109152793884,641,40.022703335871356
62.70156764984131,641,40.022703335871356
62.7020468711853,641,40.022703335871356
62.702512979507446,641,40.022703335871356
62.702962160110474,641,40.022703335871356
62.7034215927124,641,40.022703335871356
62.70387029647827,641,40.022703335871356
62.704331159591675,641,40.022703335871356
62.70477795600891,641,40.022703335871356
62.705220222473145,641,40.022703335871356
62.7056770324707,641,40.022703335871356
62.70609760284424,641,40.022703335871356
62.70661783218384,641,40.022703335871356
62.70715856552124,641,40.022703335871356
62.70756769180298,641,40.022703335871356
62.71597743034363,641,40.024573209278316
62.71657085418701,641,40.024573209278316
62.71708154678345,641,40.024573209278316
62.71768617630005,641,40.024573209278316
62.71830892562866,641,40.024573209278316
62.71882510185242,641,40.024573209278316
62.719318151474,641,40.024573209278316
62.71979236602783,641,40.024573209278316
62.72024869918823,641,40.024573209278316
62.720749855041504,641,40.024573209278316
62.721200942993164,641,40.024573209278316
62.72162318229675,641,40.024573209278316
62.7220618724823,641,40.024573209278316
62.72252440452576,641,40.024573209278316
62.72296667098999,641,40.024573209278316
62.72340536117554,641,40.024573209278316
62.72381615638733,641,40.024573209278316
62.72424006462097,641,40.024573209278316
62.72575092315674,641,40.026260268435124
62.72703576087952,641,40.026260268435124
62.73455762863159,641,40.026260268435124
63.002094984054565,629,40.260768504798286
63.00281643867493,629,40.260768504798286
63.00344944000244,629,40.260768504798286
63.00398635864258,629,40.260768504798286
63.00446343421936,629,40.260768504798286
63.00491428375244,629,40.260768504798286
63.005359172821045,629,40.260768504798286
63.0058228969574,629,40.260768504798286
63.00624918937683,629,40.260768504798286
63.00669193267822,629,40.260768504798286
63.007155418395996,629,40.260768504798286
63.00759935379028,629,40.260768504798286
63.008206367492676,629,40.260768504798286
63.00876998901367,629,40.260768504798286
63.009318590164185,629,40.260768504798286
63.00978136062622,629,40.260768504798286
63.01030135154724,629,40.260768504798286
63.01078534126282,629,40.260768504798286
63.01124167442322,629,40.260768504798286
63.0118043422699,629,40.260768504798286
63.094807624816895,629,40.323972978082644
63.09548807144165,629,40.323972978082644
63.0959951877594,629,40.323972978082644
63.096484899520874,629,40.323972978082644
63.09693503379822,629,40.323972978082644
63.097437143325806,629,40.323972978082644
63.09799408912659,629,40.323972978082644
63.09857964515686,629,40.323972978082644
63.09918808937073,629,40.323972978082644
63.0997748374939,629,40.323972978082644
63.10057735443115,629,40.323972978082644
63.10105609893799,629,40.323972978082644
63.101632595062256,629,40.323972978082644
63.102160692214966,629,40.323972978082644
63.102763414382935,629,40.323972978082644
63.103267431259155,629,40.323972978082644
63.10369682312012,629,40.323972978082644
63.104148864746094,629,40.323972978082644
63.104604721069336,629,40.323972978082644
63.10504508018494,629,40.323972978082644
63.187559843063354,629,40.38735480986127
63.188268423080444,629,40.38735480986127
63.18892025947571,629,40.38735480986127
63.18968152999878,629,40.38735480986127
63.19037866592407,629,40.38735480986127
63.191072940826416,629,40.38735480986127
63.19175601005554,629,40.38735480986127
63.192429542541504,629,40.38735480986127
63.193074226379395,629,40.38735480986127
63.193631649017334,629,40.38735480986127
63.19410443305969,629,40.38735480986127
63.194637060165405,629,40.38735480986127
63.1952178478241,629,40.38735480986127
63.19584083557129,629,40.38735480986127
63.19650745391846,629,40.38735480986127
63.19715690612793,629,40.38735480986127
63.19784450531006,629,40.38735480986127
63.19854378700256,629,40.38735480986127
63.19912242889404,629,40.38735480986127
63.199700355529785,629,40.38735480986127
63.22120809555054,629,40.39839084870362
63.22207021713257,629,40.39839084870362
63.22274041175842,629,40.39839084870362
63.223238706588745,629,40.39839084870362
63.223732471466064,629,40.39839084870362
63.2242476940155,629,40.39839084870362
63.224743366241455,629,40.39839084870362
63.225205421447754,629,40.39839084870362
63.22585082054138,629,40.39839084870362
63.226367235183716,629,40.39839084870362
63.226903438568115,629,40.39839084870362
63.22736167907715,629,40.39839084870362
63.22786498069763,629,40.39839084870362
63.228349924087524,629,40.39839084870362
63.228800773620605,629,40.39839084870362
63.22924208641052,629,40.39839084870362
63.22968792915344,629,40.39839084870362
63.234519720077515,629,40.407539495808344
63.235066413879395,629,40.407539495808344
63.235544204711914,629,40.407539495808344
63.23601508140564,629,40.407539495808344
63.23646783828735,629,40.407539495808344
63.23693490028381,629,40.407539495808344
63.23760533332825,629,40.407539495808344
63.23816466331482,629,40.407539495808344
63.23863649368286,629,40.407539495808344
63.23907470703125,629,40.407539495808344
63.23955821990967,629,40.407539495808344
63.239991426467896,629,40.407539495808344
63.24042510986328,629,40.407539495808344
63.24094200134277,629,40.407539495808344
63.24139094352722,629,40.407539495808344
63.241881132125854,629,40.407539495808344
63.242350578308105,629,40.407539495808344
63.242793798446655,629,40.407539495808344
63.243234157562256,629,40.407539495808344
63.24370551109314,629,40.407539495808344
63.24415063858032,629,40.407539495808344
63.24459218978882,629,40.407539495808344
63.24503183364868,629,40.407539495808344
63.24538803100586,629,40.407539495808344
63.2512845993042,629,40.407539495808344
66.54279971122742,616,43.06823244566514
66.54345750808716,616,43.06823244566514
66.54395627975464,616,43.06823244566514
66.54445457458496,616,43.06823244566514
66.5449161529541,616,43.06823244566514
66.54537153244019,616,43.06823244566514
66.5458197593689,616,43.06823244566514
66.54626488685608,616,43.06823244566514
66.54672431945801,616,43.06823244566514
66.54722952842712,616,43.06823244566514
66.54768466949463,616,43.06823244566514
66.54823017120361,616,43.06823244566514
66.54890251159668,616,43.06823244566514
66.54954051971436,616,43.06823244566514
66.55025053024292,616,43.06823244566514
66.55102825164795,616,43.06823244566514
66.55157327651978,616,43.06823244566514
66.55237650871277,616,43.06823244566514
66.55294728279114,616,43.06823244566514
66.55362129211426,616,43.06823244566514
66.5540144443512,616,43.06823244566514
66.56072497367859,616,43.06823244566514
66.56150889396667,616,43.06823244566514
66.56203985214233,616,43.06823244566514
66.56252026557922,616,43.06823244566514
66.56299424171448,616,43.06823244566514
66.56346464157104,616,43.06823244566514
66.56392502784729,616,43.06823244566514
66.56438755989075,616,43.06823244566514
66.56484603881836,616,43.06823244566514
66.56531238555908,616,43.06823244566514
66.56577348709106,616,43.06823244566514
66.56621861457825,616,43.06823244566514
66.56666684150696,616,43.06823244566514
66.56714105606079,616,43.06823244566514
66.56759095191956,616,43.06823244566514
66.56804394721985,616,43.06823244566514
66.56851267814636,616,43.06823244566514
66.56904625892639,616,43.06823244566514
66.56952691078186,616,43.06823244566514
66.57000517845154,616,43.06823244566514
66.57050848007202,616,43.06823244566514
66.57090187072754,616,43.06823244566514
66.57872366905212,612,43.08516129679041
66.57926774024963,612,43.08516129679041
66.57974338531494,612,43.08516129679041
66.58036160469055,612,43.08516129679041
66.58248662948608,612,43.08516129679041
66.58303642272949,612,43.08516129679041
66.58353686332703,612,43.08516129679041
66.58407831192017,612,43.08516129679041
66.58461952209473,612,43.08516129679041
66.58514666557312,612,43.08516129679041
66.58581805229187,612,43.08516129679041
66.58632016181946,612,43.08516129679041
66.58683228492737,612,43.08516129679041
66.58731007575989,612,43.08516129679041
66.5877959728241,612,43.08516129679041
66.58826732635498,612,43.08516129679041
66.58877158164978,612,43.08516129679041
66.58922624588013,612,43.08516129679041
66.58972334861755,612,43.08516129679041
66.59025001525879,612,43.08516129679041
66.59078884124756,612,43.08516129679041
66.59121346473694,612,43.08516129679041
66.59799718856812,610,43.09240531217891
66.59854221343994,610,43.09240531217891
66.59902620315552,610,43.09240531217891
66.59949517250061,610,43.09240531217891
66.60000491142273,610,43.09240531217891
66.60050892829895,610,43.09240531217891
66.60107564926147,610,43.09240531217891
66.60158514976501,610,43.09240531217891
66.60232663154602,610,43.09240531217891
66.60297870635986,610,43.09240531217891
66.60353398323059,610,43.09240531217891
66.60400223731995,610,43.09240531217891
66.6044545173645,610,43.09240531217891
66.60492324829102,610,43.09240531217891
66.60537075996399,610,43.09240531217891
66.60581946372986,610,43.09240531217891
66.6062684059143,610,43.09240531217891
66.60671544075012,610,43.09240531217891
66.60719919204712,610,43.09240531217891
66.60766458511353,610,43.09240531217891
66.6080892086029,610,43.09240531217891
66.60844683647156,610,43.09240531217891
66.61323738098145,610,43.09240531217891
66.61388635635376,610,43.09240531217891
66.61474347114563,610,43.09240531217891
66.61670732498169,609,43.09894928774412
66.61750435829163,609,43.09894928774412
66.61816000938416,609,43.09894928774412
66.6188554763794,609,43.09894928774412
66.61937546730042,609,43.09894928774412
66.61988234519958,609,43.09894928774412
66.62033915519714,609,43.09894928774412
66.62085318565369,609,43.09894928774412
66.62367153167725,609,43.09894928774412
66.62422513961792,609,43.09894928774412
66.6247045993805,609,43.09894928774412
66.62529730796814,609,43.09894928774412
66.62584805488586,609,43.09894928774412
66.6264214515686,609,43.09894928774412
66.62929201126099,608,43.10486405435775
66.62986993789673,608,43.10486405435775
66.63050055503845,608,43.10486405435775
66.63109064102173,608,43.10486405435775
66.63147211074829,608,43.10486405435775
66.63690280914307,608,43.10486405435775
66.6388897895813,608,43.10486405435775
66.63957810401917,608,43.10486405435775
66.64022946357727,608,43.10486405435775
66.64093685150146,608,43.10486405435775
66.64147877693176,608,43.10486405435775
66.64210486412048,608,43.10486405435775
66.64264941215515,608,43.10486405435775
66.6431303024292,608,43.10486405435775
66.6435821056366,608,43.10486405435775
66.64405035972595,608,43.10486405435775
66.6445140838623,608,43.10486405435775
66.64554381370544,608,43.10486405435775
66.646315574646,608,43.10486405435775
66.64704656600952,608,43.10486405435775
66.64759087562561,608,43.10486405435775
66.64877724647522,608,43.10486405435775
66.64944624900818,608,43.10486405435775
66.65005588531494,608,43.10486405435775
66.65061569213867,608,43.10486405435775
66.65129280090332,608,43.10486405435775
66.65171456336975,608,43.10486405435775
66.66227221488953,607,43.11019935754677
66.66303658485413,607,43.11019935754677
66.66356039047241,607,43.11019935754677
66.66416645050049,607,43.11019935754677
66.66490888595581,607,43.11019935754677
66.66566967964172,607,43.11019935754677
66.66632843017578,607,43.11019935754677
66.667001247406,607,43.11019935754677
66.66766905784607,607,43.11019935754677
66.66818594932556,607,43.11019935754677
66.66866874694824,607,43.11019935754677
66.66913533210754,607,43.11019935754677
66.66964030265808,607,43.11019935754677
66.67010045051575,607,43.11019935754677
66.67057371139526,607,43.11019935754677
66.67106032371521,607,43.11019935754677
66.67151713371277,607,43.11019935754677
66.67200517654419,607,43.11019935754677
66.67353701591492,607,43.11502741948576
66.67403101921082,607,43.11502741948576
66.67448806762695,607,43.11502741948576
66.67485070228577,607,43.11502741948576
66.6854395866394,606,43.11502741948576
66.68612217903137,606,43.11502741948576
66.68666410446167,606,43.11502741948576
66.68713974952698,606,43.11502741948576
66.68759322166443,606,43.11502741948576
66.6880612373352,606,43.11502741948576
66.68958377838135,606,43.119393945658814
66.69008040428162,606,43.119393945658814
66.69054532051086,606,43.119393945658814
66.69104051589966,606,43.119393945658814
66.69152593612671,606,43.119393945658814
66.691974401474,606,43.119393945658814
66.69246625900269,606,43.119393945658814
66.69291567802429,606,43.119393945658814
66.69335651397705,606,43.119393945658814
66.69396448135376,606,43.119393945658814
66.69446349143982,606,43.119393945658814
66.69491982460022,606,43.119393945658814
66.69536995887756,606,43.119393945658814
66.6959171295166,606,43.119393945658814
66.69637393951416,606,43.119393945658814
66.69672465324402,606,43.119393945658814
66.70288681983948,606,43.119393945658814
66.70341467857361,606,43.119393945658814
66.70389580726624,606,43.119393945658814
66.70436787605286,606,43.119393945658814
66.70486330986023,606,43.119393945658814
66.70532870292664,606,43.119393945658814
66.70577073097229,606,43.119393945658814
66.70623731613159,606,43.119393945658814
66.70671725273132,606,43.119393945658814
66.70720434188843,606,43.119393945658814
66.70768880844116,606,43.119393945658814
66.70820450782776,606,43.119393945658814
66.70879006385803,606,43.119393945658814
66.70924353599548,606,43.119393945658814
66.7097008228302,606,43.119393945658814
66.71018743515015,606,43.119393945658814
66.71064901351929,606,43.119393945658814
66.71115159988403,606,43.119393945658814
66.71162438392639,606,43.119393945658814
66.71229147911072,606,43.119393945658814
66.71318006515503,606,43.119393945658814
66.71511363983154,605,43.12333566202634
66.72060680389404,605,43.12333566202634
66.72125387191772,605,43.12333566202634
66.72180414199829,605,43.12333566202634
66.72227048873901,605,43.12333566202634
66.72271823883057,605,43.12333566202634
66.72316408157349,605,43.12333566202634
66.7236316204071,605,43.12333566202634
66.72407341003418,605,43.12333566202634
66.72453141212463,605,43.12333566202634
66.7250497341156,605,43.12333566202634
66.7257571220398,604,43.1269078931346
66.72717452049255,604,43.1269078931346
66.72766137123108,604,43.1269078931346
66.72829937934875,604,43.1269078931346
66.7289445400238,604,43.1269078931346
66.72955131530762,604,43.1269078931346
66.73006701469421,604,43.1269078931346
66.7305555343628,604,43.1269078931346
66.731130361557,604,43.1269078931346
66.73160123825073,604,43.1269078931346
66.73207926750183,604,43.1269078931346
66.73259902000427,604,43.1269078931346
66.73941421508789,604,43.1269078931346
66.74007749557495,604,43.1269078931346
66.74058032035828,604,43.1269078931346
66.7413592338562,604,43.1269078931346
66.7418851852417,604,43.1269078931346
66.74236369132996,604,43.1269078931346
66.74284648895264,604,43.1269078931346
66.74345469474792,604,43.1269078931346
66.74399375915527,604,43.1269078931346
66.74448609352112,604,43.1269078931346
66.74494171142578,604,43.1269078931346
66.74550414085388,604,43.1269078931346
66.74605894088745,604,43.1269078931346
66.74665975570679,604,43.1269078931346
66.74735355377197,604,43.1269078931346
66.74815607070923,604,43.1269078931346
66.7488329410553,604,43.1269078931346
66.74949359893799,604,43.1269078931346
66.75014400482178,604,43.1269078931346
66.75074863433838,604,43.1269078931346
66.75123596191406,604,43.1269078931346
66.7516028881073,604,43.1269078931346
66.76010489463806,604,43.130133508016215
66.76064705848694,604,43.130133508016215
66.76113247871399,604,43.130133508016215
66.76159739494324,604,43.130133508016215
66.76209831237793,604,43.130133508016215
66.76266193389893,604,43.130133508016215
66.76320028305054,604,43.130133508016215
66.76366853713989,604,43.130133508016215
66.76412582397461,604,43.130133508016215
66.76584601402283,604,43.130133508016215
66.77318978309631,604,43.13305335232447
67.70098686218262,515,43.76664393738994
67.70175170898438,515,43.76664393738994
67.70245623588562,515,43.76664393738994
67.70305132865906,515,43.76664393738994
67.70357823371887,515,43.76664393738994
67.70408177375793,515,43.76664393738994
67.7045750617981,515,43.76664393738994
67.70528483390808,515,43.76664393738994
67.70579051971436,515,43.76664393738994
67.70632863044739,515,43.76664393738994
67.70691299438477,515,43.76664393738994
67.7074408531189,515,43.76664393738994
67.7079005241394,515,43.76664393738994
67.7083649635315,515,43.76664393738994
67.70881223678589,515,43.76664393738994
67.70925736427307,515,43.76664393738994
67.70972537994385,515,43.76664393738994
67.71020746231079,515,43.76664393738994
67.71071767807007,515,43.76664393738994
67.71117448806763,515,43.76664393738994
67.8581292629242,515,43.87967524130068
67.85876989364624,515,43.87967524130068
67.85934138298035,515,43.87967524130068
67.85986590385437,515,43.87967524130068
67.86038160324097,515,43.87967524130068
67.86089086532593,515,43.87967524130068
67.86153650283813,515,43.87967524130068
67.86209392547607,515,43.87967524130068
67.8626275062561,515,43.87967524130068
67.86319732666016,515,43.87967524130068
67.86374616622925,515,43.87967524130068
67.86442995071411,515,43.87967524130068
67.8649480342865,515,43.87967524130068
67.86539387702942,515,43.87967524130068
67.86593842506409,515,43.87967524130068
67.86647987365723,515,43.87967524130068
67.86713790893555,515,43.87967524130068
67.86771535873413,515,43.87967524130068
67.86820983886719,515,43.87967524130068
67.86889481544495,515,43.87967524130068
67.9723846912384,515,43.967954821776736
67.97303438186646,515,43.967954821776736
67.97355198860168,515,43.967954821776736
67.97403144836426,515,43.967954821776736
67.97448420524597,515,43.967954821776736
67.9749402999878,515,43.967954821776736
67.9753851890564,515,43.967954821776736
67.97582674026489,515,43.967954821776736
67.97630000114441,515,43.967954821776736
67.97678279876709,515,43.967954821776736
67.97725820541382,515,43.967954821776736
67.97773241996765,515,43.967954821776736
67.97820591926575,515,43.967954821776736
67.9786319732666,515,43.967954821776736
67.97906756401062,515,43.967954821776736
67.97949767112732,515,43.967954821776736
67.97994017601013,515,43.967954821776736
67.98042416572571,515,43.967954821776736
67.98089289665222,515,43.967954821776736
67.9814932346344,515,43.967954821776736
68.14646482467651,506,44.08617500406582
68.14714908599854,506,44.08617500406582
68.14767718315125,506,44.08617500406582
68.14820194244385,506,44.08617500406582
68.14870476722717,506,44.08617500406582
68.1491973400116,506,44.08617500406582
68.14983606338501,506,44.08617500406582
68.15038251876831,506,44.08617500406582
68.15105748176575,506,44.08617500406582
68.15174126625061,506,44.08617500406582
68.15231776237488,506,44.08617500406582
68.15292572975159,506,44.08617500406582
68.15373659133911,506,44.08617500406582
68.15425276756287,506,44.08617500406582
68.15479588508606,506,44.08617500406582
68.1554057598114,506,44.08617500406582
68.15598964691162,506,44.08617500406582
68.15648102760315,506,44.08617500406582
68.1569492816925,506,44.08617500406582
68.15764713287354,506,44.08617500406582
68.28214454650879,496,44.16084575966025
68.2830650806427,496,44.16084575966025
68.28365159034729,496,44.16084575966025
68.28422236442566,496,44.16084575966025
68.2847363948822,496,44.16084575966025
68.28518772125244,496,44.16084575966025
68.2857015132904,496,44.16084575966025
68.2861819267273,496,44.16084575966025
68.28662514686584,496,44.16084575966025
68.28707361221313,496,44.16084575966025
68.28751730918884,496,44.16084575966025
68.28797554969788,496,44.16084575966025
68.288419008255,496,44.16084575966025
68.28885579109192,496,44.16084575966025
68.28931140899658,496,44.16084575966025
68.28990912437439,496,44.16084575966025
68.29038882255554,496,44.16084575966025
68.2909004688263,496,44.16084575966025
68.29136967658997,496,44.16084575966025
68.29181480407715,496,44.16084575966025
68.43661856651306,486,44.23790665900946
68.43754696846008,486,44.23790665900946
68.43828749656677,486,44.23790665900946
68.43887829780579,486,44.23790665900946
68.43944716453552,486,44.23790665900946
68.43994617462158,486,44.23790665900946
68.44054651260376,486,44.23790665900946
68.44122385978699,486,44.23790665900946
68.44169735908508,486,44.23790665900946
68.44221997261047,486,44.23790665900946
68.44268727302551,486,44.23790665900946
68.44319462776184,486,44.23790665900946
68.44369268417358,486,44.23790665900946
68.44415736198425,486,44.23790665900946
68.44468641281128,486,44.23790665900946
68.4451584815979,486,44.23790665900946
68.44562697410583,486,44.23790665900946
68.44608998298645,486,44.23790665900946
68.4465901851654,486,44.23790665900946
68.44705533981323,486,44.23790665900946
68.59123587608337,472,44.32746302379182
68.59189891815186,472,44.32746302379182
68.59241008758545,472,44.32746302379182
68.59301161766052,472,44.32746302379182
68.59350919723511,472,44.32746302379182
68.59396457672119,472,44.32746302379182
68.59443044662476,472,44.32746302379182
68.59488582611084,472,44.32746302379182
68.59535217285156,472,44.32746302379182
68.59580993652344,472,44.32746302379182
68.59625887870789,472,44.32746302379182
68.59678745269775,472,44.32746302379182
68.59748029708862,472,44.32746302379182
68.59797024726868,472,44.32746302379182
68.59844946861267,472,44.32746302379182
68.59908509254456,472,44.32746302379182
68.59984683990479,472,44.32746302379182
68.60056972503662,472,44.32746302379182
68.60117650032043,472,44.32746302379182
68.60187554359436,472,44.32746302379182
68.78738951683044,455,44.44391971601891
68.78804469108582,455,44.44391971601891
68.7886164188385,455,44.44391971601891
68.78923797607422,455,44.44391971601891
68.789870262146,455,44.44391971601891
68.79052877426147,455,44.44391971601891
68.79111242294312,455,44.44391971601891
68.79159927368164,455,44.44391971601891
68.79214668273926,455,44.44391971601891
68.79274773597717,455,44.44391971601891
68.7932345867157,455,44.44391971601891
68.79373788833618,455,44.44391971601891
68.79422783851624,455,44.44391971601891
68.7947735786438,455,44.44391971601891
68.79523134231567,455,44.44391971601891
68.7956759929657,455,44.44391971601891
68.79612922668457,455,44.44391971601891
68.79658913612366,455,44.44391971601891
68.79704260826111,455,44.44391971601891
68.79758262634277,455,44.44391971601891
69.02515864372253,453,44.57739468994832
69.02581930160522,453,44.57739468994832
69.02630949020386,453,44.57739468994832
69.02681612968445,453,44.57739468994832
69.02730393409729,453,44.57739468994832
69.02782487869263,453,44.57739468994832
69.02830672264099,453,44.57739468994832
69.02878761291504,453,44.57739468994832
69.02926659584045,453,44.57739468994832
69.02975630760193,453,44.57739468994832
69.0302140712738,453,44.57739468994832
69.03064274787903,453,44.57739468994832
69.03114342689514,453,44.57739468994832
69.03159236907959,453,44.57739468994832
69.032062292099,453,44.57739468994832
69.03254508972168,453,44.57739468994832
69.03303098678589,453,44.57739468994832
69.03348183631897,453,44.57739468994832
69.03394269943237,453,44.57739468994832
69.03438091278076,453,44.57739468994832
69.3024218082428,453,44.72931845270811
69.30313563346863,453,44.72931845270811
69.30392742156982,453,44.72931845270811
69.3044707775116,453,44.72931845270811
69.30500769615173,453,44.72931845270811
69.30546927452087,453,44.72931845270811
69.30594539642334,453,44.72931845270811
69.30654239654541,453,44.72931845270811
69.30701661109924,453,44.72931845270811
69.30750679969788,453,44.72931845270811
69.30796527862549,453,44.72931845270811
69.30858945846558,453,44.72931845270811
69.30917191505432,453,44.72931845270811
69.3096935749054,453,44.72931845270811
69.31018781661987,453,44.72931845270811
69.31064677238464,453,44.72931845270811
69.31113624572754,453,44.72931845270811
69.31163144111633,453,44.72931845270811
69.31214475631714,453,44.72931845270811
69.31264805793762,453,44.72931845270811
69.58034253120422,453,44.85644741699381
69.58099246025085,453,44.85644741699381
69.58145952224731,453,44.85644741699381
69.58195304870605,453,44.85644741699381
69.58241653442383,453,44.85644741699381
69.58286046981812,453,44.85644741699381
69.58330416679382,453,44.85644741699381
69.58374428749084,453,44.85644741699381
69.58419609069824,453,44.85644741699381
69.58463788032532,453,44.85644741699381
69.58507800102234,453,44.85644741699381
69.58552360534668,453,44.85644741699381
69.58595895767212,453,44.85644741699381
69.58642578125,453,44.85644741699381
69.58688640594482,453,44.85644741699381
69.58734607696533,453,44.85644741699381
69.58779549598694,453,44.85644741699381
69.58827257156372,453,44.85644741699381
69.58875298500061,453,44.85644741699381
69.58945393562317,453,44.85644741699381
69.75413346290588,453,44.928756039373795
69.75493144989014,453,44.928756039373795
69.75544476509094,453,44.928756039373795
69.75592923164368,453,44.928756039373795
69.75638103485107,453,44.928756039373795
69.75684332847595,453,44.928756039373795
69.75731897354126,453,44.928756039373795
69.7577896118164,453,44.928756039373795
69.75829672813416,453,44.928756039373795
69.75875782966614,453,44.928756039373795
69.75925779342651,453,44.928756039373795
69.75976610183716,453,44.928756039373795
69.76022005081177,453,44.928756039373795
69.76069855690002,453,44.928756039373795
69.76116943359375,453,44.928756039373795
69.76164031028748,453,44.928756039373795
69.7621054649353,453,44.928756039373795
69.76255631446838,453,44.928756039373795
69.76299977302551,453,44.928756039373795
69.76344275474548,453,44.928756039373795
69.90802431106567,453,45.00838195230443
69.90890264511108,453,45.00838195230443
69.90969395637512,453,45.00838195230443
69.91030287742615,453,45.00838195230443
69.91107749938965,453,45.00838195230443
69.91181588172913,453,45.00838195230443
69.91247367858887,453,45.00838195230443
69.91317963600159,453,45.00838195230443
69.91384363174438,453,45.00838195230443
69.91448163986206,453,45.00838195230443
69.9151668548584,453,45.00838195230443
69.91585636138916,453,45.00838195230443
69.91649675369263,453,45.00838195230443
69.91739320755005,453,45.00838195230443
69.9221978187561,453,45.00838195230443
69.92284440994263,453,45.00838195230443
69.92339158058167,453,45.00838195230443
69.92498111724854,453,45.00838195230443
69.92548418045044,453,45.00838195230443
69.92710399627686,453,45.00838195230443
70.03030562400818,453,45.06249451958883
70.03097009658813,453,45.06249451958883
70.0316333770752,453,45.06249451958883
70.03214955329895,453,45.06249451958883
70.0326316356659,453,45.06249451958883
70.03308701515198,453,45.06249451958883
70.033536195755,453,45.06249451958883
70.03400802612305,453,45.06249451958883
70.03445219993591,453,45.06249451958883
70.03489184379578,453,45.06249451958883
70.03532862663269,453,45.06249451958883
70.03579139709473,453,45.06249451958883
70.03626346588135,453,45.06249451958883
70.03697800636292,453,45.06249451958883
70.037526845932,453,45.06249451958883
70.0380208492279,453,45.06249451958883
70.03866457939148,453,45.06249451958883
70.03935098648071,453,45.06249451958883
70.04005837440491,453,45.06249451958883
70.04072308540344,453,45.06249451958883
70.2677710056305,453,45.21655108403227
70.26842284202576,453,45.21655108403227
70.2689437866211,453,45.21655108403227
70.26941871643066,453,45.21655108403227
70.2699282169342,453,45.21655108403227
70.27042508125305,453,45.21655108403227
70.27093601226807,453,45.21655108403227
70.27144956588745,453,45.21655108403227
70.27190494537354,453,45.21655108403227
70.27235007286072,453,45.21655108403227
70.27281141281128,453,45.21655108403227
70.27326226234436,453,45.21655108403227
70.27371883392334,453,45.21655108403227
70.27418565750122,453,45.21655108403227
70.2746422290802,453,45.21655108403227
70.2750928401947,453,45.21655108403227
70.27555203437805,453,45.21655108403227
70.27601170539856,453,45.21655108403227
70.27650713920593,453,45.21655108403227
70.2769603729248,453,45.21655108403227
70.27733826637268,453,45.21655108403227
70.28369212150574,453,45.21655108403227
71.55949759483337,396,46.21120419505465
71.56040740013123,396,46.21120419505465
71.5611822605133,396,46.21120419505465
71.56191945075989,396,46.21120419505465
71.56261801719666,396,46.21120419505465
71.56330895423889,396,46.21120419505465
71.56400966644287,396,46.21120419505465
71.5647189617157,396,46.21120419505465
71.56547379493713,396,46.21120419505465
71.56620168685913,396,46.21120419505465
71.56693530082703,396,46.21120419505465
71.5677478313446,396,46.21120419505465
71.56852960586548,396,46.21120419505465
71.56924772262573,396,46.21120419505465
71.56996655464172,396,46.21120419505465
71.57447457313538,396,46.21120419505465
71.57541728019714,396,46.21120419505465
71.57621693611145,396,46.21120419505465
71.57711625099182,396,46.21120419505465
71.5781569480896,396,46.21120419505465
71.68175458908081,390,46.275670564619205
71.68242406845093,390,46.275670564619205
71.68292140960693,390,46.275670564619205
71.68339848518372,390,46.275670564619205
71.68385624885559,390,46.275670564619205
71.68432426452637,390,46.275670564619205
71.68480515480042,390,46.275670564619205
71.68527173995972,390,46.275670564619205
71.68574333190918,390,46.275670564619205
71.68620467185974,390,46.275670564619205
71.68667912483215,390,46.275670564619205
71.68712329864502,390,46.275670564619205
71.68762874603271,390,46.275670564619205
71.68808484077454,390,46.275670564619205
71.68854022026062,390,46.275670564619205
71.68899893760681,390,46.275670564619205
71.68948674201965,390,46.275670564619205
71.68994998931885,390,46.275670564619205
71.69041967391968,390,46.275670564619205
71.6909339427948,390,46.275670564619205
71.75325322151184,390,46.32100620882495
71.75388097763062,390,46.32100620882495
71.75438833236694,390,46.32100620882495
71.75487542152405,390,46.32100620882495
71.75537991523743,390,46.32100620882495
71.75586104393005,390,46.32100620882495
71.7563111782074,390,46.32100620882495
71.75675582885742,390,46.32100620882495
71.75721430778503,390,46.32100620882495
71.7576539516449,390,46.32100620882495
71.7580919265747,390,46.32100620882495
71.75858187675476,390,46.32100620882495
71.7590491771698,390,46.32100620882495
71.75949096679688,390,46.32100620882495
71.759929895401,390,46.32100620882495
71.7603759765625,390,46.32100620882495
71.76083087921143,390,46.32100620882495
71.76137638092041,390,46.32100620882495
71.76187205314636,390,46.32100620882495
71.7623393535614,390,46.32100620882495
71.82454490661621,390,46.366087311370535
71.82520747184753,390,46.366087311370535
71.82592177391052,390,46.366087311370535
71.82654643058777,390,46.366087311370535
71.82839846611023,390,46.366087311370535
71.82899618148804,390,46.366087311370535
71.83044338226318,390,46.366087311370535
71.83103728294373,390,46.366087311370535
71.83169746398926,390,46.366087311370535
71.83238172531128,390,46.366087311370535
71.83305382728577,390,46.366087311370535
71.83363723754883,390,46.366087311370535
71.83437252044678,390,46.366087311370535
71.83489727973938,390,46.366087311370535
71.83545017242432,390,46.366087311370535
71.83616304397583,390,46.366087311370535
71.83680391311646,390,46.366087311370535
71.83734846115112,390,46.366087311370535
71.83784914016724,390,46.366087311370535
71.83831596374512,390,46.366087311370535
71.94189643859863,390,46.41622013487045
71.94252061843872,390,46.41622013487045
71.94300866127014,390,46.41622013487045
71.94344186782837,390,46.41622013487045
71.94387125968933,390,46.41622013487045
71.9443781375885,390,46.41622013487045
71.94486355781555,390,46.41622013487045
71.94532179832458,390,46.41622013487045
71.945791721344,390,46.41622013487045
71.94627165794373,390,46.41622013487045
71.94674754142761,390,46.41622013487045
71.94721293449402,390,46.41622013487045
71.94771146774292,390,46.41622013487045
71.94813776016235,390,46.41622013487045
71.94858360290527,390,46.41622013487045
71.94903206825256,390,46.41622013487045
71.94953322410583,390,46.41622013487045
71.950110912323,390,46.41622013487045
71.95058965682983,390,46.41622013487045
71.95111131668091,390,46.41622013487045
72.03402090072632,390,46.46135450194766
72.03466391563416,390,46.46135450194766
72.0351243019104,390,46.46135450194766
72.03562021255493,390,46.46135450194766
72.03606271743774,390,46.46135450194766
72.0365195274353,390,46.46135450194766
72.03699994087219,390,46.46135450194766
72.03745245933533,390,46.46135450194766
72.037912607193,390,46.46135450194766
72.03836607933044,390,46.46135450194766
72.03881978988647,390,46.46135450194766
72.03926086425781,390,46.46135450194766
72.03971672058105,390,46.46135450194766
72.04015302658081,390,46.46135450194766
72.04059100151062,390,46.46135450194766
72.04111123085022,390,46.46135450194766
72.04156732559204,390,46.46135450194766
72.04202818870544,390,46.46135450194766
72.04246640205383,390,46.46135450194766
72.04291772842407,390,46.46135450194766
72.12563848495483,390,46.51422920945582
72.12627649307251,390,46.51422920945582
72.12676739692688,390,46.51422920945582
72.12726497650146,390,46.51422920945582
72.12775254249573,390,46.51422920945582
72.1282365322113,390,46.51422920945582
72.12869191169739,390,46.51422920945582
72.12915277481079,390,46.51422920945582
72.12960410118103,390,46.51422920945582
72.13005089759827,390,46.51422920945582
72.13049530982971,390,46.51422920945582
72.13097095489502,390,46.51422920945582
72.13144993782043,390,46.51422920945582
72.13188672065735,390,46.51422920945582
72.13233995437622,390,46.51422920945582
72.13278794288635,390,46.51422920945582
72.13326215744019,390,46.51422920945582
72.133718252182,390,46.51422920945582
72.13421106338501,390,46.51422920945582
72.1346640586853,390,46.51422920945582
72.32045435905457,390,46.619241899679444
72.32112097740173,390,46.619241899679444
72.32170724868774,390,46.619241899679444
72.32220721244812,390,46.619241899679444
72.3226592540741,390,46.619241899679444
72.32310557365417,390,46.619241899679444
72.32355427742004,390,46.619241899679444
72.32411456108093,390,46.619241899679444
72.32457661628723,390,46.619241899679444
72.32502269744873,390,46.619241899679444
72.32546472549438,390,46.619241899679444
72.32590818405151,390,46.619241899679444
72.32636785507202,390,46.619241899679444
72.3268346786499,390,46.619241899679444
72.3272750377655,390,46.619241899679444
72.32771420478821,390,46.619241899679444
72.32816553115845,390,46.619241899679444
72.32860589027405,390,46.619241899679444
72.32904648780823,390,46.619241899679444
72.32948517799377,390,46.619241899679444
72.41197872161865,390,46.65184303908807
72.41278266906738,390,46.65184303908807
72.41336941719055,390,46.65184303908807
72.41387486457825,390,46.65184303908807
72.41440010070801,390,46.65184303908807
72.41496515274048,390,46.65184303908807
72.41549444198608,390,46.65184303908807
72.41595125198364,390,46.65184303908807
72.41643762588501,390,46.65184303908807
72.41695475578308,390,46.65184303908807
72.41745471954346,390,46.65184303908807
72.41792106628418,390,46.65184303908807
72.4184057712555,390,46.65184303908807
72.41889977455139,390,46.65184303908807
72.41943073272705,390,46.65184303908807
72.41995525360107,390,46.65184303908807
72.42048597335815,390,46.65184303908807
72.42102098464966,390,46.65184303908807
72.42150855064392,390,46.65184303908807
72.42199397087097,390,46.65184303908807
72.66893243789673,390,46.780508178479316
72.66955637931824,390,46.780508178479316
72.67003631591797,390,46.780508178479316
72.67048978805542,390,46.780508178479316
72.67102074623108,390,46.780508178479316
72.67147850990295,390,46.780508178479316
72.67193388938904,390,46.780508178479316
72.67237639427185,390,46.780508178479316
72.67283272743225,390,46.780508178479316
72.67329430580139,390,46.780508178479316
72.67374920845032,390,46.780508178479316
72.67419457435608,390,46.780508178479316
72.67465877532959,390,46.780508178479316
72.67510223388672,390,46.780508178479316
72.67556476593018,390,46.780508178479316
72.67602515220642,390,46.780508178479316
72.67706227302551,390,46.780508178479316
72.6800262928009,390,46.780508178479316
72.68093752861023,390,46.780508178479316
72.68153619766235,390,46.780508178479316
72.86812281608582,390,46.8593846924477
72.86876201629639,390,46.8593846924477
72.86925220489502,390,46.8593846924477
72.86972546577454,390,46.8593846924477
72.870201587677,390,46.8593846924477
72.87064838409424,390,46.8593846924477
72.87112307548523,390,46.8593846924477
72.87158179283142,390,46.8593846924477
72.87206077575684,390,46.8593846924477
72.87251091003418,390,46.8593846924477
72.8729600906372,390,46.8593846924477
72.87341141700745,390,46.8593846924477
72.87388205528259,390,46.8593846924477
72.87433671951294,390,46.8593846924477
72.87477946281433,390,46.8593846924477
72.87522888183594,390,46.8593846924477
72.87564659118652,390,46.8593846924477
72.87612175941467,390,46.8593846924477
72.8765799999237,390,46.8593846924477
72.87702536582947,390,46.8593846924477
73.00103330612183,390,46.91835311993817
73.00168323516846,390,46.91835311993817
73.00218152999878,390,46.91835311993817
73.00265097618103,390,46.91835311993817
73.00312733650208,390,46.91835311993817
73.00357389450073,390,46.91835311993817
73.00401401519775,390,46.91835311993817
73.00446009635925,390,46.91835311993817
73.0049159526825,390,46.91835311993817
73.00535416603088,390,46.91835311993817
73.00579071044922,390,46.91835311993817
73.0062267780304,390,46.91835311993817
73.00667071342468,390,46.91835311993817
73.00714898109436,390,46.91835311993817
73.00760674476624,390,46.91835311993817
73.00802826881409,390,46.91835311993817
73.00850200653076,390,46.91835311993817
73.00896072387695,390,46.91835311993817
73.00947833061218,390,46.91835311993817
73.00999402999878,390,46.91835311993817
73.11618781089783,390,46.98943934289543
73.1168327331543,390,46.98943934289543
73.11731171607971,390,46.98943934289543
73.11781692504883,390,46.98943934289543
73.11836504936218,390,46.98943934289543
73.11886382102966,390,46.98943934289543
73.11930656433105,390,46.98943934289543
73.11979103088379,390,46.98943934289543
73.12024164199829,390,46.98943934289543
73.12069869041443,390,46.98943934289543
73.12114810943604,390,46.98943934289543
73.12160420417786,390,46.98943934289543
73.12206768989563,390,46.98943934289543
73.12250638008118,390,46.98943934289543
73.12294745445251,390,46.98943934289543
73.12339472770691,390,46.98943934289543
73.12386131286621,390,46.98943934289543
73.1242983341217,390,46.98943934289543
73.12473368644714,390,46.98943934289543
73.1251711845398,390,46.98943934289543
73.12552666664124,390,46.98943934289543
73.13092947006226,390,46.98943934289543
74.11806678771973,314,47.71207667286679
74.11872482299805,314,47.71207667286679
74.11923241615295,314,47.71207667286679
74.11970591545105,314,47.71207667286679
74.1201741695404,314,47.71207667286679
74.12069010734558,314,47.71207667286679
74.12117409706116,314,47.71207667286679
74.12168622016907,314,47.71207667286679
74.12217044830322,314,47.71207667286679
74.12263059616089,314,47.71207667286679
74.12307834625244,314,47.71207667286679
74.1235282421112,314,47.71207667286679
74.12398862838745,314,47.71207667286679
74.12445020675659,314,47.71207667286679
74.12490463256836,314,47.71207667286679
74.12532377243042,314,47.71207667286679
74.1257996559143,314,47.71207667286679
74.12635779380798,314,47.71207667286679
74.12685561180115,314,47.71207667286679
74.12736368179321,314,47.71207667286679
74.23059844970703,314,47.80028537726804
74.23131084442139,314,47.80028537726804
74.23184490203857,314,47.80028537726804
74.23239231109619,314,47.80028537726804
74.2328953742981,314,47.80028537726804
74.2333755493164,314,47.80028537726804
74.23426461219788,314,47.80028537726804
74.23495483398438,314,47.80028537726804
74.23550057411194,314,47.80028537726804
74.2360029220581,314,47.80028537726804
74.23655486106873,314,47.80028537726804
74.23721098899841,314,47.80028537726804
74.23781490325928,314,47.80028537726804
74.23842883110046,314,47.80028537726804
74.23905491828918,314,47.80028537726804
74.23964810371399,314,47.80028537726804
74.24025225639343,314,47.80028537726804
74.24090099334717,314,47.80028537726804
74.24152421951294,314,47.80028537726804
74.24213194847107,314,47.80028537726804
74.3459985256195,314,47.86943666933998
74.34709739685059,314,47.86943666933998
74.34770154953003,314,47.86943666933998
74.34878706932068,314,47.86943666933998
74.34929513931274,314,47.86943666933998
74.35039520263672,314,47.86943666933998
74.35115385055542,314,47.86943666933998
74.35374331474304,314,47.86943666933998
74.35450458526611,314,47.86943666933998
74.35588550567627,314,47.86943666933998
74.35996985435486,314,47.86943666933998
74.36241054534912,314,47.86943666933998
74.36311721801758,314,47.86943666933998
74.36360454559326,314,47.86943666933998
74.3640718460083,314,47.86943666933998
74.36455202102661,314,47.86943666933998
74.36500978469849,314,47.86943666933998
74.36546206474304,314,47.86943666933998
74.36591172218323,314,47.86943666933998
74.36637330055237,314,47.86943666933998
74.55377721786499,314,47.98075188324089
74.55442833900452,314,47.98075188324089
74.55497074127197,314,47.98075188324089
74.55547833442688,314,47.98075188324089
74.55601024627686,314,47.98075188324089
74.55650734901428,314,47.98075188324089
74.5569977760315,314,47.98075188324089
74.55761194229126,314,47.98075188324089
74.55819320678711,314,47.98075188324089
74.55866980552673,314,47.98075188324089
74.55916428565979,314,47.98075188324089
74.55963897705078,314,47.98075188324089
74.56009244918823,314,47.98075188324089
74.56054592132568,314,47.98075188324089
74.56102633476257,314,47.98075188324089
74.56149101257324,314,47.98075188324089
74.56193399429321,314,47.98075188324089
74.5623779296875,314,47.98075188324089
74.56279873847961,314,47.98075188324089
74.56325697898865,314,47.98075188324089
74.77031326293945,314,48.088997845165125
74.77138447761536,314,48.088997845165125
74.77638077735901,314,48.088997845165125
74.78086161613464,314,48.088997845165125
74.78148484230042,314,48.088997845165125
74.78201746940613,314,48.088997845165125
74.78255486488342,314,48.088997845165125
74.78313660621643,314,48.088997845165125
74.78462100028992,314,48.088997845165125
74.785715341568,314,48.088997845165125
74.78620219230652,314,48.088997845165125
74.78674006462097,314,48.088997845165125
74.78940606117249,314,48.088997845165125
74.79014444351196,314,48.088997845165125
74.79084181785583,314,48.088997845165125
74.79385161399841,314,48.088997845165125
74.79439687728882,314,48.088997845165125
74.79516077041626,314,48.088997845165125
74.79767155647278,314,48.088997845165125
74.79845452308655,314,48.088997845165125
74.88161158561707,314,48.11957864523791
74.88224077224731,314,48.11957864523791
74.88271570205688,314,48.11957864523791
74.88317394256592,314,48.11957864523791
74.88363790512085,314,48.11957864523791
74.88409662246704,314,48.11957864523791
74.88454151153564,314,48.11957864523791
74.88498187065125,314,48.11957864523791
74.88544034957886,314,48.11957864523791
74.88586473464966,314,48.11957864523791
74.8863205909729,314,48.11957864523791
74.88683867454529,314,48.11957864523791
74.8873348236084,314,48.11957864523791
74.88787388801575,314,48.11957864523791
74.88832497596741,314,48.11957864523791
74.88879466056824,314,48.11957864523791
74.88923120498657,314,48.11957864523791
74.88967895507812,314,48.11957864523791
74.89010691642761,314,48.11957864523791
74.8905680179596,314,48.11957864523791
75.05533528327942,314,48.21700003783176
75.05596351623535,314,48.21700003783176
75.05646705627441,314,48.21700003783176
75.05711388587952,314,48.21700003783176
75.05759596824646,314,48.21700003783176
75.05809593200684,314,48.21700003783176
75.0585732460022,314,48.21700003783176
75.05903959274292,314,48.21700003783176
75.05951452255249,314,48.21700003783176
75.0599901676178,314,48.21700003783176
75.06074833869934,314,48.21700003783176
75.06139969825745,314,48.21700003783176
75.06202006340027,314,48.21700003783176
75.06257319450378,314,48.21700003783176
75.0635347366333,314,48.21700003783176
75.0641758441925,314,48.21700003783176
75.06486129760742,314,48.21700003783176
75.0654661655426,314,48.21700003783176
75.06605315208435,314,48.21700003783176
75.06659412384033,314,48.21700003783176
75.21085405349731,305,48.304037592342645
75.21153211593628,305,48.304037592342645
75.21202778816223,305,48.304037592342645
75.21249580383301,305,48.304037592342645
75.21297860145569,305,48.304037592342645
75.21345162391663,305,48.304037592342645
75.21391177177429,305,48.304037592342645
75.2143931388855,305,48.304037592342645
75.21487236022949,305,48.304037592342645
75.21531987190247,305,48.304037592342645
75.21577906608582,305,48.304037592342645
75.21623682975769,305,48.304037592342645
75.21671986579895,305,48.304037592342645
75.21716618537903,305,48.304037592342645
75.21758484840393,305,48.304037592342645
75.21804904937744,305,48.304037592342645
75.21850323677063,305,48.304037592342645
75.21895265579224,305,48.304037592342645
75.21942496299744,305,48.304037592342645
75.21987748146057,305,48.304037592342645
75.42614841461182,291,48.40766688539097
75.42676949501038,291,48.40766688539097
75.42726230621338,291,48.40766688539097
75.42775917053223,291,48.40766688539097
75.4282615184784,291,48.40766688539097
75.42871832847595,291,48.40766688539097
75.42919158935547,291,48.40766688539097
75.42984127998352,291,48.40766688539097
75.43032670021057,291,48.40766688539097
75.43085622787476,291,48.40766688539097
75.43133354187012,291,48.40766688539097
75.43179368972778,291,48.40766688539097
75.43224334716797,291,48.40766688539097
75.43270945549011,291,48.40766688539097
75.43325424194336,291,48.40766688539097
75.43375372886658,291,48.40766688539097
75.43421268463135,291,48.40766688539097
75.43467378616333,291,48.40766688539097
75.43513798713684,291,48.40766688539097
75.43558621406555,291,48.40766688539097
75.4979612827301,288,48.41954192959905
75.49860095977783,288,48.41954192959905
75.49911642074585,288,48.41954192959905
75.49959111213684,288,48.41954192959905
75.50004005432129,288,48.41954192959905
75.50048422813416,288,48.41954192959905
75.50096702575684,288,48.41954192959905
75.50146079063416,288,48.41954192959905
75.50192093849182,288,48.41954192959905
75.50236487388611,288,48.41954192959905
75.50280213356018,288,48.41954192959905
75.50324368476868,288,48.41954192959905
75.5037043094635,288,48.41954192959905
75.50413537025452,288,48.41954192959905
75.50457620620728,288,48.41954192959905
75.5050117969513,288,48.41954192959905
75.50551152229309,288,48.41954192959905
75.50597858428955,288,48.41954192959905
75.50643920898438,288,48.41954192959905
75.50688695907593,288,48.41954192959905
76.10358262062073,275,48.72652858411137
76.26845455169678,275,48.798457836166776
76.26905989646912,275,48.798457836166776
76.26955032348633,275,48.798457836166776
76.26999950408936,275,48.798457836166776
76.27046036720276,275,48.798457836166776
76.27095365524292,275,48.798457836166776
76.27140522003174,275,48.798457836166776
76.2718493938446,275,48.798457836166776
76.27231121063232,275,48.798457836166776
76.27278399467468,275,48.798457836166776
76.27324295043945,275,48.798457836166776
76.27371096611023,275,48.798457836166776
76.27417159080505,275,48.798457836166776
76.27463912963867,275,48.798457836166776
76.27508664131165,275,48.798457836166776
76.27553534507751,275,48.798457836166776
76.27597904205322,275,48.798457836166776
76.2764458656311,275,48.798457836166776
76.27693557739258,275,48.798457836166776
76.27753520011902,275,48.798457836166776
76.4840075969696,275,48.965522404856465
76.48463821411133,275,48.965522404856465
76.48514008522034,275,48.965522404856465
76.48562717437744,275,48.965522404856465
76.48613476753235,275,48.965522404856465
76.48664402961731,275,48.965522404856465
76.48712038993835,275,48.965522404856465
76.48756957054138,275,48.965522404856465
76.48804831504822,275,48.965522404856465
76.48853421211243,275,48.965522404856465
76.48900151252747,275,48.965522404856465
76.48946022987366,275,48.965522404856465
76.48995208740234,275,48.965522404856465
76.49041748046875,275,48.965522404856465
76.4909520149231,275,48.965522404856465
76.49142289161682,275,48.965522404856465
76.49207544326782,275,48.965522404856465
76.49266242980957,275,48.965522404856465
76.49316906929016,275,48.965522404856465
76.49371838569641,275,48.965522404856465
76.6178081035614,275,49.04542890774478
76.6184344291687,275,49.04542890774478
76.61891341209412,275,49.04542890774478
76.61934065818787,275,49.04542890774478
76.61982679367065,275,49.04542890774478
76.62027263641357,275,49.04542890774478
76.62075114250183,275,49.04542890774478
76.62125611305237,275,49.04542890774478
76.62176847457886,275,49.04542890774478
76.62221956253052,275,49.04542890774478
76.6226634979248,275,49.04542890774478
76.6231210231781,275,49.04542890774478
76.6235818862915,275,49.04542890774478
76.62402200698853,275,49.04542890774478
76.62444758415222,275,49.04542890774478
76.62488389015198,275,49.04542890774478
76.62531924247742,275,49.04542890774478
76.62576723098755,275,49.04542890774478
76.6262264251709,275,49.04542890774478
76.6266610622406,275,49.04542890774478
76.75021123886108,275,49.11920219296305
76.75091934204102,275,49.11920219296305
76.75144243240356,275,49.11920219296305
76.75199365615845,275,49.11920219296305
76.75244927406311,275,49.11920219296305
76.75291109085083,275,49.11920219296305
76.75353360176086,275,49.11920219296305
76.75402903556824,275,49.11920219296305
76.75448346138,275,49.11920219296305
76.7550458908081,275,49.11920219296305
76.75554251670837,275,49.11920219296305
76.75611162185669,275,49.11920219296305
76.7566831111908,275,49.11920219296305
76.75731182098389,275,49.11920219296305
76.7579197883606,275,49.11920219296305
76.75855326652527,275,49.11920219296305
76.75923538208008,275,49.11920219296305
76.75974655151367,275,49.11920219296305
76.7602653503418,275,49.11920219296305
76.76096987724304,275,49.11920219296305
76.761399269104,275,49.11920219296305
76.76621794700623,275,49.11920219296305
77.57009792327881,244,49.83474282500689
77.57100057601929,244,49.83474282500689
77.57182621955872,244,49.83474282500689
77.5725359916687,244,49.83474282500689
77.57324528694153,244,49.83474282500689
77.5739996433258,244,49.83474282500689
77.57471251487732,244,49.83474282500689
77.57542634010315,244,49.83474282500689
77.57614350318909,244,49.83474282500689
77.57682871818542,244,49.83474282500689
77.57751607894897,244,49.83474282500689
77.57824420928955,244,49.83474282500689
77.5789692401886,244,49.83474282500689
77.57968497276306,244,49.83474282500689
77.58038973808289,244,49.83474282500689
77.58115887641907,244,49.83474282500689
77.58187699317932,244,49.83474282500689
77.58283066749573,244,49.83474282500689
77.58357000350952,244,49.83474282500689
77.58434772491455,244,49.83474282500689
77.58508563041687,244,49.83474282500689
77.58554029464722,244,49.83474282500689
77.58600163459778,244,49.83474282500689
77.58644390106201,244,49.83474282500689
77.58688950538635,244,49.83474282500689
77.58730411529541,244,49.83474282500689
77.58810615539551,244,49.83474282500689
77.58951377868652,244,49.83474282500689
77.59003615379333,244,49.83474282500689
77.59069204330444,244,49.83474282500689
77.59124398231506,244,49.83474282500689
77.59174132347107,244,49.83474282500689
77.59220623970032,244,49.83474282500689
77.59268951416016,244,49.83474282500689
77.59320640563965,244,49.83474282500689
77.5937147140503,244,49.83474282500689
77.5941653251648,244,49.83474282500689
77.59475588798523,244,49.83474282500689
77.59521126747131,244,49.83474282500689
77.5957019329071,244,49.83474282500689
77.59615564346313,244,49.83474282500689
77.5967206954956,244,49.83474282500689
77.59721159934998,244,49.83474282500689
77.59775018692017,244,49.83474282500689
77.5982916355133,244,49.83474282500689
77.59878063201904,244,49.83474282500689
77.5992157459259,244,49.83474282500689
77.59984612464905,244,49.83474282500689
77.60031938552856,244,49.83474282500689
77.60080051422119,244,49.83474282500689
77.603839635849,244,49.854031131981685
77.60432982444763,244,49.854031131981685
77.60479807853699,244,49.854031131981685
77.60525488853455,244,49.854031131981685
77.60571837425232,244,49.854031131981685
77.60612487792969,244,49.854031131981685
77.60657715797424,244,49.854031131981685
77.6071674823761,244,49.854031131981685
77.607745885849,244,49.854031131981685
77.60829138755798,244,49.854031131981685
77.60876727104187,244,49.854031131981685
77.60922288894653,244,49.854031131981685
77.60977530479431,244,49.854031131981685
77.61024880409241,244,49.854031131981685
77.61073184013367,244,49.854031131981685
77.61133480072021,244,49.854031131981685
77.61182475090027,244,49.854031131981685
77.61227297782898,244,49.854031131981685
77.61278009414673,244,49.854031131981685
77.61334800720215,244,49.854031131981685
77.61383509635925,244,49.854031131981685
77.61431670188904,244,49.854031131981685
77.61478924751282,244,49.854031131981685
77.61525583267212,244,49.854031131981685
77.61574172973633,244,49.854031131981685
77.61620688438416,244,49.854031131981685
77.6166672706604,244,49.854031131981685
77.61712265014648,244,49.854031131981685
77.61759638786316,244,49.854031131981685
77.61807155609131,244,49.854031131981685
77.78295588493347,244,49.94838991933583
77.78375434875488,244,49.94838991933583
77.78463888168335,244,49.94838991933583
77.78531289100647,244,49.94838991933583
77.78592991828918,244,49.94838991933583
77.7866690158844,244,49.94838991933583
77.78726601600647,244,49.94838991933583
77.78774642944336,244,49.94838991933583
77.78822231292725,244,49.94838991933583
77.78870987892151,244,49.94838991933583
77.78929448127747,244,49.94838991933583
77.78994417190552,244,49.94838991933583
77.79060363769531,244,49.94838991933583
77.79126286506653,244,49.94838991933583
77.79190015792847,244,49.94838991933583
77.79259920120239,244,49.94838991933583
77.79324793815613,244,49.94838991933583
77.79391574859619,244,49.94838991933583
77.7945761680603,244,49.94838991933583
77.79519319534302,244,49.94838991933583
77.87811589241028,244,49.99458867525039
77.87887620925903,244,49.99458867525039
77.879385471344,244,49.99458867525039
77.87996435165405,244,49.99458867525039
77.88062620162964,244,49.99458867525039
77.88120532035828,244,49.99458867525039
77.88173055648804,244,49.99458867525039
77.88233375549316,244,49.99458867525039
77.88289904594421,244,49.99458867525039
77.8833875656128,244,49.99458867525039
77.88385653495789,244,49.99458867525039
77.88430070877075,244,49.99458867525039
77.88477730751038,244,49.99458867525039
77.88522863388062,244,49.99458867525039
77.88568210601807,244,49.99458867525039
77.88613319396973,244,49.99458867525039
77.8865749835968,244,49.99458867525039
77.88703989982605,244,49.99458867525039
77.88748860359192,244,49.99458867525039
77.88805770874023,244,49.99458867525039
78.03767395019531,244,50.071116049416034
78.03836131095886,244,50.071116049416034
78.03889012336731,244,50.071116049416034
78.03941988945007,244,50.071116049416034
78.0399398803711,244,50.071116049416034
78.0404543876648,244,50.071116049416034
78.04107594490051,244,50.071116049416034
78.04162216186523,244,50.071116049416034
78.04213976860046,244,50.071116049416034
78.04287004470825,244,50.071116049416034
78.04341125488281,244,50.071116049416034
78.0439064502716,244,50.071116049416034
78.04437565803528,244,50.071116049416034
78.04494333267212,244,50.071116049416034
78.04546809196472,244,50.071116049416034
78.04592251777649,244,50.071116049416034
78.04636693000793,244,50.071116049416034
78.04683542251587,244,50.071116049416034
78.0473062992096,244,50.071116049416034
78.04775404930115,244,50.071116049416034
78.04820656776428,244,50.071116049416034
78.04864811897278,244,50.071116049416034
78.04909253120422,244,50.071116049416034
78.04971051216125,244,50.071116049416034
78.05040574073792,244,50.071116049416034
78.0510425567627,244,50.071116049416034
78.05153679847717,244,50.071116049416034
78.0520088672638,244,50.071116049416034
78.05256962776184,244,50.071116049416034
78.05304527282715,244,50.071116049416034
78.0535478591919,244,50.071116049416034
78.05406022071838,244,50.071116049416034
78.05452299118042,244,50.071116049416034
78.05501127243042,244,50.071116049416034
78.05549430847168,244,50.071116049416034
78.05595350265503,244,50.071116049416034
78.05639672279358,244,50.071116049416034
78.05683469772339,244,50.071116049416034
78.05729484558105,244,50.071116049416034
78.0577335357666,244,50.071116049416034
78.05817103385925,244,50.071116049416034
78.05860471725464,244,50.071116049416034
78.05903887748718,244,50.071116049416034
78.06169819831848,244,50.08132865941072
78.0630669593811,244,50.08132865941072
78.0636739730835,244,50.08132865941072
78.06426405906677,244,50.08132865941072
78.065927028656,244,50.08132865941072
78.06657433509827,244,50.08132865941072
78.06743335723877,244,50.08132865941072
78.07101011276245,244,50.08132865941072
78.0718343257904,244,50.08132865941072
78.0739278793335,244,50.08132865941072
78.07443261146545,244,50.08132865941072
78.07491612434387,244,50.08132865941072
78.07541298866272,244,50.08132865941072
78.07587337493896,244,50.08132865941072
78.07634139060974,244,50.08132865941072
78.07678842544556,244,50.08132865941072
78.0773618221283,244,50.08132865941072
78.20139622688293,244,50.12412101157167
78.2020571231842,244,50.12412101157167
78.20274925231934,244,50.12412101157167
78.20331025123596,244,50.12412101157167
78.20378136634827,244,50.12412101157167
78.20422863960266,244,50.12412101157167
78.20467281341553,244,50.12412101157167
78.20513391494751,244,50.12412101157167
78.2055823802948,244,50.12412101157167
78.20614385604858,244,50.12412101157167
78.20665335655212,244,50.12412101157167
78.20727777481079,244,50.12412101157167
78.20774531364441,244,50.12412101157167
78.2082154750824,244,50.12412101157167
78.2088041305542,244,50.12412101157167
78.2093403339386,244,50.12412101157167
78.20991659164429,244,50.12412101157167
78.21040868759155,244,50.12412101157167
78.21087908744812,244,50.12412101157167
78.21134924888611,244,50.12412101157167
78.27388954162598,244,50.15894197442657
78.27453470230103,244,50.15894197442657
78.27503275871277,244,50.15894197442657
78.27550840377808,244,50.15894197442657
78.2760865688324,244,50.15894197442657
78.2765634059906,244,50.15894197442657
78.27720355987549,244,50.15894197442657
78.27769708633423,244,50.15894197442657
78.27817726135254,244,50.15894197442657
78.2786374092102,244,50.15894197442657
78.27910566329956,244,50.15894197442657
78.27962875366211,244,50.15894197442657
78.28009915351868,244,50.15894197442657
78.28058004379272,244,50.15894197442657
78.28105688095093,244,50.15894197442657
78.28152441978455,244,50.15894197442657
78.28197526931763,244,50.15894197442657
78.2824456691742,244,50.15894197442657
78.28290295600891,244,50.15894197442657
78.28338313102722,244,50.15894197442657
78.3869161605835,244,50.219225390387024
78.38754558563232,244,50.219225390387024
78.3880352973938,244,50.219225390387024
78.38856983184814,244,50.219225390387024
78.38917183876038,244,50.219225390387024
78.38979530334473,244,50.219225390387024
78.39043617248535,244,50.219225390387024
78.39104390144348,244,50.219225390387024
78.39161205291748,244,50.219225390387024
78.39209055900574,244,50.219225390387024
78.39255905151367,244,50.219225390387024
78.39302062988281,244,50.219225390387024
78.39346575737,244,50.219225390387024
78.39390921592712,244,50.219225390387024
78.39447569847107,244,50.219225390387024
78.39498925209045,244,50.219225390387024
78.39546775817871,244,50.219225390387024
78.39598536491394,244,50.219225390387024
78.39652371406555,244,50.219225390387024
78.39739656448364,244,50.219225390387024
78.52123713493347,244,50.28955897710243
78.52194809913635,244,50.28955897710243
78.52250576019287,244,50.28955897710243
78.52315092086792,244,50.28955897710243
78.52361154556274,244,50.28955897710243
78.52408981323242,244,50.28955897710243
78.5245532989502,244,50.28955897710243
78.52504515647888,244,50.28955897710243
78.52562117576599,244,50.28955897710243
78.52611207962036,244,50.28955897710243
78.52669739723206,244,50.28955897710243
78.52717566490173,244,50.28955897710243
78.52763056755066,244,50.28955897710243
78.52812004089355,244,50.28955897710243
78.52859687805176,244,50.28955897710243
78.52906441688538,244,50.28955897710243
78.5295193195343,244,50.28955897710243
78.53003072738647,244,50.28955897710243
78.53050971031189,244,50.28955897710243
78.53112888336182,244,50.28955897710243
78.53157925605774,244,50.28955897710243
78.53531670570374,244,50.28955897710243
79.11359405517578,244,50.74118826106425
79.11520171165466,244,50.74118826106425
79.1158676147461,244,50.74118826106425
79.1163878440857,244,50.74118826106425
79.11721181869507,244,50.74118826106425
79.1177704334259,244,50.74118826106425
79.11827087402344,244,50.74118826106425
79.11875438690186,244,50.74118826106425
79.11938166618347,244,50.74118826106425
79.1199676990509,244,50.74118826106425
79.12052321434021,244,50.74118826106425
79.1210298538208,244,50.74118826106425
79.1215329170227,244,50.74118826106425
79.12201619148254,244,50.74118826106425
79.12248754501343,244,50.74118826106425
79.12296605110168,244,50.74118826106425
79.12359142303467,244,50.74118826106425
79.12423086166382,244,50.74118826106425
79.12995076179504,244,50.74118826106425
79.13157725334167,244,50.74118826106425
79.215083360672,244,50.77987705896145
79.21571564674377,244,50.77987705896145
79.21622610092163,244,50.77987705896145
79.21670842170715,244,50.77987705896145
79.21720004081726,244,50.77987705896145
79.21766948699951,244,50.77987705896145
79.21815872192383,244,50.77987705896145
79.21863031387329,244,50.77987705896145
79.21910262107849,244,50.77987705896145
79.21959471702576,244,50.77987705896145
79.22006821632385,244,50.77987705896145
79.220618724823,244,50.77987705896145
79.22123289108276,244,50.77987705896145
79.22182655334473,244,50.77987705896145
79.22228860855103,244,50.77987705896145
79.22283482551575,244,50.77987705896145
79.22332501411438,244,50.77987705896145
79.22411227226257,244,50.77987705896145
79.2246584892273,244,50.77987705896145
79.22514176368713,244,50.77987705896145
79.22566723823547,244,50.77987705896145
79.226313829422,244,50.77987705896145
79.2268476486206,244,50.77987705896145
79.2273952960968,244,50.77987705896145
79.22787880897522,244,50.77987705896145
79.22838282585144,244,50.77987705896145
79.22898316383362,244,50.77987705896145
79.2296872138977,244,50.77987705896145
79.23028206825256,244,50.77987705896145
79.23090052604675,244,50.77987705896145
79.23139238357544,244,50.77987705896145
79.23189306259155,244,50.77987705896145
79.23235368728638,244,50.77987705896145
79.23280429840088,244,50.77987705896145
79.23324823379517,244,50.77987705896145
79.23370456695557,244,50.77987705896145
79.23414397239685,244,50.77987705896145
79.23459839820862,244,50.77987705896145
79.23504161834717,244,50.77987705896145
79.23549318313599,244,50.77987705896145
79.23589539527893,244,50.77987705896145
79.23955225944519,244,50.77987705896145
79.24006152153015,244,50.77987705896145
79.24059247970581,244,50.77987705896145
79.24109220504761,244,50.77987705896145
79.24352216720581,244,50.7917872688916
79.24402332305908,244,50.7917872688916
79.24451184272766,244,50.7917872688916
79.24496746063232,244,50.7917872688916
79.2454354763031,244,50.7917872688916
79.24591040611267,244,50.7917872688916
79.24636220932007,244,50.7917872688916
79.24716114997864,244,50.7917872688916
79.24766087532043,244,50.7917872688916
79.24818205833435,244,50.7917872688916
79.24863743782043,244,50.7917872688916
79.24915051460266,244,50.7917872688916
79.24964380264282,244,50.7917872688916
79.25010251998901,244,50.7917872688916
79.25056290626526,244,50.7917872688916
79.25108623504639,244,50.7917872688916
79.25155568122864,244,50.7917872688916
79.25202441215515,244,50.7917872688916
79.25252938270569,244,50.7917872688916
79.2548623085022,243,50.79652468535616
79.25556874275208,243,50.79652468535616
79.2562575340271,243,50.79652468535616
79.25698614120483,243,50.79652468535616
79.25752520561218,243,50.79652468535616
79.25797176361084,243,50.79652468535616
79.25857138633728,243,50.79652468535616
79.25925421714783,243,50.79652468535616
79.25991487503052,243,50.79652468535616
79.26052904129028,243,50.79652468535616
79.26105070114136,243,50.79652468535616
79.26153922080994,243,50.79652468535616
79.26207184791565,243,50.79652468535616
79.26254749298096,243,50.79652468535616
79.26300978660583,243,50.79652468535616
79.26345920562744,243,50.79652468535616
79.263906955719,243,50.79652468535616
79.26435351371765,243,50.79652468535616
79.2648184299469,243,50.79652468535616
79.26526665687561,243,50.79652468535616
79.2657220363617,243,50.79652468535616
79.26614499092102,243,50.79652468535616
79.26661825180054,243,50.79652468535616
79.26707148551941,243,50.79652468535616
79.26882767677307,241,50.800659314305754
79.2693305015564,241,50.800659314305754
79.26983880996704,241,50.800659314305754
79.27031779289246,241,50.800659314305754
79.27079653739929,241,50.800659314305754
79.27129912376404,241,50.800659314305754
79.27176809310913,241,50.800659314305754
79.27221870422363,241,50.800659314305754
79.2727153301239,241,50.800659314305754
79.27330183982849,241,50.800659314305754
79.27386832237244,241,50.800659314305754
79.27439332008362,241,50.800659314305754
79.27490520477295,241,50.800659314305754
79.27537989616394,241,50.800659314305754
79.27574825286865,241,50.800659314305754
79.28058624267578,241,50.800659314305754
79.2811369895935,241,50.800659314305754
79.2816412448883,241,50.800659314305754
79.28210139274597,241,50.800659314305754
79.28255462646484,241,50.800659314305754
79.28300380706787,241,50.800659314305754
79.28345608711243,241,50.800659314305754
79.28390574455261,241,50.800659314305754
79.28438639640808,241,50.800659314305754
79.28493046760559,241,50.800659314305754
79.28543162345886,241,50.800659314305754
79.28608250617981,241,50.800659314305754
79.28664088249207,241,50.800659314305754
79.28715348243713,241,50.800659314305754
79.28779435157776,241,50.800659314305754
79.28843998908997,241,50.800659314305754
79.28957843780518,241,50.800659314305754
79.29015898704529,241,50.800659314305754
79.29069328308105,241,50.800659314305754
79.29153943061829,241,50.800659314305754
79.29202198982239,241,50.800659314305754
79.29250121116638,241,50.800659314305754
79.2931637763977,241,50.800659314305754
79.29363965988159,241,50.800659314305754
79.2941677570343,241,50.800659314305754
79.2990128993988,240,50.80430780673801
79.2995171546936,240,50.80430780673801
79.30000591278076,240,50.80430780673801
79.3004834651947,240,50.80430780673801
79.3009684085846,240,50.80430780673801
79.301433801651,240,50.80430780673801
79.30187678337097,240,50.80430780673801
79.30232667922974,240,50.80430780673801
79.30275964736938,240,50.80430780673801
79.30320310592651,240,50.80430780673801
79.30364298820496,240,50.80430780673801
79.30407762527466,240,50.80430780673801
79.30453896522522,240,50.80430780673801
79.30498099327087,240,50.80430780673801
79.30553555488586,240,50.80430780673801
79.30610966682434,240,50.80430780673801
79.30663442611694,240,50.80430780673801
79.30713391304016,240,50.80430780673801
79.30765676498413,240,50.80430780673801
79.3081431388855,240,50.80430780673801
79.30862927436829,240,50.80430780673801
79.30911660194397,240,50.80430780673801
79.30965209007263,240,50.80430780673801
79.31014823913574,240,50.80430780673801
79.31063580513,240,50.80430780673801
79.31136465072632,240,50.80430780673801
79.31205725669861,240,50.80430780673801
79.31275916099548,240,50.80430780673801
79.31343388557434,240,50.80430780673801
79.31409549713135,240,50.80430780673801
79.31482648849487,240,50.80430780673801
79.31554007530212,240,50.80430780673801
79.31624412536621,240,50.80430780673801
79.3169493675232,240,50.80430780673801
79.31759142875671,240,50.80430780673801
79.31812739372253,240,50.80430780673801
79.31869220733643,240,50.80430780673801
79.324227809906,240,50.807538939951385
79.32476615905762,240,50.807538939951385
79.32521104812622,240,50.807538939951385
79.32568430900574,240,50.807538939951385
79.3261547088623,240,50.807538939951385
79.32660603523254,240,50.807538939951385
79.32705163955688,240,50.807538939951385
79.32751941680908,240,50.807538939951385
79.3279812335968,240,50.807538939951385
79.32854747772217,240,50.807538939951385
79.329092502594,240,50.807538939951385
79.3297963142395,240,50.807538939951385
79.33030867576599,240,50.807538939951385
79.33081340789795,240,50.807538939951385
79.33137083053589,240,50.807538939951385
79.33196330070496,240,50.807538939951385
79.33263969421387,240,50.807538939951385
79.3331344127655,240,50.807538939951385
79.3335747718811,240,50.807538939951385
79.33398199081421,240,50.807538939951385
79.33578634262085,240,50.81041968290881
79.33627104759216,240,50.81041968290881
79.33672785758972,240,50.81041968290881
79.33719968795776,240,50.81041968290881
79.3378415107727,240,50.81041968290881
79.33828687667847,240,50.81041968290881
79.33875513076782,240,50.81041968290881
79.33920335769653,240,50.81041968290881
79.339688539505,240,50.81041968290881
79.34015583992004,240,50.81041968290881
79.34060502052307,240,50.81041968290881
79.34106516838074,240,50.81041968290881
79.34152507781982,240,50.81041968290881
79.34202837944031,240,50.81041968290881
79.34250354766846,240,50.81041968290881
79.34296250343323,240,50.81041968290881
79.3434066772461,240,50.81041968290881
79.34386134147644,240,50.81041968290881
79.34431219100952,240,50.81041968290881
79.34475708007812,240,50.81041968290881
79.34519696235657,240,50.81041968290881
79.34566044807434,240,50.81041968290881
79.34601593017578,240,50.81041968290881
79.35206532478333,240,50.812985839663874
79.3528356552124,240,50.812985839663874
79.35365343093872,240,50.812985839663874
79.35448837280273,240,50.812985839663874
79.35509490966797,240,50.812985839663874
79.35562562942505,240,50.812985839663874
79.35649061203003,240,50.812985839663874
79.35717034339905,240,50.812985839663874
79.35784840583801,240,50.812985839663874
79.35852551460266,240,50.812985839663874
79.35918068885803,240,50.812985839663874
79.35985374450684,240,50.812985839663874
79.36150169372559,240,50.812985839663874
79.36198687553406,240,50.812985839663874
79.36245822906494,240,50.812985839663874
79.3629105091095,240,50.812985839663874
79.36342430114746,240,50.812985839663874
79.36389207839966,240,50.812985839663874
79.36434388160706,240,50.812985839663874
79.36482787132263,240,50.812985839663874
79.3652834892273,240,50.812985839663874
79.36574816703796,240,50.812985839663874
79.36625576019287,240,50.812985839663874
79.36674237251282,240,50.812985839663874
79.36723065376282,240,50.812985839663874
79.3676872253418,240,50.812985839663874
79.36821985244751,240,50.812985839663874
79.3687219619751,240,50.812985839663874
79.3692741394043,240,50.812985839663874
79.36977982521057,240,50.812985839663874
79.37027430534363,240,50.812985839663874
79.37080335617065,240,50.812985839663874
79.37217116355896,240,50.81528603398385
79.37408685684204,240,50.81528603398385
79.3746223449707,240,50.81528603398385
79.37569260597229,240,50.81528603398385
79.37618732452393,240,50.81528603398385
79.37666463851929,240,50.81528603398385
79.37768077850342,240,50.81528603398385
79.37817358970642,240,50.81528603398385
79.37864375114441,240,50.81528603398385
79.37910342216492,240,50.81528603398385
79.37950801849365,240,50.81528603398385
79.38426423072815,240,50.81528603398385
80.57899785041809,227,51.653575482207074
80.58000659942627,227,51.653575482207074
80.58084201812744,227,51.653575482207074
80.58158588409424,227,51.653575482207074
80.58232879638672,227,51.653575482207074
80.58305168151855,227,51.653575482207074
80.58378052711487,227,51.653575482207074
80.58451557159424,227,51.653575482207074
80.58524560928345,227,51.653575482207074
80.58603024482727,227,51.653575482207074
80.58708167076111,227,51.653575482207074
80.58790516853333,227,51.653575482207074
80.58864688873291,227,51.653575482207074
80.58946633338928,227,51.653575482207074
80.59024477005005,227,51.653575482207074
80.59098196029663,227,51.653575482207074
80.59168648719788,227,51.653575482207074
80.59248661994934,227,51.653575482207074
80.593505859375,227,51.653575482207074
80.59425902366638,227,51.653575482207074
80.5950562953949,227,51.653575482207074
80.5955457687378,227,51.653575482207074
80.59603214263916,227,51.653575482207074
80.59668684005737,227,51.653575482207074
80.59739422798157,227,51.653575482207074
80.59805941581726,227,51.653575482207074
80.59865522384644,227,51.653575482207074
80.59930992126465,227,51.653575482207074
80.59996461868286,227,51.653575482207074
80.6005220413208,227,51.653575482207074
80.60108518600464,227,51.653575482207074
80.60181212425232,227,51.653575482207074
80.60243082046509,227,51.653575482207074
80.60298490524292,227,51.653575482207074
80.60342359542847,227,51.653575482207074
80.60393786430359,227,51.653575482207074
80.60445833206177,227,51.653575482207074
80.60494923591614,227,51.653575482207074
80.60560870170593,227,51.653575482207074
80.60621213912964,227,51.653575482207074
80.60670351982117,227,51.653575482207074
80.60718822479248,227,51.653575482207074
80.60763502120972,227,51.653575482207074
80.60809707641602,227,51.653575482207074
80.60857152938843,227,51.653575482207074
80.60903787612915,227,51.653575482207074
80.6095609664917,227,51.653575482207074
80.61010026931763,227,51.653575482207074
80.61056637763977,227,51.653575482207074
80.61105942726135,227,51.653575482207074
80.90103769302368,209,51.78630291335139
80.90164637565613,209,51.78630291335139
80.9021430015564,209,51.78630291335139
80.90259265899658,209,51.78630291335139
80.90305185317993,209,51.78630291335139
80.9034972190857,209,51.78630291335139
80.90393590927124,209,51.78630291335139
80.90437340736389,209,51.78630291335139
80.90484118461609,209,51.78630291335139
80.90528202056885,209,51.78630291335139
80.9263105392456,207,51.79181271839411
80.92694926261902,207,51.79181271839411
80.92743110656738,207,51.79181271839411
80.92790198326111,207,51.79181271839411
80.92839932441711,207,51.79181271839411
80.92885875701904,207,51.79181271839411
80.92936515808105,207,51.79181271839411
80.92998743057251,207,51.79181271839411
80.93058729171753,207,51.79181271839411
80.93109464645386,207,51.79181271839411
80.93153119087219,207,51.79181271839411
80.93197417259216,207,51.79181271839411
80.93244481086731,207,51.79181271839411
80.93291401863098,207,51.79181271839411
80.93336224555969,207,51.79181271839411
80.93382263183594,207,51.79181271839411
80.93430304527283,207,51.79181271839411
80.9347972869873,207,51.79181271839411
80.93524694442749,207,51.79181271839411
80.93570876121521,207,51.79181271839411
81.16282796859741,188,51.90441116272256
81.16346883773804,188,51.90441116272256
81.1653835773468,188,51.90441116272256
81.16594934463501,188,51.90441116272256
81.16664576530457,188,51.90441116272256
81.16857957839966,188,51.90441116272256
81.16931629180908,188,51.90441116272256
81.17001581192017,188,51.90441116272256
81.17406058311462,188,51.90441116272256
81.17499852180481,188,51.90441116272256
81.17836499214172,188,51.90441116272256
81.17888069152832,188,51.90441116272256
81.17948913574219,188,51.90441116272256
81.17998886108398,188,51.90441116272256
81.18075466156006,188,51.90441116272256
81.18134927749634,188,51.90441116272256
81.18184685707092,188,51.90441116272256
81.18244218826294,188,51.90441116272256
81.18322110176086,188,51.90441116272256
81.18370270729065,188,51.90441116272256
81.43052244186401,181,52.0262196171041
81.43138909339905,181,52.0262196171041
81.43196606636047,181,52.0262196171041
81.43244504928589,181,52.0262196171041
81.43296694755554,181,52.0262196171041
81.43360233306885,181,52.0262196171041
81.43429756164551,181,52.0262196171041
81.43478870391846,181,52.0262196171041
81.43538188934326,181,52.0262196171041
81.43594074249268,181,52.0262196171041
81.43668603897095,181,52.0262196171041
81.43728995323181,181,52.0262196171041
81.43778133392334,181,52.0262196171041
81.43826580047607,181,52.0262196171041
81.43878889083862,181,52.0262196171041
81.43924641609192,181,52.0262196171041
81.439861536026,181,52.0262196171041
81.44042205810547,181,52.0262196171041
81.44091892242432,181,52.0262196171041
81.44143557548523,181,52.0262196171041
81.46239876747131,181,52.03018729063151
81.46309733390808,181,52.03018729063151
81.46385359764099,181,52.03018729063151
81.46438717842102,181,52.03018729063151
81.46489596366882,181,52.03018729063151
81.46537733078003,181,52.03018729063151
81.46585392951965,181,52.03018729063151
81.46632504463196,181,52.03018729063151
81.46676921844482,181,52.03018729063151
81.46719241142273,181,52.03018729063151
81.46760821342468,181,52.03018729063151
81.46805453300476,181,52.03018729063151
81.46847462654114,181,52.03018729063151
81.46893167495728,181,52.03018729063151
81.4693922996521,181,52.03018729063151
81.47008943557739,181,52.03018729063151
81.47057318687439,181,52.03018729063151
81.47105097770691,181,52.03018729063151
81.47153949737549,181,52.03018729063151
81.47199773788452,181,52.03018729063151
81.65775966644287,181,52.13818651453826
81.6585259437561,181,52.13818651453826
81.65923309326172,181,52.13818651453826
81.65976166725159,181,52.13818651453826
81.66031098365784,181,52.13818651453826
81.6608498096466,181,52.13818651453826
81.66134333610535,181,52.13818651453826
81.66179871559143,181,52.13818651453826
81.6622486114502,181,52.13818651453826
81.66268277168274,181,52.13818651453826
81.66310477256775,181,52.13818651453826
81.66356563568115,181,52.13818651453826
81.66401171684265,181,52.13818651453826
81.6644549369812,181,52.13818651453826
81.66490912437439,181,52.13818651453826
81.66548919677734,181,52.13818651453826
81.66610383987427,181,52.13818651453826
81.66672110557556,181,52.13818651453826
81.66735935211182,181,52.13818651453826
81.66794228553772,181,52.13818651453826
81.93624329566956,181,52.31414976910386
81.93688178062439,181,52.31414976910386
81.93738842010498,181,52.31414976910386
81.93789196014404,181,52.31414976910386
81.93836307525635,181,52.31414976910386
81.93884086608887,181,52.31414976910386
81.93928861618042,181,52.31414976910386
81.93993926048279,181,52.31414976910386
81.94059681892395,181,52.31414976910386
81.94127011299133,181,52.31414976910386
81.94176173210144,181,52.31414976910386
81.94224643707275,181,52.31414976910386
81.94270730018616,181,52.31414976910386
81.94316744804382,181,52.31414976910386
81.94369554519653,181,52.31414976910386
81.94420576095581,181,52.31414976910386
81.94486355781555,181,52.31414976910386
81.9454243183136,181,52.31414976910386
81.94602751731873,181,52.31414976910386
81.94665718078613,181,52.31414976910386
82.04974365234375,178,52.38793515549706
82.0503921508789,178,52.38793515549706
82.0509045124054,178,52.38793515549706
82.05137419700623,178,52.38793515549706
82.05182266235352,178,52.38793515549706
82.05229163169861,178,52.38793515549706
82.05291485786438,178,52.38793515549706
82.05338501930237,178,52.38793515549706
82.0538444519043,178,52.38793515549706
82.05427384376526,178,52.38793515549706
82.05471539497375,178,52.38793515549706
82.055166721344,178,52.38793515549706
82.05564761161804,178,52.38793515549706
82.05611515045166,178,52.38793515549706
82.05655670166016,178,52.38793515549706
82.05702257156372,178,52.38793515549706
82.05747723579407,178,52.38793515549706
82.05791974067688,178,52.38793515549706
82.05837893486023,178,52.38793515549706
82.05885100364685,178,52.38793515549706
82.162034034729,173,52.453754127699845
82.16270470619202,173,52.453754127699845
82.16321730613708,173,52.453754127699845
82.16374397277832,173,52.453754127699845
82.16423392295837,173,52.453754127699845
82.16478323936462,173,52.453754127699845
82.16537666320801,173,52.453754127699845
82.16595005989075,173,52.453754127699845
82.1665403842926,173,52.453754127699845
82.16708040237427,173,52.453754127699845
82.16760635375977,173,52.453754127699845
82.16808867454529,173,52.453754127699845
82.16851735115051,173,52.453754127699845
82.16908001899719,173,52.453754127699845
82.1695909500122,173,52.453754127699845
82.17010855674744,173,52.453754127699845
82.1706292629242,173,52.453754127699845
82.17124724388123,173,52.453754127699845
82.17198204994202,173,52.453754127699845
82.17267656326294,173,52.453754127699845
82.27589392662048,172,52.523589983456496
82.27651691436768,172,52.523589983456496
82.27708387374878,172,52.523589983456496
82.27782320976257,172,52.523589983456496
82.27854013442993,172,52.523589983456496
82.27907848358154,172,52.523589983456496
82.27956128120422,172,52.523589983456496
82.28003168106079,172,52.523589983456496
82.2804925441742,172,52.523589983456496
82.28098368644714,172,52.523589983456496
82.28145003318787,172,52.523589983456496
82.2820246219635,172,52.523589983456496
82.28249716758728,172,52.523589983456496
82.28295993804932,172,52.523589983456496
82.28343033790588,172,52.523589983456496
82.2838933467865,172,52.523589983456496
82.28435707092285,172,52.523589983456496
82.28480076789856,172,52.523589983456496
82.28521919250488,172,52.523589983456496
82.28567910194397,172,52.523589983456496
82.28603768348694,172,52.523589983456496
82.29052948951721,172,52.523589983456496
82.8262288570404,150,52.91197579543051
82.82686758041382,150,52.91197579543051
82.8273983001709,150,52.91197579543051
82.82787895202637,150,52.91197579543051
82.8283314704895,150,52.91197579543051
82.82878136634827,150,52.91197579543051
82.82922840118408,150,52.91197579543051
82.82967019081116,150,52.91197579543051
82.83014845848083,150,52.91197579543051
82.83062076568604,150,52.91197579543051
82.83111619949341,150,52.91197579543051
82.83156704902649,150,52.91197579543051
82.83202862739563,150,52.91197579543051
82.83247327804565,150,52.91197579543051
82.83292865753174,150,52.91197579543051
82.8333797454834,150,52.91197579543051
82.8338234424591,150,52.91197579543051
82.83427929878235,150,52.91197579543051
82.83472013473511,150,52.91197579543051
82.83515977859497,150,52.91197579543051
82.83560109138489,150,52.91197579543051
82.83606481552124,150,52.91197579543051
82.83653020858765,150,52.91197579543051
82.83714628219604,150,52.91197579543051
82.83764696121216,150,52.91197579543051
82.83819484710693,150,52.91197579543051
82.83863401412964,150,52.91197579543051
82.83913373947144,150,52.91197579543051
82.84017419815063,150,52.91197579543051
82.84081625938416,150,52.91197579543051
82.84148216247559,150,52.91197579543051
82.84213089942932,150,52.91197579543051
82.8426947593689,150,52.91197579543051
82.84337782859802,150,52.91197579543051
82.84402918815613,150,52.91197579543051
82.84473633766174,150,52.91197579543051
82.84539151191711,150,52.91197579543051
82.84604239463806,150,52.91197579543051
82.84655666351318,150,52.91197579543051
82.84701991081238,150,52.91197579543051
83.073326587677,148,53.04452107310471
83.07396054267883,148,53.04452107310471
83.07448744773865,148,53.04452107310471
83.0749864578247,148,53.04452107310471
83.07545518875122,148,53.04452107310471
83.07592177391052,148,53.04452107310471
83.07640767097473,148,53.04452107310471
83.07687473297119,148,53.04452107310471
83.07734847068787,148,53.04452107310471
83.07780385017395,148,53.04452107310471
83.0782675743103,148,53.04452107310471
83.07873320579529,148,53.04452107310471
83.07924032211304,148,53.04452107310471
83.07971024513245,148,53.04452107310471
83.08024501800537,148,53.04452107310471
83.08075618743896,148,53.04452107310471
83.08123755455017,148,53.04452107310471
83.08167672157288,148,53.04452107310471
83.08215069770813,148,53.04452107310471
83.08260083198547,148,53.04452107310471
83.9880518913269,120,53.4862053342261
84.25584053993225,112,53.58250152819959
84.25646352767944,112,53.58250152819959
84.25697231292725,112,53.58250152819959
84.25748920440674,112,53.58250152819959
84.25794553756714,112,53.58250152819959
84.2584593296051,112,53.58250152819959
84.25891399383545,112,53.58250152819959
84.25936555862427,112,53.58250152819959
84.25985431671143,112,53.58250152819959
84.26030039787292,112,53.58250152819959
84.2607843875885,112,53.58250152819959
84.26124811172485,112,53.58250152819959
84.26172375679016,112,53.58250152819959
84.2621648311615,112,53.58250152819959
84.26261234283447,112,53.58250152819959
84.2630455493927,112,53.58250152819959
84.26351857185364,112,53.58250152819959
84.2640209197998,112,53.58250152819959
84.26447319984436,112,53.58250152819959
84.26492881774902,112,53.58250152819959
84.38853096961975,106,53.63441483780531
84.38915276527405,106,53.63441483780531
84.38963389396667,106,53.63441483780531
84.39009976387024,106,53.63441483780531
84.3905656337738,106,53.63441483780531
84.39102959632874,106,53.63441483780531
84.39147448539734,106,53.63441483780531
84.39191842079163,106,53.63441483780531
84.3923807144165,106,53.63441483780531
84.39282035827637,106,53.63441483780531
84.39323806762695,106,53.63441483780531
84.3936858177185,106,53.63441483780531
84.39412093162537,106,53.63441483780531
84.39460730552673,106,53.63441483780531
84.3951678276062,106,53.63441483780531
84.39562201499939,106,53.63441483780531
84.396066904068,106,53.63441483780531
84.3965392112732,106,53.63441483780531
84.39700412750244,106,53.63441483780531
84.39745807647705,106,53.63441483780531
84.5419762134552,96,53.70792883023745
84.54259443283081,96,53.70792883023745
84.54307723045349,96,53.70792883023745
84.54353594779968,96,53.70792883023745
84.54399800300598,96,53.70792883023745
84.54444336891174,96,53.70792883023745
84.54488801956177,96,53.70792883023745
84.54536128044128,96,53.70792883023745
84.54584336280823,96,53.70792883023745
84.5464415550232,96,53.70792883023745
84.54701209068298,96,53.70792883023745
84.54748153686523,96,53.70792883023745
84.54794430732727,96,53.70792883023745
84.54853296279907,96,53.70792883023745
84.54905939102173,96,53.70792883023745
84.54959917068481,96,53.70792883023745
84.55007767677307,96,53.70792883023745
84.55057215690613,96,53.70792883023745
84.55106282234192,96,53.70792883023745
84.55159616470337,96,53.70792883023745
84.69623708724976,96,53.785733712494334
84.69707727432251,96,53.785733712494334
84.69777917861938,96,53.785733712494334
84.69838905334473,96,53.785733712494334
84.699049949646,96,53.785733712494334
84.69963002204895,96,53.785733712494334
84.70031595230103,96,53.785733712494334
84.70103740692139,96,53.785733712494334
84.70172095298767,96,53.785733712494334
84.70242381095886,96,53.785733712494334
84.70309233665466,96,53.785733712494334
84.70375418663025,96,53.785733712494334
84.70442461967468,96,53.785733712494334
84.70511269569397,96,53.785733712494334
84.70575523376465,96,53.785733712494334
84.70641803741455,96,53.785733712494334
84.70696544647217,96,53.785733712494334
84.70744156837463,96,53.785733712494334
84.70789217948914,96,53.785733712494334
84.70834541320801,96,53.785733712494334
84.83247065544128,96,53.86266005350612
84.83332300186157,96,53.86266005350612
84.83400201797485,96,53.86266005350612
84.8346540927887,96,53.86266005350612
84.83527874946594,96,53.86266005350612
84.8358941078186,96,53.86266005350612
84.83664011955261,96,53.86266005350612
84.8373053073883,96,53.86266005350612
84.8379807472229,96,53.86266005350612
84.83865213394165,96,53.86266005350612
84.83929800987244,96,53.86266005350612
84.83981704711914,96,53.86266005350612
84.8403058052063,96,53.86266005350612
84.84083580970764,96,53.86266005350612
84.841468334198,96,53.86266005350612
84.84193420410156,96,53.86266005350612
84.84238815307617,96,53.86266005350612
84.84285259246826,96,53.86266005350612
84.84331154823303,96,53.86266005350612
84.84373807907104,96,53.86266005350612
84.94666147232056,96,53.933888930465834
84.94734454154968,96,53.933888930465834
84.94805526733398,96,53.933888930465834
84.94857692718506,96,53.933888930465834
84.94915199279785,96,53.933888930465834
84.94979500770569,96,53.933888930465834
84.95027279853821,96,53.933888930465834
84.95080137252808,96,53.933888930465834
84.95126414299011,96,53.933888930465834
84.95173382759094,96,53.933888930465834
84.95230054855347,96,53.933888930465834
84.95274424552917,96,53.933888930465834
84.95327162742615,96,53.933888930465834
84.95380735397339,96,53.933888930465834
84.95433759689331,96,53.933888930465834
84.95483946800232,96,53.933888930465834
84.955317735672,96,53.933888930465834
84.95573997497559,96,53.933888930465834
84.95632648468018,96,53.933888930465834
84.95682168006897,96,53.933888930465834
85.0190486907959,96,53.96081118057802
85.01976037025452,96,53.96081118057802
85.02033472061157,96,53.96081118057802
85.02098250389099,96,53.96081118057802
85.02145314216614,96,53.96081118057802
85.0219213962555,96,53.96081118057802
85.02238011360168,96,53.96081118057802
85.02284550666809,96,53.96081118057802
85.02329611778259,96,53.96081118057802
85.0237386226654,96,53.96081118057802
85.02418661117554,96,53.96081118057802
85.02464652061462,96,53.96081118057802
85.02512907981873,96,53.96081118057802
85.0256016254425,96,53.96081118057802
85.02606868743896,96,53.96081118057802
85.02651596069336,96,53.96081118057802
85.02696871757507,96,53.96081118057802
85.02742648124695,96,53.96081118057802
85.02789521217346,96,53.96081118057802
85.02841567993164,96,53.96081118057802
85.09043979644775,96,54.01419759124504
85.09111285209656,96,54.01419759124504
85.09161138534546,96,54.01419759124504
85.09208703041077,96,54.01419759124504
85.09256076812744,96,54.01419759124504
85.09301686286926,96,54.01419759124504
85.09347772598267,96,54.01419759124504
85.09393382072449,96,54.01419759124504
85.09441566467285,96,54.01419759124504
85.09486413002014,96,54.01419759124504
85.09530067443848,96,54.01419759124504
85.09574890136719,96,54.01419759124504
85.09620356559753,96,54.01419759124504
85.09666180610657,96,54.01419759124504
85.09711790084839,96,54.01419759124504
85.09758949279785,96,54.01419759124504
85.0980453491211,96,54.01419759124504
85.09850549697876,96,54.01419759124504
85.09897565841675,96,54.01419759124504
85.0994176864624,96,54.01419759124504
85.28475832939148,96,54.17680627654904
85.28536176681519,96,54.17680627654904
85.28584170341492,96,54.17680627654904
85.28628849983215,96,54.17680627654904
85.28673934936523,96,54.17680627654904
85.28718400001526,96,54.17680627654904
85.28768563270569,96,54.17680627654904
85.28816413879395,96,54.17680627654904
85.28863620758057,96,54.17680627654904
85.28909635543823,96,54.17680627654904
85.28955149650574,96,54.17680627654904
85.2899956703186,96,54.17680627654904
85.29046630859375,96,54.17680627654904
85.29097151756287,96,54.17680627654904
85.29143023490906,96,54.17680627654904
85.2918553352356,96,54.17680627654904
85.29229855537415,96,54.17680627654904
85.2927405834198,96,54.17680627654904
85.29320693016052,96,54.17680627654904
85.29367923736572,96,54.17680627654904
85.29404807090759,96,54.17680627654904
85.29793119430542,96,54.17680627654904
86.12033271789551,65,54.77327601760251
86.12101149559021,65,54.77327601760251
86.1215546131134,65,54.77327601760251
86.12209224700928,65,54.77327601760251
86.1226167678833,65,54.77327601760251
86.12307500839233,65,54.77327601760251
86.12355756759644,65,54.77327601760251
86.12402486801147,65,54.77327601760251
86.12448215484619,65,54.77327601760251
86.12493348121643,65,54.77327601760251
86.12539434432983,65,54.77327601760251
86.12584924697876,65,54.77327601760251
86.1262845993042,65,54.77327601760251
86.12670159339905,65,54.77327601760251
86.12709164619446,65,54.77327601760251
86.12759160995483,65,54.77327601760251
86.12806534767151,65,54.77327601760251
86.12852263450623,65,54.77327601760251
86.12900495529175,65,54.77327601760251
86.12950110435486,65,54.77327601760251
86.12997341156006,65,54.77327601760251
86.13046956062317,65,54.77327601760251
86.13095545768738,65,54.77327601760251
86.13140511512756,65,54.77327601760251
86.13191056251526,65,54.77327601760251
86.13237285614014,65,54.77327601760251
86.13363146781921,65,54.77327601760251
86.13447499275208,65,54.77327601760251
86.1351752281189,65,54.77327601760251
86.13583302497864,65,54.77327601760251
86.13642644882202,65,54.77327601760251
86.13690090179443,65,54.77327601760251
86.13735699653625,65,54.77327601760251
86.13784456253052,65,54.77327601760251
86.13849925994873,65,54.77327601760251
86.13904523849487,65,54.77327601760251
86.14005756378174,65,54.77327601760251
86.14074397087097,65,54.77327601760251
86.14121532440186,65,54.77327601760251
86.14176082611084,65,54.77327601760251
86.14223575592041,65,54.77327601760251
86.14273524284363,65,54.77327601760251
86.1431872844696,65,54.77327601760251
86.14366507530212,65,54.77327601760251
86.14413070678711,65,54.77327601760251
86.14457273483276,65,54.77327601760251
86.14501667022705,65,54.77327601760251
86.14545893669128,65,54.77327601760251
86.14593052864075,65,54.77327601760251
86.14641404151917,65,54.77327601760251
86.14691209793091,65,54.77327601760251
86.14742255210876,65,54.77327601760251
86.14791011810303,65,54.77327601760251
86.14840412139893,65,54.77327601760251
86.14889764785767,65,54.77327601760251
86.14934229850769,65,54.77327601760251
86.1497859954834,65,54.77327601760251
86.15027570724487,65,54.77327601760251
86.15075325965881,65,54.77327601760251
86.15119743347168,65,54.77327601760251
86.15838766098022,62,54.796975980222676
86.15887928009033,62,54.796975980222676
86.15933632850647,62,54.796975980222676
86.1597912311554,62,54.796975980222676
86.1602692604065,62,54.796975980222676
86.16078305244446,62,54.796975980222676
86.16122341156006,62,54.796975980222676
86.16166520118713,62,54.796975980222676
86.16217279434204,62,54.796975980222676
86.16264915466309,62,54.796975980222676
86.16311192512512,62,54.796975980222676
86.16371893882751,62,54.796975980222676
86.16419696807861,62,54.796975980222676
86.16466641426086,62,54.796975980222676
86.16539335250854,62,54.796975980222676
86.16595530509949,62,54.796975980222676
86.16645359992981,62,54.796975980222676
86.16700506210327,62,54.796975980222676
86.16894912719727,62,54.803404617217296
86.16960263252258,62,54.803404617217296
86.23232293128967,62,54.82891676934052
86.23326349258423,62,54.82891676934052
86.23385977745056,62,54.82891676934052
86.23442792892456,62,54.82891676934052
86.23490691184998,62,54.82891676934052
86.23539519309998,62,54.82891676934052
86.23590993881226,62,54.82891676934052
86.2363691329956,62,54.82891676934052
86.2368311882019,62,54.82891676934052
86.23730397224426,62,54.82891676934052
86.23777627944946,62,54.82891676934052
86.23827958106995,62,54.82891676934052
86.23873114585876,62,54.82891676934052
86.23917770385742,62,54.82891676934052
86.23966145515442,62,54.82891676934052
86.24013066291809,62,54.82891676934052
86.24058175086975,62,54.82891676934052
86.2410523891449,62,54.82891676934052
86.2415201663971,62,54.82891676934052
86.24203038215637,62,54.82891676934052
86.53018617630005,59,54.9479798993416
86.53116130828857,59,54.9479798993416
86.53189539909363,59,54.9479798993416
86.53254675865173,59,54.9479798993416
86.53318858146667,59,54.9479798993416
86.53371024131775,59,54.9479798993416
86.53417110443115,59,54.9479798993416
86.53463292121887,59,54.9479798993416
86.53511142730713,59,54.9479798993416
86.5355703830719,59,54.9479798993416
86.53603172302246,59,54.9479798993416
86.53646469116211,59,54.9479798993416
86.53689312934875,59,54.9479798993416
86.5373306274414,59,54.9479798993416
86.53774118423462,59,54.9479798993416
86.53820013999939,59,54.9479798993416
86.53864693641663,59,54.9479798993416
86.53911828994751,59,54.9479798993416
86.5395884513855,59,54.9479798993416
86.54003953933716,59,54.9479798993416
86.54048657417297,59,54.9479798993416
86.643709897995,59,54.982124608266425
86.6443784236908,59,54.982124608266425
86.64514565467834,59,54.982124608266425
86.64584279060364,59,54.982124608266425
86.64658379554749,59,54.982124608266425
86.6470775604248,59,54.982124608266425
86.64755439758301,59,54.982124608266425
86.64820575714111,59,54.982124608266425
86.64869737625122,59,54.982124608266425
86.64916229248047,59,54.982124608266425
86.64972639083862,59,54.982124608266425
86.65036177635193,59,54.982124608266425
86.6509141921997,59,54.982124608266425
86.65146660804749,59,54.982124608266425
86.65193605422974,59,54.982124608266425
86.6524088382721,59,54.982124608266425
86.65284299850464,59,54.982124608266425
86.65328598022461,59,54.982124608266425
86.65373277664185,59,54.982124608266425
86.65421295166016,59,54.982124608266425
86.75770783424377,59,55.048291258736285
86.75843715667725,59,55.048291258736285
86.75897789001465,59,55.048291258736285
86.75946044921875,59,55.048291258736285
86.75993037223816,59,55.048291258736285
86.76043272018433,59,55.048291258736285
86.7609486579895,59,55.048291258736285
86.76140189170837,59,55.048291258736285
86.7618670463562,59,55.048291258736285
86.7623279094696,59,55.048291258736285
86.76279139518738,59,55.048291258736285
86.76330757141113,59,55.048291258736285
86.76379323005676,59,55.048291258736285
86.76446890830994,59,55.048291258736285
86.76508784294128,59,55.048291258736285
86.76561546325684,59,55.048291258736285
86.76612186431885,59,55.048291258736285
86.76660418510437,59,55.048291258736285
86.76709699630737,59,55.048291258736285
86.76761794090271,59,55.048291258736285
86.82986569404602,59,55.08964757907348
86.83074140548706,59,55.08964757907348
86.8315064907074,59,55.08964757907348
86.83217477798462,59,55.08964757907348
86.83283233642578,59,55.08964757907348
86.83352017402649,59,55.08964757907348
86.83418393135071,59,55.08964757907348
86.83477759361267,59,55.08964757907348
86.83525538444519,59,55.08964757907348
86.8357572555542,59,55.08964757907348
86.83621597290039,59,55.08964757907348
86.83679866790771,59,55.08964757907348
86.83746385574341,59,55.08964757907348
86.8379774093628,59,55.08964757907348
86.83846092224121,59,55.08964757907348
86.83891558647156,59,55.08964757907348
86.83947110176086,59,55.08964757907348
86.840176820755,59,55.08964757907348
86.84084963798523,59,55.08964757907348
86.84156966209412,59,55.08964757907348
86.88355898857117,59,55.10952544913315
86.88418745994568,59,55.10952544913315
86.88466835021973,59,55.10952544913315
86.88512063026428,59,55.10952544913315
86.88558459281921,59,55.10952544913315
86.88602900505066,59,55.10952544913315
86.88645696640015,59,55.10952544913315
86.88693475723267,59,55.10952544913315
86.88749957084656,59,55.10952544913315
86.88797760009766,59,55.10952544913315
86.88842487335205,59,55.10952544913315
86.8888750076294,59,55.10952544913315
86.88934516906738,59,55.10952544913315
86.88980984687805,59,55.10952544913315
86.89026188850403,59,55.10952544913315
86.89091491699219,59,55.10952544913315
86.89146828651428,59,55.10952544913315
86.8919370174408,59,55.10952544913315
86.89245271682739,59,55.10952544913315
86.89301490783691,59,55.10952544913315
86.91560196876526,59,55.13966499473871
86.91686534881592,59,55.13966499473871
86.91737079620361,59,55.13966499473871
86.91784620285034,59,55.13966499473871
86.91833567619324,59,55.13966499473871
86.91881060600281,59,55.13966499473871
86.91926550865173,59,55.13966499473871
86.91973495483398,59,55.13966499473871
86.92021870613098,59,55.13966499473871
86.92073702812195,59,55.13966499473871
86.92119288444519,59,55.13966499473871
86.92164397239685,59,55.13966499473871
86.92211079597473,59,55.13966499473871
86.92259502410889,59,55.13966499473871
86.92306804656982,59,55.13966499473871
86.92351603507996,59,55.13966499473871
86.92397809028625,59,55.13966499473871
86.9244601726532,59,55.13966499473871
86.92490816116333,59,55.13966499473871
86.92535829544067,59,55.13966499473871
86.98730897903442,59,55.18054574536435
86.98794674873352,59,55.18054574536435
86.98847436904907,59,55.18054574536435
86.98895573616028,59,55.18054574536435
86.98941016197205,59,55.18054574536435
86.98986387252808,59,55.18054574536435
86.99031591415405,59,55.18054574536435
86.99080753326416,59,55.18054574536435
86.99128413200378,59,55.18054574536435
86.99172759056091,59,55.18054574536435
86.99218082427979,59,55.18054574536435
86.99264311790466,59,55.18054574536435
86.99311757087708,59,55.18054574536435
86.99360585212708,59,55.18054574536435
86.9940276145935,59,55.18054574536435
86.99449968338013,59,55.18054574536435
86.99496698379517,59,55.18054574536435
86.99541783332825,59,55.18054574536435
86.99588561058044,59,55.18054574536435
86.99637770652771,59,55.18054574536435
86.99701619148254,59,55.18054574536435
86.99777579307556,59,55.18054574536435
86.99844646453857,59,55.18054574536435
86.9993245601654,59,55.18054574536435
87.00006985664368,59,55.18054574536435
87.00060248374939,59,55.18054574536435
87.00120115280151,59,55.18054574536435
87.00181984901428,59,55.18054574536435
87.00248837471008,59,55.18054574536435
87.0030517578125,59,55.18054574536435
87.00367999076843,59,55.18054574536435
87.00412631034851,59,55.18054574536435
87.00476026535034,59,55.18054574536435
87.00528216362,59,55.18054574536435
87.005779504776,59,55.18054574536435
87.00642538070679,59,55.18054574536435
87.00696539878845,59,55.18054574536435
87.00743174552917,59,55.18054574536435
87.0078775882721,59,55.18054574536435
87.00831747055054,59,55.18054574536435
87.00867509841919,59,55.18054574536435
87.01450657844543,59,55.20987102060564
87.89878439903259,50,55.6935132893655
87.92008209228516,49,55.69797513633591
87.92064952850342,49,55.69797513633591
87.92117547988892,49,55.69797513633591
87.92167782783508,49,55.69797513633591
87.92212271690369,49,55.69797513633591
87.92256736755371,49,55.69797513633591
87.92301869392395,49,55.69797513633591
87.92345976829529,49,55.69797513633591
87.92391228675842,49,55.69797513633591
87.92436695098877,49,55.69797513633591
87.92481470108032,49,55.69797513633591
87.92550110816956,49,55.69797513633591
87.92605257034302,49,55.69797513633591
87.92661356925964,49,55.69797513633591
87.92717814445496,49,55.69797513633591
87.92767715454102,49,55.69797513633591
87.92821145057678,49,55.69797513633591
87.92873358726501,49,55.69797513633591
87.92918372154236,49,55.69797513633591
87.9298210144043,49,55.69797513633591
87.93041348457336,49,55.69797513633591
87.93111395835876,49,55.69797513633591
87.93168377876282,49,55.69797513633591
87.93216228485107,49,55.69797513633591
87.93262767791748,49,55.69797513633591
87.93312788009644,49,55.69797513633591
87.93376183509827,49,55.69797513633591
87.93425822257996,49,55.69797513633591
87.93479990959167,49,55.69797513633591
87.9353346824646,49,55.69797513633591
87.93588781356812,49,55.69797513633591
87.93636465072632,49,55.69797513633591
87.93682360649109,49,55.69797513633591
87.93727946281433,49,55.69797513633591
87.93772482872009,49,55.69797513633591
87.93817043304443,49,55.69797513633591
87.93867349624634,49,55.69797513633591
87.93912959098816,49,55.69797513633591
87.93958830833435,49,55.69797513633591
87.94009923934937,49,55.69797513633591
87.94052505493164,49,55.69797513633591
87.94415974617004,49,55.69797513633591
88.33516931533813,25,56.00467535500085
88.33608341217041,25,56.00467535500085
88.3389196395874,25,56.00467535500085
88.33945655822754,25,56.00467535500085
88.33994746208191,25,56.00467535500085
88.34063696861267,25,56.00467535500085
88.34130024909973,25,56.00467535500085
88.34199953079224,25,56.00467535500085
88.34256911277771,25,56.00467535500085
88.34311079978943,25,56.00467535500085
88.34388756752014,25,56.00467535500085
88.34455442428589,25,56.00467535500085
88.34522914886475,25,56.00467535500085
88.34601712226868,25,56.00467535500085
88.34660792350769,25,56.00467535500085
88.3479254245758,25,56.00467535500085
88.34898018836975,25,56.00467535500085
88.3523440361023,25,56.00467535500085
88.35345244407654,25,56.00467535500085
88.35446906089783,25,56.00467535500085
88.35495448112488,25,56.00467535500085
88.35540771484375,25,56.00467535500085
88.35588598251343,25,56.00467535500085
88.35633182525635,25,56.00467535500085
88.35677075386047,25,56.00467535500085
88.35721945762634,25,56.00467535500085
88.3576672077179,25,56.00467535500085
88.36104083061218,24,56.022840460772294
88.36152768135071,24,56.022840460772294
88.36198449134827,24,56.022840460772294
88.3624336719513,24,56.022840460772294
88.36289501190186,24,56.022840460772294
88.36331391334534,24,56.022840460772294
88.36378717422485,24,56.022840460772294
88.36425995826721,24,56.022840460772294
88.36472630500793,24,56.022840460772294
88.36519956588745,24,56.022840460772294
88.36567234992981,24,56.022840460772294
88.36611938476562,24,56.022840460772294
88.36656951904297,24,56.022840460772294
88.36702394485474,24,56.022840460772294
88.36746454238892,24,56.022840460772294
88.3679141998291,24,56.022840460772294
88.36833548545837,24,56.022840460772294
88.36877489089966,24,56.022840460772294
88.36924481391907,24,56.022840460772294
88.36973214149475,24,56.022840460772294
88.37029600143433,24,56.022840460772294
88.37079906463623,24,56.022840460772294
88.37129759788513,24,56.022840460772294
88.37176489830017,24,56.022840460772294
88.37293744087219,24,56.022840460772294
88.37366604804993,24,56.022840460772294
88.37439370155334,24,56.022840460772294
88.37500023841858,24,56.022840460772294
88.37553977966309,24,56.022840460772294
88.37644410133362,24,56.022840460772294
88.37716031074524,24,56.022840460772294
88.37792921066284,24,56.022840460772294
88.37850093841553,24,56.022840460772294
88.37896823883057,24,56.022840460772294
88.37943863868713,24,56.022840460772294
88.3798656463623,24,56.022840460772294
88.38029384613037,24,56.022840460772294
88.38077664375305,24,56.022840460772294
88.38123106956482,24,56.022840460772294
88.38169002532959,24,56.022840460772294
88.38216924667358,24,56.022840460772294
88.38264107704163,24,56.022840460772294
88.38309025764465,24,56.022840460772294
88.38352870941162,24,56.022840460772294
88.3840000629425,24,56.022840460772294
88.38444924354553,24,56.022840460772294
88.38488984107971,24,56.022840460772294
88.38533163070679,24,56.022840460772294
88.3857593536377,24,56.022840460772294
88.38619804382324,24,56.022840460772294
88.38663935661316,24,56.022840460772294
88.38706231117249,24,56.022840460772294
88.38747549057007,24,56.022840460772294
88.73734259605408,15,56.2034822772614
88.73797369003296,15,56.2034822772614
88.73846077919006,15,56.2034822772614
88.73893189430237,15,56.2034822772614
88.73939633369446,15,56.2034822772614
88.73983025550842,15,56.2034822772614
88.74028611183167,15,56.2034822772614
88.74076437950134,15,56.2034822772614
88.74124097824097,15,56.2034822772614
88.74168419837952,15,56.2034822772614
88.74212002754211,15,56.2034822772614
88.74257016181946,15,56.2034822772614
88.74301028251648,15,56.2034822772614
88.74344682693481,15,56.2034822772614
88.7438862323761,15,56.2034822772614
88.74432730674744,15,56.2034822772614
88.7447419166565,15,56.2034822772614
88.7451696395874,15,56.2034822772614
88.74555206298828,15,56.2034822772614
88.74601316452026,15,56.2034822772614
88.74645209312439,15,56.2034822772614
88.84975957870483,14,56.23769287686707
88.85054636001587,14,56.23769287686707
88.85114312171936,14,56.23769287686707
88.851726770401,14,56.23769287686707
88.85230660438538,14,56.23769287686707
88.85288214683533,14,56.23769287686707
88.85357546806335,14,56.23769287686707
88.8541612625122,14,56.23769287686707
88.85464191436768,14,56.23769287686707
88.85526847839355,14,56.23769287686707
88.85584163665771,14,56.23769287686707
88.85646963119507,14,56.23769287686707
88.85706758499146,14,56.23769287686707
88.8581154346466,14,56.23769287686707
88.85868215560913,14,56.23769287686707
88.85925841331482,14,56.23769287686707
88.85973620414734,14,56.23769287686707
88.86021399497986,14,56.23769287686707
88.86098599433899,14,56.23769287686707
88.86155414581299,14,56.23769287686707
88.96489405632019,10,56.28120675536713
88.96553993225098,10,56.28120675536713
88.96602320671082,10,56.28120675536713
88.96648955345154,10,56.28120675536713
88.96698713302612,10,56.28120675536713
88.96746182441711,10,56.28120675536713
88.96792793273926,10,56.28120675536713
88.96837067604065,10,56.28120675536713
88.968825340271,10,56.28120675536713
88.96928453445435,10,56.28120675536713
88.96977305412292,10,56.28120675536713
88.97023129463196,10,56.28120675536713
88.97073125839233,10,56.28120675536713
88.97119069099426,10,56.28120675536713
88.97165703773499,10,56.28120675536713
88.97212100028992,10,56.28120675536713
88.9726071357727,10,56.28120675536713
88.97304964065552,10,56.28120675536713
88.97348642349243,10,56.28120675536713
88.97392988204956,10,56.28120675536713
89.09763407707214,10,56.35443779696064
89.09830570220947,10,56.35443779696064
89.09880661964417,10,56.35443779696064
89.09927725791931,10,56.35443779696064
89.09973287582397,10,56.35443779696064
89.10018563270569,10,56.35443779696064
89.10062432289124,10,56.35443779696064
89.10109663009644,10,56.35443779696064
89.10156512260437,10,56.35443779696064
89.10200667381287,10,56.35443779696064
89.102454662323,10,56.35443779696064
89.10287070274353,10,56.35443779696064
89.10330390930176,10,56.35443779696064
89.10370779037476,10,56.35443779696064
89.10418105125427,10,56.35443779696064
89.10465502738953,10,56.35443779696064
89.1051173210144,10,56.35443779696064
89.10555505752563,10,56.35443779696064
89.10601162910461,10,56.35443779696064
89.10645413398743,10,56.35443779696064
89.20970058441162,10,56.41683694989198
89.21030950546265,10,56.41683694989198
89.21109509468079,10,56.41683694989198
89.21173238754272,10,56.41683694989198
89.21233987808228,10,56.41683694989198
89.21298813819885,10,56.41683694989198
89.21364974975586,10,56.41683694989198
89.21429133415222,10,56.41683694989198
89.21498942375183,10,56.41683694989198
89.2156937122345,10,56.41683694989198
89.21633672714233,10,56.41683694989198
89.21698093414307,10,56.41683694989198
89.21765160560608,10,56.41683694989198
89.21813869476318,10,56.41683694989198
89.21859693527222,10,56.41683694989198
89.21913170814514,10,56.41683694989198
89.21962666511536,10,56.41683694989198
89.22013592720032,10,56.41683694989198
89.22062301635742,10,56.41683694989198
89.2211103439331,10,56.41683694989198
89.24215197563171,10,56.4266897327359
89.24283719062805,10,56.4266897327359
89.24338483810425,10,56.4266897327359
89.24397468566895,10,56.4266897327359
89.24444437026978,10,56.4266897327359
89.24489855766296,10,56.4266897327359
89.24533987045288,10,56.4266897327359
89.24579334259033,10,56.4266897327359
89.24623465538025,10,56.4266897327359
89.24669194221497,10,56.4266897327359
89.24712920188904,10,56.4266897327359
89.24758958816528,10,56.4266897327359
89.24806809425354,10,56.4266897327359
89.24853491783142,10,56.4266897327359
89.24900150299072,10,56.4266897327359
89.24946928024292,10,56.4266897327359
89.24992299079895,10,56.4266897327359
89.25045466423035,10,56.4266897327359
89.25098490715027,10,56.4266897327359
89.25148701667786,10,56.4266897327359
89.25201869010925,10,56.4266897327359
89.25249528884888,10,56.4266897327359
89.2529513835907,10,56.4266897327359
89.25345063209534,10,56.4266897327359
89.25418424606323,10,56.4266897327359
89.25467038154602,10,56.4266897327359
89.25514674186707,10,56.4266897327359
89.25591039657593,10,56.4266897327359
89.2565860748291,10,56.4266897327359
89.25722789764404,10,56.4266897327359
89.25786590576172,10,56.4266897327359
89.25834608078003,10,56.4266897327359
89.25882601737976,10,56.4266897327359
89.25928163528442,10,56.4266897327359
89.25971221923828,10,56.4266897327359
89.2601969242096,10,56.4266897327359
89.26070642471313,10,56.4266897327359
89.26117515563965,10,56.4266897327359
89.26164531707764,10,56.4266897327359
89.26209688186646,10,56.4266897327359
89.26257085800171,10,56.4266897327359
89.26302313804626,10,56.4266897327359
89.26350402832031,10,56.4266897327359
89.26402425765991,10,56.4266897327359
89.26448464393616,10,56.4266897327359
89.26497173309326,10,56.4266897327359
89.2654378414154,10,56.4266897327359
89.2658941745758,10,56.4266897327359
89.26635122299194,10,56.4266897327359
89.26686429977417,10,56.4266897327359
89.2673544883728,10,56.4266897327359
89.26783800125122,10,56.4266897327359
89.26836466789246,10,56.4266897327359
89.2688250541687,10,56.4266897327359
89.26938843727112,10,56.4266897327359
89.2730941772461,10,56.45580798269097
89.27378988265991,10,56.45580798269097
89.27450227737427,10,56.45580798269097
89.27501034736633,10,56.45580798269097
89.2757031917572,10,56.45580798269097
89.27609300613403,10,56.45580798269097
