# Blender 5.0.1
# www.blender.org
mtllib FourPitMedium.mtl
o env
v -187.854950 -0.371327 193.138336
v -163.255447 -0.949763 178.825409
v 80.294289 -26.162340 -143.352264
v 82.515137 -25.999640 24.240152
v 81.609879 -28.006187 29.479223
v -97.309151 -23.493650 26.690311
v -94.596664 -15.065210 -161.713562
v 80.890480 -31.408049 33.578106
v 80.420265 -28.334623 -139.541687
v 81.522179 -38.890820 49.181698
v -163.230713 -0.150634 195.942932
v 81.101784 -30.934546 -134.528549
v -94.416862 -26.885519 27.387707
v 81.478172 -38.836510 -126.591347
v -94.523552 -31.689924 32.786949
v -94.703796 -20.662233 -159.565491
v -149.911743 -0.764131 181.211853
v 94.266724 -25.344545 27.248125
v 92.945602 -27.802588 32.363602
v -95.445709 -40.984474 45.003181
v -95.475807 -25.687241 -147.930054
v 91.957939 -31.510674 36.817780
v -125.930107 0.271969 196.943970
v 90.665962 -34.838230 44.719173
v 93.037201 -24.635265 -145.865967
v 89.640198 -38.889252 49.991741
v -95.797081 -30.681604 -140.872009
v 88.279167 -42.828331 56.363609
v 92.285599 -26.372488 -142.357346
v 86.737808 -45.958179 63.812576
v -124.339951 -0.180099 184.299606
v 85.054672 -47.842926 72.639198
v 91.446709 -28.627850 -138.188797
v 83.302170 -49.131107 81.735519
v -95.687523 -40.327042 -131.363647
v 90.683823 -31.370819 -133.505386
v -78.608635 -0.014002 198.958893
v 89.872330 -34.734825 -129.210358
v 89.084404 -38.732773 -124.746719
v -86.511116 -21.348516 25.268991
v -84.368828 -0.590593 182.117935
v 105.569016 -24.347397 31.353785
v 88.371552 -42.732262 -120.093742
v 103.966591 -27.433435 35.698757
v 86.903557 -46.660900 -114.092293
v 102.357117 -31.712709 38.908871
v -83.974930 -23.714849 26.347776
v 99.642586 -35.250065 46.229824
v 97.439095 -38.889252 52.357517
v -45.311897 -0.057576 199.547165
v 94.970177 -42.667038 58.257317
v 85.086662 -48.300159 -104.246223
v -81.217918 -26.882551 27.824282
v 91.925827 -45.742256 65.434441
v 88.467575 -47.621521 73.927658
v 83.324181 -49.730469 -94.813522
v -58.623241 -1.798625 184.509216
v 85.036903 -49.059658 82.338089
v -81.914886 -31.543047 31.434097
v -84.441063 -36.277843 39.551186
v -16.603100 -0.021085 199.853699
v -86.560249 -40.666447 46.358875
v 107.191147 -24.649698 -144.386749
v -82.932472 -16.010626 -163.587265
v 116.952858 -24.318153 35.178249
v -30.954063 -4.611167 173.341019
v 115.487610 -27.879219 38.340225
v 104.602135 -26.307381 -141.133820
v 112.990257 -32.143623 41.858055
v -88.299576 -44.535595 53.193348
v 108.744431 -35.695515 49.203053
v 102.477562 -28.647640 -136.770905
v -81.532433 -18.227200 -162.723358
v 104.626617 -38.889336 56.199226
v 100.882172 -42.540783 61.773811
v 100.288811 -31.560648 -131.475845
v 96.320686 -45.359669 68.555580
v -89.847824 -47.498985 62.156609
v 91.576485 -47.490078 75.770775
v 98.188606 -34.949219 -126.630577
v 86.652649 -49.058128 83.196732
v -91.268867 -50.137253 70.595779
v 96.344330 -38.713772 -122.123894
v -2.071807 -5.594674 171.883591
v 94.534615 -42.716087 -117.514969
v -80.405128 -21.701157 -164.886719
v 92.465088 -46.743690 -112.784744
v -93.024719 -51.274857 80.114906
v 88.738907 -48.430050 -103.423729
v 129.524597 -25.064011 39.670391
v 14.644962 2.334963 198.477310
v 127.717186 -28.726803 42.489132
v 123.592018 -32.446327 47.264214
v 85.142723 -49.790653 -94.373390
v 118.051971 -36.197247 53.522877
v -83.813385 -26.395214 -149.801056
v 16.527357 -3.153387 181.292816
v 111.658646 -39.272552 60.608082
v 105.856239 -42.430614 66.463982
v -85.305794 -31.051828 -141.562881
v 36.836803 1.533737 196.115646
v 100.087914 -45.190117 72.226074
v 94.273003 -47.468426 78.103745
v -86.412338 -36.096878 -136.599472
v -74.058754 -22.266123 25.442894
v 88.110802 -49.131187 84.290802
v 120.007828 -25.054005 -141.211273
v 116.897858 -26.504192 -138.076263
v 77.014000 -5.312787 177.857620
v -70.135635 -24.677094 27.969862
v 113.641930 -28.606794 -135.202209
v -87.056396 -40.347759 -130.341141
v 109.782516 -31.683731 -128.385086
v 139.083160 -26.442030 50.199787
v -68.422028 -27.484684 30.602106
v 137.698883 -29.429316 51.794334
v 106.248199 -35.077358 -122.956909
v 133.938980 -32.850742 54.893463
v 126.531746 -36.624134 59.890717
v 103.151749 -38.693024 -118.386879
v 118.390083 -39.785046 66.094856
v -87.856735 -43.768921 -123.424957
v 110.751068 -42.716957 71.354507
v -69.769600 -31.799324 34.074017
v 100.172577 -42.620884 -113.950226
v 103.558136 -45.347092 76.139107
v 96.611526 -47.611645 80.765137
v -74.439781 -36.386269 42.130150
v 97.359207 -46.555786 -109.806213
v 89.379097 -49.279736 85.590660
v 144.523575 -0.009243 199.586594
v 92.216476 -48.591118 -101.899132
v 107.321632 -6.467484 183.943680
v 86.867729 -49.877930 -93.597931
v -78.006889 -40.589550 48.938881
v -89.642624 -46.531086 -113.454315
v -80.977562 -44.327881 55.636387
v 145.886322 -8.531405 182.554840
v 147.590225 -27.429729 62.397762
v 144.502808 -30.326651 63.818989
v -84.206039 -47.537422 63.704540
v 140.911072 -33.540947 65.563232
v -87.096832 -50.465122 71.248283
v 133.267334 -36.965511 68.513527
v 133.248062 -25.159611 -136.479218
v 124.212646 -40.407375 72.847710
v 127.663803 -26.377724 -131.343124
v 115.010849 -43.233768 76.911156
v -91.687027 -47.801983 -103.950134
v 123.827934 -28.735126 -128.248352
v 106.569969 -45.767265 80.437172
v 98.602585 -47.956104 83.688202
v -90.918449 -51.271896 80.690620
v 90.409027 -49.499027 87.073761
v 168.000000 0.000015 200.000000
v 118.930641 -31.761417 -122.983566
v 113.808014 -35.142651 -117.842438
v -93.484879 -48.608204 -94.699142
v 168.000000 -6.912236 184.000000
v 109.232071 -38.692436 -113.451492
v 184.000000 0.000015 200.000000
v 105.039848 -42.505203 -109.433235
v 154.305298 -28.314922 75.848839
v 149.775162 -31.107315 76.945435
v 184.000000 -4.172636 184.000000
v 144.725723 -34.242069 77.724854
v 101.001823 -46.201557 -105.498436
v 137.837738 -37.447739 78.734795
v 200.000000 0.000014 184.000000
v 128.388290 -41.106098 80.933853
v 95.375694 -48.793083 -99.697449
v 118.004730 -43.880341 83.316612
v -163.937515 -1.480221 170.304413
v 108.845367 -46.416176 85.180038
v 88.433113 -49.992924 -92.497002
v 100.117088 -48.474747 86.876907
v -54.604443 -25.621624 33.077675
v 91.114517 -49.759399 88.725014
v -73.253479 -16.753138 -164.187927
v -56.247635 -28.467350 36.409153
v -177.397202 -1.684317 167.494217
v 146.833237 -21.795340 -124.884071
v -60.636677 -32.573807 41.173832
v -71.397964 -19.588234 -159.373337
v 142.763275 -23.916311 -125.426193
v 158.292679 -29.062752 91.654739
v -65.665245 -36.722527 47.277031
v 152.519287 -31.893961 91.302231
v 137.548721 -25.800741 -123.149170
v -143.244339 -1.391006 166.361267
v 146.668732 -34.993584 90.721870
v 139.638702 -38.072330 89.906555
v 134.473083 -28.568039 -120.767868
v 128.234711 -31.749744 -116.350151
v 129.490509 -41.698257 90.233368
v -70.120033 -40.721012 53.131618
v 119.257942 -44.537445 90.433304
v 120.774330 -35.166031 -111.512825
v 110.107079 -47.193432 90.334366
v -72.151176 -23.154221 -153.256470
v 100.860199 -49.037148 90.367661
v -105.935844 -2.325347 163.583893
v 91.386093 -49.996010 90.518776
v 114.490654 -38.730865 -107.587944
v -74.488274 -44.412144 59.360882
v 109.164619 -42.500500 -104.273438
v -79.057610 -47.672588 66.190826
v 104.139542 -46.136654 -101.034584
v -74.094505 -27.194363 -144.725891
v 98.089828 -49.049778 -96.871391
v 156.902130 -29.810072 108.050514
v 151.398880 -32.669842 106.654343
v 89.771912 -50.133308 -91.094902
v -83.326218 -50.734879 72.730438
v 145.728668 -35.931091 104.637459
v 139.128311 -39.420860 101.836250
v -62.860924 -4.867764 163.259308
v 129.258026 -42.775791 100.032928
v -75.516113 -31.431816 -138.280731
v 118.789085 -45.163021 97.990562
v -89.124023 -51.197662 81.654320
v 109.463974 -47.472012 95.945328
v -4.466090 -9.622895 152.299805
v -76.840569 -36.246170 -133.661850
v 100.654556 -49.502510 94.070854
v 91.105850 -50.145706 92.408157
v 40.929859 -6.127616 168.390350
v 148.216049 -21.072239 -113.421738
v 145.789490 -23.025063 -113.460220
v -78.717896 -40.172207 -127.073418
v 143.606155 -25.187971 -112.586151
v -80.734200 -43.680450 -121.114990
v 65.552612 -7.845218 171.720581
v 142.585403 -28.052984 -111.445152
v 150.698151 -30.512089 127.449669
v -42.508228 -27.076559 41.448906
v 146.458694 -33.342545 123.031792
v 141.927322 -36.815746 119.744385
v 137.321274 -31.804701 -107.806885
v 137.198410 -40.753548 118.191292
v 98.587502 -10.947006 178.067291
v 127.590492 -44.366623 110.545906
v 126.368057 -35.159111 -103.860542
v -47.995483 -29.953053 45.534248
v 116.890923 -45.839561 105.598618
v 118.476273 -38.780109 -100.848900
v 107.696877 -47.691441 101.454163
v 112.388123 -42.584225 -98.517670
v 99.402115 -49.690067 97.785927
v 90.436562 -50.312870 94.269066
v -84.319237 -46.141788 -111.529495
v 136.043884 -12.749767 171.930450
v 106.635513 -46.239601 -96.249413
v 100.186386 -49.370670 -93.513176
v -52.995853 -33.479984 49.573452
v 90.803581 -50.286552 -89.436623
v -88.165169 -47.546860 -102.661339
v 142.070663 -30.286137 144.030731
v -58.034088 -37.264732 53.989117
v 138.262253 -33.299889 138.020844
v 166.412216 -10.440536 167.428406
v 134.314331 -36.837639 132.896301
v -63.096939 -41.108646 58.665653
v -91.739365 -48.500000 -94.071602
v 130.734650 -40.786606 129.894897
v 149.545227 -20.151543 -102.295387
v 122.706070 -44.879665 119.441452
v -68.724930 -44.665165 63.905689
v 113.310959 -46.124603 112.426933
v 148.053650 -22.015951 -102.159058
v 105.033234 -47.811237 106.446335
v -74.440147 -47.754486 69.481674
v 97.448250 -49.668953 101.152969
v 147.401733 -24.084633 -101.803032
v 89.506310 -50.524620 95.999641
v 184.000000 -6.641037 168.000000
v 147.200668 -27.188356 -101.364685
v -80.501198 -50.445545 75.569054
v 139.023239 -31.332426 -97.238632
v 200.000000 0.000013 168.000000
v -87.781334 -50.954250 83.090813
v 132.446014 -29.284203 160.790955
v 128.617188 -34.993523 -95.076683
v 129.000549 -32.587540 151.818741
v 120.701996 -38.798058 -93.434128
v -154.903671 -2.428226 153.290543
v 125.010666 -36.209702 143.331512
v 121.022903 -40.171974 135.844513
v 114.484116 -42.708427 -92.254898
v -146.397278 -2.327058 156.532974
v 115.686928 -44.584362 125.824753
v 108.313683 -46.411423 -91.146431
v 108.692101 -46.064453 117.995010
v -131.649048 -4.269054 155.586761
v 101.583839 -47.750069 110.657730
v 94.983200 -49.555153 104.017937
v -104.455208 -8.763026 160.950928
v 88.279778 -50.675056 97.524666
v 101.456924 -49.634510 -89.787498
v 91.445213 -50.404480 -87.593567
v -61.088318 -21.456215 -149.850052
v -58.186443 -12.065915 149.273819
v -62.967293 -24.336824 -143.625565
v -28.834904 -10.472726 143.671478
v 113.076195 -22.459661 170.825363
v -35.512852 -27.956837 51.830666
v -64.953934 -27.846415 -137.471954
v 117.442429 -26.704575 167.984970
v 149.297089 -19.301174 -90.577103
v 117.461334 -30.709410 162.452957
v -41.123386 -30.775269 55.448185
v 113.887001 -34.731007 151.026901
v 147.979538 -21.162426 -90.575424
v 110.930168 -39.008839 140.878937
v 23.478474 -10.391427 154.807632
v 107.490417 -43.720364 130.296631
v 147.379608 -23.240414 -89.838135
v 102.979614 -45.509548 122.355797
v 97.338036 -47.453945 114.039291
v -46.329544 -34.112450 58.593998
v 92.028236 -49.344540 106.326210
v 146.373856 -26.457933 -88.736252
v 86.757469 -50.700054 98.756973
v -66.475891 -31.702942 -132.404053
v 137.506516 -30.788851 -86.362984
v -51.312710 -37.796146 61.715904
v 128.499008 -34.785915 -85.891708
v 121.308266 -38.801628 -85.649498
v 52.632267 -13.674524 161.826080
v 96.861305 -19.534319 173.181778
v -56.734119 -41.633671 65.047272
v 99.817116 -23.932592 171.276703
v 115.308929 -42.814060 -85.680710
v 100.776169 -28.048269 167.201614
v 109.086464 -46.548588 -85.810928
v 101.131927 -32.870911 155.411545
v -68.118027 -36.216221 -128.185562
v 100.200508 -37.493435 143.930573
v -63.805126 -44.952709 69.261299
v 98.565651 -41.870457 133.481964
v 101.859703 -49.671741 -85.866310
v 95.924088 -44.417313 125.190948
v -71.152916 -47.608482 74.088272
v 92.344650 -46.986767 116.514076
v 91.659821 -50.433632 -85.645416
v 88.670898 -49.081558 108.015892
v 84.528061 -14.363403 173.241623
v 85.032562 -50.635487 99.635254
v -71.143875 -39.859234 -122.231499
v -78.623497 -49.901398 79.106567
v 122.227570 -18.057606 171.974258
v -86.875793 -50.636848 84.819489
v 146.957321 -18.858374 -80.584053
v 145.299454 -20.613543 -79.505821
v 84.752861 -18.246819 171.327896
v -74.309006 -43.543297 -117.402328
v 144.443741 -22.634378 -78.194778
v 86.482895 -22.658514 170.214447
v 87.202713 -27.117393 166.909195
v 148.329620 -17.997301 159.354019
v 87.878754 -31.408134 156.755142
v 142.607117 -25.771566 -76.576401
v 89.436394 -36.247345 144.747025
v -79.558258 -45.918434 -108.776054
v 89.546593 -40.478584 134.627884
v 133.761719 -30.287283 -75.697884
v 88.758942 -43.607304 126.532455
v 160.191833 -12.804423 153.076920
v 86.999146 -46.600025 117.986511
v 126.818085 -34.642612 -76.649544
v 85.082558 -48.867031 109.055946
v -84.995712 -47.392570 -100.831291
v 83.205780 -50.544956 100.154205
v 184.253510 -8.255239 148.089188
v 120.633759 -38.828720 -77.718155
v 114.869347 -42.842388 -78.999031
v -90.159782 -48.441250 -93.175392
v 199.714508 -0.008539 147.502701
v 108.876953 -46.562931 -80.343719
v -28.692728 -28.356863 63.414623
v 73.989883 -17.906075 167.350098
v 101.368263 -49.515686 -81.904793
v 75.350739 -22.210175 166.354294
v 76.195114 -26.658323 163.322266
v -158.510284 -5.451868 136.854797
v 77.325409 -30.864117 153.857361
v 91.438599 -50.383492 -83.663330
v 79.825249 -35.574745 143.004395
v -35.313950 -31.077322 66.294785
v 81.059570 -39.739773 134.146210
v -176.301041 -1.760548 130.558594
v -40.999249 -34.350536 68.483170
v 81.540886 -43.135777 126.568924
v 81.479874 -46.379250 118.546036
v -147.160202 -4.703520 148.110611
v -46.988720 -37.907829 70.785973
v 81.379105 -48.762154 109.504677
v 142.138901 -18.732054 -69.712540
v 81.339027 -50.471054 100.349937
v 140.353149 -20.424273 -69.092468
v 6.952567 -16.772837 127.401718
v 138.505707 -22.561232 -68.052742
v -54.481422 -41.255325 73.511383
v 39.921207 -19.540995 142.118393
v 135.594452 -25.667498 -66.619789
v 63.532101 -18.053696 162.524338
v 64.635719 -22.247429 161.469360
v -61.909328 -44.405720 76.316574
v 65.850677 -26.591375 158.280869
v 129.518295 -30.121450 -65.251991
v 68.148735 -30.632643 148.440231
v 124.494041 -34.716629 -67.457153
v 71.159889 -35.233967 139.686768
v -51.297642 -22.475748 -138.160812
v 72.950104 -39.510929 132.772247
v -69.476662 -47.273125 79.366234
v 74.096817 -43.381847 126.922012
v 119.132912 -38.982960 -69.747612
v 75.772697 -46.523521 118.822884
v 113.189575 -42.797821 -72.420464
v 77.634247 -48.806282 109.476494
v 79.476875 -50.434486 100.255737
v -77.571175 -49.380589 82.864128
v 107.365646 -46.377651 -74.984879
v -53.976280 -25.123674 -133.436722
v 100.130669 -49.327755 -77.924423
v -86.342751 -50.342636 86.667320
v 90.834503 -50.319618 -81.691307
v 53.399120 -18.593582 157.167114
v 120.286652 -23.545359 168.989548
v -56.542004 -28.335825 -128.799850
v 54.325550 -22.613462 155.560989
v 147.307343 -23.139790 152.720551
v 55.875420 -26.814610 152.054810
v -58.842312 -31.923029 -124.610603
v 59.782322 -30.481562 141.976898
v 63.164131 -34.965862 135.166122
v 136.207275 -18.911989 -60.164333
v 65.194160 -39.502193 130.493423
v 166.821808 -16.249743 133.423508
v 66.909302 -43.754303 126.170860
v -61.405121 -35.726086 -120.594498
v 70.388496 -46.665565 117.632553
v 134.182068 -20.561668 -59.767960
v 74.026382 -48.905514 108.697296
v -167.448776 -6.862062 109.621223
v 131.546036 -22.769892 -59.266697
v 77.688896 -50.408691 99.809731
v 128.461044 -25.825563 -58.118793
v -24.641069 -28.286949 77.785675
v 123.550842 -30.060858 -57.197018
v -64.365257 -39.861763 -116.971245
v 121.404587 -35.154652 -58.311810
v 45.372688 -18.657564 150.192642
v -31.903807 -30.855587 78.760681
v 45.813942 -22.699558 148.365341
v 116.406586 -39.242878 -61.831707
v -39.330631 -34.060123 79.810799
v 47.176743 -26.975378 144.628876
v -126.632050 -12.423646 159.123856
v 51.790260 -30.537960 135.556213
v 55.839592 -34.581615 129.227966
v 110.348305 -42.761478 -66.197006
v 57.718544 -39.578270 127.322754
v 104.388489 -46.043797 -70.327301
v 60.486298 -43.928360 123.153267
v -68.447678 -43.407536 -112.304703
v 65.459923 -46.782101 115.184631
v 97.965759 -48.956059 -74.432060
v -46.472301 -37.466991 80.834145
v 70.646515 -49.036629 107.183281
v 76.035156 -50.377815 99.002090
v 89.931160 -50.316936 -79.811348
v -53.727013 -40.803772 82.066856
v -17.706161 -17.867861 117.217239
v -61.025707 -44.003460 83.371887
v -75.338615 -45.789574 -105.163506
v -68.701721 -46.891712 84.842812
v 130.454590 -19.134937 -51.260174
v 39.218204 -22.544115 139.008957
v -77.062210 -48.986931 86.637772
v 40.663265 -26.788174 135.162308
v 127.890457 -20.862129 -50.927998
v 44.226635 -30.738388 129.199417
v -82.207375 -47.339729 -98.496246
v 48.733276 -34.611942 123.604645
v 124.587021 -23.070601 -51.132637
v 52.128864 -38.891319 120.170715
v 55.460209 -43.663658 117.705582
v -86.080864 -50.118111 88.539352
v 120.784378 -26.258244 -51.127384
v 61.029171 -46.902004 111.718056
v 67.551895 -49.190861 105.008827
v 116.262245 -29.917261 -51.372585
v 74.580376 -50.326214 97.850540
v 115.613159 -35.138371 -50.803051
v 81.548134 -50.109112 90.809669
v -88.771927 -48.439125 -92.037460
v 112.389160 -39.497082 -54.255066
v 106.277374 -42.704430 -60.699631
v 149.874100 -27.317200 143.785568
v 31.331778 -23.491161 130.630829
v 100.634209 -45.765713 -66.465485
v 34.862785 -26.774624 125.801674
v 163.100204 -25.372860 125.002327
v 95.065353 -48.561256 -71.885040
v 38.324902 -30.727627 121.316422
v 42.901566 -34.643112 116.711403
v 88.723976 -50.392166 -78.135284
v 179.414322 -8.788738 102.675537
v 46.962540 -38.889248 113.863358
v -42.774029 -22.818569 -125.655434
v 52.110336 -42.696159 110.436569
v -25.670921 -26.692564 93.684685
v 57.248497 -46.972595 107.339600
v 65.161880 -49.151821 102.021393
v -31.701092 -29.858143 92.360725
v 73.464394 -50.202183 96.352203
v -171.404739 -4.316413 87.178642
v -45.494896 -25.646458 -122.597733
v 124.835732 -20.483112 -42.880295
v -39.474312 -33.362057 91.345085
v 122.003090 -22.931580 -41.209064
v -46.717373 -36.936474 90.776260
v 117.500137 -25.099550 -43.090229
v -48.903450 -28.781414 -119.138428
v 21.095749 -25.526558 117.729446
v 25.536882 -28.458815 115.526451
v 112.274811 -27.082739 -45.786400
v -53.668575 -40.407066 90.553856
v 32.806293 -31.130524 112.312630
v 38.759697 -34.598747 108.552727
v 108.757423 -30.181704 -46.222614
v -60.763771 -43.686234 90.416672
v 43.117538 -38.891193 106.677475
v 108.252228 -34.959587 -44.947178
v 48.863674 -42.682793 104.297485
v 105.867348 -39.362194 -48.731289
v 55.303925 -46.605095 101.865700
v -52.251804 -32.171658 -115.842369
v 63.859959 -48.879513 98.417015
v 72.778198 -50.017002 94.602432
v -68.454666 -46.623978 90.312195
v 100.934647 -42.592369 -56.410427
v -76.921204 -48.757988 90.363678
v 96.372971 -45.628193 -63.314388
v -19.894814 -21.872536 96.674141
v 92.012230 -48.430046 -69.768028
v -86.020729 -49.979733 90.395988
v 16.837627 -25.229689 104.792549
v 87.296143 -50.574097 -76.746758
v -55.708069 -35.498951 -112.609711
v 19.268143 -29.111464 103.180351
v -0.114815 -20.618078 89.718941
v 24.573557 -32.645142 101.414963
v 32.771759 -36.026939 100.883446
v -58.548088 -39.964771 -110.530258
v 38.794117 -39.977734 99.747108
v 45.564766 -43.497131 98.057091
v 109.577515 -24.966061 -34.720020
v 53.907753 -46.572044 96.494911
v 63.079350 -48.721478 94.737061
v -63.633392 -43.526134 -106.566681
v 72.386711 -49.876060 92.773903
v 106.568550 -26.609550 -37.291546
v -32.956169 -20.661318 114.205910
v 103.322350 -28.670282 -39.779457
v 172.919571 -18.859415 100.365219
v 100.916115 -31.351034 -41.273666
v -32.267719 -23.627218 108.344376
v 99.775261 -34.813732 -41.386200
v 13.187434 -25.932327 92.591232
v -71.789108 -45.794556 -100.932457
v 97.960403 -39.062046 -45.735569
v 15.767942 -29.333355 90.819649
v 19.585489 -33.128887 89.088890
v -33.262951 -28.358860 105.561111
v 94.854942 -42.562355 -53.256939
v 26.725473 -36.834934 89.159218
v 36.201511 -40.552658 91.914192
v -198.297668 2.651475 69.833954
v 91.725174 -45.640793 -60.848660
v 44.213806 -43.924431 91.238693
v -79.862038 -47.398212 -95.753380
v 53.231884 -46.698112 91.071167
v 62.757797 -48.698326 91.040543
v 88.750130 -48.456100 -68.092255
v -41.092785 -32.460175 102.484039
v 72.243340 -49.805462 90.925446
v 85.603073 -50.743382 -75.714333
v -48.025204 -36.373478 100.396240
v -161.198822 -8.358110 77.074318
v -87.607780 -48.495972 -90.696320
v -54.306648 -40.098690 98.879204
v 12.107098 -24.328720 75.332954
v 12.514435 -25.648216 80.157211
v -60.991035 -43.490166 97.427574
v -68.651527 -46.511238 95.733833
v 14.329190 -29.477346 77.543480
v 17.692390 -33.687847 75.993355
v 97.414566 -26.801582 -29.579628
v 22.686518 -37.857559 76.410690
v 33.681110 -40.668114 81.370117
v 95.466331 -28.231558 -32.152397
v 44.130550 -44.320107 83.691307
v 93.395752 -30.057072 -35.361523
v 53.319328 -46.957001 85.458618
v -77.115593 -48.694359 94.031532
v 62.930618 -48.786701 87.314651
v 91.828033 -32.326790 -38.239292
v 72.354904 -49.795197 89.075867
v 90.750977 -35.131672 -40.658875
v 89.640190 -38.889259 -44.657536
v -86.149658 -49.926105 92.221657
v 88.369789 -42.678345 -50.952656
v 14.455053 -25.614807 66.224136
v 86.758873 -45.787579 -59.049530
v 165.347427 -24.161140 80.541458
v 15.458064 -29.889620 63.367710
v 18.806486 -34.216747 62.326805
v -33.018219 -25.160555 -114.764473
v 85.251923 -48.573776 -66.910042
v 23.052061 -38.449692 63.889309
v 199.800293 -0.009098 20.128199
v 30.271996 -42.065800 68.528969
v 83.657288 -50.881859 -75.073936
v 46.610252 -44.677475 76.268906
v 54.409252 -47.316620 79.872528
v -37.149220 -26.355068 -111.216286
v 63.685989 -48.944550 83.639526
v -153.838272 -7.117826 48.889645
v 72.753548 -49.820957 87.263474
v -32.611923 -19.509895 123.783195
v -42.120628 -29.309385 -108.647743
v -35.184826 -22.517879 120.025787
v -37.282040 -27.086027 116.480339
v 85.452950 -28.040468 -25.301073
v -46.814835 -32.503738 -106.298409
v 83.955856 -29.375238 -28.542665
v 20.444122 -26.033308 52.019238
v -44.451462 -31.633919 112.546608
v 82.760002 -30.934584 -32.908989
v 21.159893 -29.733309 49.154808
v 23.974520 -34.087917 50.250237
v -17.916746 -23.112164 61.490780
v 27.848984 -38.335243 52.828949
v 82.088562 -32.914989 -36.951382
v 33.763294 -42.136230 57.324707
v 81.783501 -35.454819 -40.484867
v -50.816940 -35.851421 109.396744
v 50.105675 -44.562618 70.163040
v -50.883747 -35.860085 -104.301392
v 56.292862 -47.602451 74.565697
v 65.055099 -49.089539 80.139145
v 81.529602 -38.889259 -43.858715
v 81.457344 -42.868088 -49.785294
v 73.469490 -49.845844 85.547081
v -56.378471 -39.819939 106.841576
v 81.491295 -46.032669 -57.994232
v -5.290223 -20.576117 61.089092
v 81.575935 -48.760918 -66.253868
v -62.162445 -43.413738 104.302528
v 12.665036 -22.095631 59.525021
v 30.535978 -25.603445 38.528912
v 81.608063 -51.040535 -74.816986
v -69.509850 -46.506744 101.082573
v 30.566036 -28.803955 38.998241
v 32.133724 -33.626068 40.906178
v -53.829407 -40.145412 -103.138710
v -77.755035 -48.771763 97.621796
v 35.284088 -37.958588 44.079376
v 40.344746 -41.887199 49.293686
v 55.411285 -43.662060 64.855675
v -86.510841 -49.943348 93.997993
v 60.237946 -47.371159 70.014832
v -59.511410 -43.885323 -100.645554
v 67.289917 -49.121571 76.980125
v 73.230118 -28.735559 -21.573545
v 74.557709 -49.836609 84.002457
v 72.039284 -29.935875 -27.011511
v -68.878540 -45.960987 -96.308357
v 71.829132 -31.319859 -32.599010
v 170.113342 -11.074384 60.720886
v 72.197739 -33.156017 -37.376884
v 72.824951 -35.593849 -41.343994
v -78.023460 -47.564926 -92.690262
v 44.088085 -26.230104 31.679224
v 42.047668 -27.930836 32.236351
v 73.419022 -38.889259 -44.657539
v -198.822327 3.127686 58.959145
v 42.600052 -33.075348 34.400269
v 44.908978 -37.496246 37.719555
v 74.335358 -43.110809 -50.068394
v -37.212646 -18.146318 137.191086
v 49.380856 -41.333904 44.119602
v -86.709366 -48.604073 -89.186424
v 61.303509 -43.411697 60.265362
v 76.017067 -46.299072 -57.815502
v 64.817482 -47.410999 66.214348
v 70.089172 -49.184803 74.261810
v 77.817413 -48.954090 -66.233376
v -39.494869 -22.099308 132.254486
v 75.952942 -49.806892 82.708580
v -164.327728 -3.857462 26.658981
v 79.573837 -51.191101 -74.992455
v -42.763111 -26.350435 126.776596
v -105.680450 -15.771803 22.236650
v -49.548676 -31.030764 121.612656
v -25.035772 -19.978104 37.033554
v 56.908405 -26.177414 27.535599
v -54.995411 -35.489586 117.685471
v 59.646606 -28.902348 -21.645185
v 54.922722 -27.853600 28.643320
v 0.785365 -19.685469 41.144131
v 54.873962 -31.989662 31.547220
v 59.801800 -30.034342 -28.507862
v 56.360836 -36.838276 34.368690
v 61.390079 -40.177662 44.722622
v -59.608746 -39.688377 114.415565
v 67.522598 -43.805885 56.673393
v 61.045860 -31.313410 -34.708740
v 70.092285 -47.293575 63.664017
v -64.981430 -43.370171 110.675285
v 73.507637 -49.093441 72.356285
v 18.675711 -23.827034 40.026875
v 77.638123 -49.700653 81.807022
v 62.651985 -33.117626 -39.766811
v -26.198816 -26.247530 -100.848999
v 64.190186 -35.570202 -43.726101
v 65.620132 -38.889259 -47.023312
v -71.585739 -46.523251 106.111565
v 67.742493 -42.998764 -52.268978
v -79.041565 -48.946175 101.046707
v 31.783077 -24.493294 36.597847
v 69.864563 -26.377203 25.884285
v 68.435318 -27.844618 28.870033
v 70.634109 -46.322491 -59.005161
v 67.934593 -31.177896 31.562510
v 74.145416 -49.021400 -67.109924
v 68.989594 -35.836472 35.510521
v -87.173233 -50.008324 95.684052
v 77.643639 -51.282894 -75.610313
v 72.908005 -38.992401 49.181499
v -30.583960 -27.349617 -99.244980
v 74.420891 -43.559925 55.136570
v 75.666931 -46.962742 62.638084
v 66.121376 -25.539726 24.493969
v 77.533051 -48.576843 71.709648
v 79.550415 -49.473927 81.414009
v -36.697186 -29.867729 -97.580528
v 132.418900 -21.128098 36.720238
v -51.678837 -13.970076 151.842361
v 45.495968 -28.972511 -28.098402
v -42.641392 -32.797771 -96.292831
v 81.077072 -34.920326 42.292084
v -49.019779 -17.282721 147.078171
v 47.756283 -29.743969 -33.460144
v 81.429634 -43.172680 55.337994
v 152.990997 -16.142570 41.458084
v 81.277344 -46.453560 62.807404
v 81.420296 -48.160557 71.851547
v 50.765419 -30.955105 -39.183525
v 53.800690 -32.874947 -44.088715
v 81.467194 -49.269276 81.415298
v -51.242172 -21.569012 139.764297
v -47.522640 -36.103966 -95.331284
v 56.286781 -35.491634 -47.832260
v 58.432625 -38.889259 -50.865108
v -53.758217 -25.932499 134.102997
v 61.719715 -42.864792 -55.748127
v -50.663597 -40.368713 -94.957062
v -57.198566 -30.564262 129.104233
v 65.814209 -46.149796 -61.768261
v 70.765282 -48.946472 -68.951042
v -123.060158 -12.457284 11.555614
v 75.867989 -51.312160 -76.591309
v -60.657547 -35.306877 125.112511
v -56.913704 -44.101147 -93.721794
v -63.751972 -39.805882 121.722458
v 0.941859 -19.845068 28.640909
v -68.622261 -43.494858 116.718315
v 15.960754 -20.798569 30.891298
v 33.845787 -28.059860 -36.578320
v -67.224129 -46.007996 -91.082016
v 36.203449 -28.953001 -39.812008
v -74.749565 -46.554028 110.532249
v 41.349586 -30.250204 -45.517357
v -81.015427 -49.164532 104.188988
v 45.901962 -32.520947 -50.072453
v 33.743229 -25.367634 21.487619
v 49.415951 -35.422718 -53.478474
v -76.891258 -47.761292 -89.305244
v 52.132736 -38.889259 -56.035316
v -88.161499 -50.092587 97.221748
v 56.486088 -42.720005 -60.366608
v -86.148689 -48.732529 -87.526001
v 61.771919 -45.908569 -65.602417
v 47.803589 -26.169647 24.508005
v 67.762100 -48.933449 -71.350739
v 133.162140 -16.512012 23.757114
v 74.287117 -51.286522 -77.893913
v 182.212296 -6.801035 15.940819
v 81.591843 -50.874092 -85.353424
v -63.902428 -15.011029 153.555115
v -172.857361 -1.578130 -16.494421
v -198.815399 3.617141 -28.716295
v -62.586414 -17.471811 150.623444
v -62.823051 -21.283203 145.212311
v -54.877808 -22.791864 17.124863
v 25.226027 -27.367685 -48.377647
v -19.122719 -27.969765 -86.837090
v -64.173271 -25.674274 139.826981
v 29.167482 -28.320030 -50.760410
v 34.362511 -29.769642 -54.297573
v -24.392958 -19.370728 13.011017
v 39.413647 -32.024380 -57.577557
v -65.861923 -30.333525 135.325851
v 43.751396 -35.257530 -60.327736
v -6.067225 -20.828588 15.231228
v 47.014107 -38.888695 -62.371590
v -67.444649 -35.273617 131.632172
v 52.132725 -42.677673 -65.789818
v -24.396233 -29.250406 -86.763268
v 58.432640 -45.786743 -69.999290
v -68.813606 -40.179604 128.781418
v 65.318687 -48.890205 -74.323196
v -73.381004 -43.696091 122.062920
v 72.986946 -51.216049 -79.484169
v 18.314320 -24.247572 13.405800
v -78.647659 -46.631302 114.352356
v -32.590481 -30.650568 -86.295715
v 78.801933 -22.589598 8.682379
v -83.642784 -49.339703 106.901756
v -89.462090 -50.160709 98.536636
v -40.120289 -33.072159 -86.020630
v 19.863939 -27.090204 -59.732792
v 109.663666 -17.416859 11.632977
v 23.996468 -27.951971 -61.940159
v -46.069710 -36.206810 -85.922523
v 29.108841 -29.417437 -64.157814
v 34.483158 -31.646778 -66.218605
v 155.418640 -10.218795 16.328829
v 39.483486 -35.009731 -68.125893
v -49.862991 -40.312279 -86.060867
v 43.183990 -38.885456 -69.550690
v -86.684631 -18.919416 5.189590
v -74.848839 -14.890848 154.990311
v 48.865543 -42.677673 -71.902290
v 55.865635 -45.786743 -74.801819
v -74.146729 -17.184980 153.253357
v 63.548531 -48.764294 -77.756187
v -55.922340 -44.137375 -86.183861
v 72.045441 -51.126656 -81.284241
v -66.955101 -45.882988 -85.529900
v -73.766670 -20.836477 149.418732
v -28.990147 -21.353401 -6.115332
v -74.508995 -25.462923 143.889084
v -10.595471 -21.554480 -10.338585
v -75.243034 -30.279497 139.443863
v 16.697247 -26.926088 -71.982559
v -75.626282 -35.241661 136.411087
v 20.453285 -27.766884 -73.452271
v -76.548912 -47.898186 -85.708817
v 25.198927 -29.151693 -74.682877
v 7.272745 -24.450357 -2.143667
v 31.026205 -31.196043 -75.596687
v -75.845192 -40.413132 134.186478
v -85.962135 -48.853737 -85.768684
v 36.734612 -34.844685 -76.617134
v -79.320328 -43.887455 126.334724
v 40.754974 -38.889263 -77.321609
v 45.104790 -24.091747 -1.025441
v 46.853622 -42.677677 -78.534706
v 54.284878 -45.786747 -80.012878
v -83.207924 -46.737274 117.431686
v 54.714783 -23.884743 8.599524
v 62.544102 -48.508572 -81.537338
v 71.503265 -51.017620 -83.222534
v -86.838142 -49.410210 108.947990
v 142.504517 -11.518824 6.132994
v -91.029068 -50.188427 99.536446
v -142.970535 -8.166882 -7.194160
v -57.570194 -20.818907 -15.999943
v -18.456163 -27.957687 -73.173943
v -37.131508 -21.438162 -26.466925
v 14.714071 -26.967505 -82.828934
v -85.453430 -14.242805 157.714600
v 17.773335 -27.853029 -84.904823
v -22.206156 -29.839626 -73.182571
v 22.001911 -29.089016 -85.625946
v 29.222435 -31.574585 -85.627609
v -21.493742 -19.975039 -29.085375
v -85.145500 -17.106379 155.932449
v 35.582882 -34.982716 -85.520500
v -31.377510 -31.434328 -74.474579
v 39.981728 -38.886368 -85.430641
v 46.361954 -42.630611 -85.417778
v -84.660210 -20.424152 152.574890
v 53.763622 -45.783257 -85.431801
v -84.951874 -25.296251 146.470779
v 62.249859 -48.340500 -85.383842
v 26.456863 -23.584349 -12.258454
v 110.362091 -16.425201 -6.931036
v 71.358475 -50.909645 -85.212334
v -85.043297 -30.238512 141.894348
v -39.753006 -33.269936 -75.593178
v -84.858734 -35.230206 138.964264
v -46.542995 -35.997047 -76.411179
v -84.371902 -40.448864 137.546310
v 14.513378 -26.817047 -95.129066
v 140.339005 -9.591328 -12.513403
v -86.130295 -44.131397 129.517761
v 16.607117 -27.950548 -96.981209
v 19.089340 -29.587246 -97.312675
v -88.365013 -46.843948 119.541763
v -50.292736 -40.327610 -77.250519
v 29.320141 -32.022396 -95.732628
v 36.575340 -35.145573 -94.338135
v 180.123260 -3.161637 -18.848080
v 42.037750 -38.680984 -93.143974
v -90.402786 -49.397099 110.221245
v 48.110226 -42.364685 -91.919861
v 199.674728 0.168236 -23.260370
v 54.514183 -45.717083 -90.783737
v -92.778641 -50.179497 100.165596
v -56.458950 -44.102772 -78.627678
v 62.659805 -48.269348 -89.153336
v -67.588600 -45.818298 -80.047028
v 71.604599 -50.805611 -87.177834
v -119.061592 -14.489486 -3.397827
v -93.813248 -17.925062 -4.113265
v -97.302124 -14.795541 158.529984
v -76.919701 -47.921417 -82.091209
v -96.957413 -17.410625 156.581467
v 17.054071 -26.436825 -106.304466
v -8.082971 -22.765507 -45.301472
v -95.968414 -20.585917 153.587265
v 19.088434 -27.790771 -108.926918
v -86.119110 -48.989952 -84.002434
v 24.267097 -29.483894 -108.195755
v -95.677528 -25.296953 147.298019
v 32.632275 -31.937883 -105.284264
v 8.326214 -23.636513 -27.249365
v 39.436676 -35.028347 -102.729202
v 89.242432 -22.644684 -10.562831
v 45.052750 -38.521698 -100.366615
v -95.158028 -30.222422 142.621185
v 50.853985 -42.147861 -97.920166
v 56.644039 -45.525948 -95.635437
v -94.563187 -35.149910 139.557831
v -183.565506 0.799327 -51.389168
v 63.989986 -48.194225 -92.633934
v -94.111427 -40.033920 137.875992
v 72.300064 -50.564655 -89.039696
v -170.092224 -2.763899 -65.341713
v -93.801697 -44.351231 130.984833
v -162.848724 -5.490080 -40.390583
v -22.265181 -25.281103 -53.742275
v -93.965965 -46.931751 120.430054
v -94.155998 -49.338436 110.677353
v 22.333038 -25.550556 -117.921135
v -22.974106 -27.933241 -59.079613
v 26.764606 -27.035601 -118.733238
v 32.227360 -28.974823 -116.877304
v -94.623199 -50.150440 100.399849
v 38.342583 -31.456484 -113.757454
v -19.406733 -23.291628 -54.982101
v -26.725105 -29.475952 -59.378654
v 43.823845 -34.680161 -110.574867
v 49.034611 -38.408886 -107.051765
v -35.278355 -31.318195 -62.088795
v 54.336327 -42.001598 -103.444382
v 24.625244 -24.557425 -31.326635
v 60.306305 -26.905594 -10.778344
v 59.639103 -45.307789 -99.902878
v -42.816929 -33.585979 -64.711533
v 66.138008 -47.989506 -95.600952
v -111.870323 -15.152307 158.857391
v 73.421715 -50.161877 -90.681007
v -110.095848 -17.557272 157.066269
v -48.793457 -36.434456 -66.933144
v -107.986763 -20.602980 153.560898
v 132.898682 -9.535093 -27.683914
v -106.737350 -25.314087 146.533234
v -52.668701 -40.302082 -68.726585
v 31.977404 -25.043047 -126.987579
v 177.306656 -1.958575 -38.926105
v 36.070271 -26.513697 -127.088310
v 40.227261 -28.374310 -125.471809
v -105.384132 -30.239151 141.700073
v -104.190170 -35.137650 138.512604
v 44.976280 -30.826982 -121.665810
v -197.713242 2.283489 -70.561371
v 49.013561 -34.545013 -117.950348
v -103.307411 -39.930721 136.550980
v 53.647655 -38.463696 -113.375786
v -58.690281 -43.968910 -71.302513
v 58.312027 -42.023712 -108.642685
v -101.624809 -44.570984 130.602982
v 63.162582 -45.182602 -103.700027
v -69.211823 -45.789543 -74.804779
v 68.698364 -47.792633 -98.159447
v -99.656883 -46.996563 120.006752
v 74.789436 -49.852459 -92.066315
v -77.932083 -47.948891 -78.597427
v -97.924423 -49.264080 110.311653
v -86.579597 -49.175728 -82.292458
v -96.479103 -50.113213 100.234688
v -6.221860 -23.056231 -87.888298
v 5.475800 -26.378042 -62.511433
v 42.520771 -24.346664 -135.625473
v 124.229431 -16.250195 -38.722271
v 45.489510 -25.704664 -136.509903
v 167.430801 -5.644423 -60.529762
v 47.986996 -27.366177 -135.393387
v -167.802887 -4.673621 -69.049973
v 52.794136 -30.387018 -127.889946
v 55.865627 -34.567097 -123.841049
v -28.803406 -25.899506 -42.915981
v 58.861755 -38.745960 -119.412590
v -125.782707 -14.566251 158.148529
v 62.860340 -42.253742 -113.492416
v -22.568068 -24.555630 -106.282997
v 67.067787 -45.232399 -107.098244
v -124.957550 -17.249466 155.836136
v 71.520103 -47.723713 -100.365295
v -30.263081 -28.318691 -44.398792
v -121.729187 -20.581671 151.577728
v 76.298256 -49.705898 -93.210724
v -13.992100 -25.009323 -89.279846
v -118.057320 -25.349955 143.806427
v -115.457512 -30.277353 139.042847
v -40.400116 -30.852842 -49.883820
v -113.476990 -35.184349 135.918564
v 58.336342 -23.861980 -144.121872
v -47.680088 -33.630028 -54.341930
v 57.361984 -25.681772 -141.743286
v 57.635105 -27.866072 -140.334457
v -111.755707 -39.992329 133.473679
v -109.087799 -44.529854 127.967880
v 62.203949 -30.156149 -131.594742
v 63.851952 -34.567101 -128.109833
v -105.123886 -46.986088 118.246307
v 65.620148 -38.889263 -123.841049
v -53.338772 -36.797913 -58.175549
v 68.104424 -42.704102 -117.821922
v 158.559067 -11.428035 -85.887871
v 71.350578 -45.479115 -110.068985
v -101.548721 -49.176815 109.153221
v 74.582039 -47.789749 -102.187180
v -57.632278 -40.329807 -61.295822
v 77.930038 -49.656319 -94.081421
v -98.269638 -50.070553 99.684967
v -62.170506 -43.967400 -64.348068
v -177.333298 -1.309482 -91.827148
v -71.783920 -45.786743 -69.999275
v -79.510323 -48.071587 -75.306526
v 8.577515 -23.801348 -99.435394
v 69.061058 -24.130466 -146.129883
v -143.092865 -13.998780 151.028366
v 68.575264 -25.760635 -143.982452
v 68.959320 -27.837244 -141.464493
v -140.375870 -17.224606 150.092392
v 71.916260 -29.932753 -133.657623
v 72.517715 -34.567036 -130.737808
v -87.330391 -49.356117 -80.668846
v 73.419044 -38.889263 -126.206818
v -134.442307 -20.919989 145.211380
v 74.490547 -42.905334 -120.419189
v 152.929443 -15.590658 -125.909019
v 76.134201 -45.851082 -112.339722
v -128.595123 -25.480907 138.761978
v 77.886932 -47.951511 -103.539429
v 162.921661 -8.099189 -111.580002
v 79.665222 -49.659939 -94.656631
v -124.784172 -30.321943 134.520370
v -121.843292 -35.190804 131.334229
v 185.527206 -4.347960 -96.783669
v -118.556572 -39.751129 127.503220
v 199.938370 0.015734 -110.168564
v 80.283379 -24.481585 -146.433456
v -115.010406 -43.958218 122.732178
v 81.366570 -34.547421 -130.672638
v -184.096771 -0.731322 -139.965546
v 81.493065 -42.777168 -120.937775
v -110.100533 -46.915649 115.360168
v 81.314209 -46.386143 -113.961601
v -160.061707 -4.480047 -109.149124
v 81.412537 -48.149464 -104.288185
v -43.301620 -23.470606 -32.393913
v 81.477394 -49.689228 -94.908676
v -104.886093 -49.077168 107.293549
v -99.928459 -50.021957 98.788338
v -163.060303 -5.316581 -95.878632
v -44.249073 -26.335077 -33.518215
v -49.230480 -30.222977 -39.191212
v -54.798096 -33.536324 -45.154041
v -153.628113 -13.516591 141.822266
v -59.606564 -36.892567 -50.384644
v -151.038712 -17.223419 141.230087
v -63.516148 -40.383755 -54.642513
v -143.201523 -21.065929 136.374557
v 138.153625 -22.239576 -142.332047
v -137.108887 -25.556826 131.786972
v -67.247673 -43.983456 -58.234020
v -132.773376 -30.326506 128.334671
v -165.280838 -3.178584 -127.052116
v -128.963501 -35.124668 125.131783
v -75.170120 -45.841293 -65.687767
v -124.540916 -39.524597 121.217133
v -119.933235 -43.559135 116.982964
v 15.161233 -20.677868 -125.245735
v -114.452995 -46.835194 111.625313
v -81.650993 -48.237228 -72.278610
v -107.844070 -48.970257 104.852280
v -101.408730 -49.968025 97.593430
v -88.350365 -49.539539 -79.159760
v -95.142952 -50.563595 90.329597
v 115.637230 -21.471582 -153.629471
v 160.550583 -6.606385 -133.959106
v 182.125305 -5.623797 -120.231499
v -138.432236 -8.701892 -134.538498
v -14.530833 -21.411732 -123.543549
v -160.397385 -13.376260 133.462677
v -57.852970 -23.521160 -22.531811
v -157.382965 -17.059422 132.517441
v 138.840286 -16.259365 -152.075928
v -149.717407 -21.076626 127.269257
v 180.145050 -3.814005 -138.332336
v -143.534973 -25.584106 123.439827
v -55.486633 -26.264278 -21.858397
v -139.172409 -30.310005 120.775330
v -59.063625 -30.010384 -29.625969
v -134.948807 -35.104794 117.970932
v 199.480209 0.495499 -140.859589
v -129.787949 -39.488873 114.552689
v -63.159698 -33.486874 -37.153286
v -161.060089 -2.818809 -155.416580
v -124.489502 -43.498421 111.188507
v -185.585205 -0.709292 -177.048676
v -118.168343 -46.801266 107.249176
v -67.021004 -36.907673 -43.754528
v -110.389877 -48.872089 101.932648
v -102.685989 -49.917656 96.146233
v -70.219513 -40.404305 -49.076538
v -146.564667 -5.449625 -140.486877
v -91.029266 -13.115980 -160.097366
v -73.422073 -43.915730 -53.714748
v -39.464970 -17.820452 -141.876465
v -166.800156 -13.731515 123.476746
v -78.690544 -46.553165 -61.001434
v -84.289024 -48.386684 -69.571136
v -161.149521 -17.360235 120.143448
v -153.830307 -21.328825 116.405632
v 19.182899 -16.459997 -147.365814
v 53.778332 -17.847784 -153.567657
v -147.943695 -25.585037 113.790062
v -89.632347 -49.708920 -77.816002
v -143.921768 -30.235840 112.088760
v 89.865913 -19.281166 -159.308380
v -139.089966 -35.109951 109.661079
v 117.652199 -18.483860 -162.429626
v -134.121536 -39.700043 107.263840
v -140.304749 -4.900347 -156.309433
v -128.807938 -43.837749 105.112778
v -115.174522 -9.036830 -163.213989
v -121.382118 -46.931728 102.378738
v -55.958431 -14.215632 -168.355148
v -112.540985 -48.841976 98.619781
v -103.750359 -49.902328 94.490219
v -72.061371 -24.391138 -13.175878
v 1.228393 -10.366939 -153.039978
v -69.098724 -26.720140 -15.430326
v 47.463051 -13.513357 -160.781601
v -70.021851 -29.994389 -22.454779
v 100.378456 -15.046369 -171.119202
v -166.959473 -14.639281 107.618820
v -161.749908 -17.869940 105.959938
v -72.875153 -33.418728 -31.317146
v -156.008804 -21.479481 104.224930
v 131.857254 -11.240954 -166.450912
v -150.326996 -25.377203 103.100189
v -75.488449 -36.913712 -38.753628
v -146.151932 -29.969297 102.223038
v 154.735596 -5.414643 -157.668488
v -141.625275 -35.276978 100.501610
v -77.723625 -40.464325 -44.821270
v -137.670776 -40.221523 99.354431
v 178.881424 -2.955621 -156.036835
v -133.103973 -44.708401 98.629356
v -169.474274 -1.019995 -178.521484
v -124.281120 -47.396378 97.095406
v -79.914719 -44.002907 -50.296459
v -190.140610 0.229377 -191.285065
v -114.281105 -48.989868 94.987419
v -104.574631 -49.974934 92.670074
v -83.646599 -46.611862 -58.608059
v -87.511940 -48.390995 -67.796097
v -139.922562 -3.061024 -175.280457
v -91.210625 -49.791355 -76.809898
v -108.681313 -5.063142 -178.199127
v -78.860710 -7.033312 -178.730484
v -164.904160 -15.258988 93.024055
v -51.709045 -9.163394 -178.767395
v -162.028076 -18.095858 91.731941
v -9.230671 -4.864591 -177.913406
v -157.514328 -21.453308 91.293427
v -150.776016 -24.865311 91.790253
v 62.859238 -7.889945 -178.348068
v -146.817917 -30.453642 91.144089
v 110.541031 -7.673727 -182.435913
v 126.409622 -6.400531 -177.148666
v -143.208130 -35.820053 90.704430
v -85.539177 -24.033789 -9.024078
v -140.642151 -41.105911 90.725266
v -137.414093 -46.248562 91.424965
v -82.330147 -26.497814 -11.694852
v -125.947067 -47.937237 91.292053
v 151.269455 -3.305092 -178.572525
v -82.355949 -29.727154 -19.224751
v -115.330376 -49.349236 91.095161
v -105.067101 -50.160423 90.731033
v 178.934830 -2.461732 -180.005371
v -83.675385 -33.201885 -28.264902
v 199.670837 0.370535 -183.980865
v -84.880501 -36.820011 -35.770790
v -166.329117 -0.006688 -193.121582
v -163.038940 -15.016119 79.151176
v -85.911964 -40.511524 -41.974316
v -163.406403 -17.835192 76.883858
v -96.374649 1.935974 -197.747482
v -160.695023 -21.451021 77.361427
v -60.038712 -0.002083 -199.964218
v -86.886238 -44.208191 -47.824169
v -152.287048 -26.065582 79.202530
v 44.606873 2.151354 -197.924286
v -147.522079 -31.251080 79.929298
v -89.010292 -46.589405 -57.174809
v -144.296768 -36.541164 80.502808
v 135.494812 0.080448 -198.490494
v -143.160110 -42.030872 81.318123
v -137.544876 -46.664265 83.306328
v -91.046593 -48.371971 -66.746643
v -126.065208 -48.327145 85.269417
v -92.973419 -49.838997 -76.123749
v -115.483353 -49.775383 87.075066
v 183.980026 0.256919 -199.757202
v -105.148552 -50.417606 88.731537
v 199.973373 0.080004 -199.972504
v -220.000000 0.000017 220.000000
v 220.000000 -0.000017 -220.000000
v -220.000000 -0.000017 -220.000000
v -107.982277 -19.257582 -6.934174
v -220.000000 -74.999985 220.000000
v -156.514664 -14.332533 66.491226
v -101.731766 -22.735619 -7.613373
v -157.318558 -17.008446 65.220901
v -220.000000 -75.000015 -220.000000
v -154.464218 -21.610155 66.294250
v -98.049065 -25.832331 -11.876110
v -150.002945 -26.657164 67.921318
v -146.560242 -31.895273 69.048271
v 220.000000 0.000017 220.000000
v -95.758316 -29.237085 -19.614042
v -143.466034 -37.085236 70.193527
v -140.477005 -42.163940 72.298996
v 220.000000 -74.999985 220.000000
v -95.060844 -32.842087 -27.750008
v -135.134964 -46.406929 75.114281
v -124.655365 -48.484882 79.288849
v 220.000000 -75.000015 -220.000000
v -94.745781 -36.622456 -34.666790
v -114.682159 -50.101040 83.088211
v -94.518227 -40.513737 -40.353142
v -104.791031 -50.693947 86.740501
v -94.249321 -44.603428 -45.821770
v -94.566673 -46.662903 -56.327179
v -94.734016 -48.385777 -66.257584
v -94.833717 -49.877899 -75.777168
v -121.534416 -16.179995 -10.194990
v -147.332733 -14.344131 55.546982
v -116.599144 -21.460289 -8.891504
v -147.587921 -16.580244 55.331413
v -112.768425 -25.097000 -13.416400
v -147.406052 -21.603746 55.866180
v -109.058594 -28.388792 -22.126083
v -145.910172 -27.066639 57.502117
v -106.482422 -32.348366 -29.376543
v -144.489212 -32.465267 58.570271
v -104.680756 -36.345833 -35.313240
v -142.475052 -37.617199 59.789108
v -103.353500 -40.443466 -40.094978
v -137.423462 -42.585510 63.054310
v -102.038338 -44.832806 -45.642925
v -131.118179 -46.238987 67.653038
v -100.247025 -46.721699 -56.499287
v -122.079262 -48.623741 73.672348
v -98.478134 -48.401897 -66.438103
v -113.038742 -50.323574 79.335983
v -96.730667 -49.886559 -75.844414
v -104.015053 -50.961029 84.839188
v -134.454163 -14.903743 -14.547255
v -131.269608 -19.672501 -13.708384
v -126.069786 -23.916864 -18.424770
v -121.059990 -27.834730 -26.144592
v -117.190674 -31.950916 -32.593784
v -139.549500 -15.371154 46.321495
v -140.322922 -17.449198 45.340015
v -114.263031 -36.204231 -37.689426
v -112.099113 -40.413242 -41.539276
v -140.529831 -21.470287 45.012413
v -109.786942 -44.930141 -47.301514
v -140.352219 -27.419621 48.244434
v -139.796829 -32.715191 49.617268
v -105.816498 -46.729744 -57.852543
v -137.407867 -37.926945 51.769421
v -102.146042 -48.395767 -67.365288
v -133.026749 -43.364693 54.590591
v -98.593506 -49.833099 -76.355568
v -127.575539 -47.155666 59.615288
v -145.946915 -14.164359 -19.712761
v -118.788895 -48.923767 68.481995
v -143.767120 -18.560890 -19.440920
v -110.701080 -50.490269 76.001167
v -138.113693 -23.178759 -22.901381
v -102.854248 -51.191364 83.119865
v -131.722229 -27.505480 -31.352276
v -126.719536 -31.865704 -37.613964
v -122.928741 -36.145489 -42.276070
v -120.165100 -40.213203 -46.042797
v -116.365768 -44.502987 -51.732121
v -110.835861 -46.600716 -60.606770
v -131.345703 -16.112425 38.350113
v -132.308548 -18.065680 36.770760
v -105.575073 -48.365238 -69.040504
v -100.350060 -49.693218 -77.287125
v -132.818756 -21.617529 35.020317
v -129.912109 -27.375963 41.235603
v -162.534805 -9.567831 -35.709095
v -157.586960 -13.026064 -28.352295
v -130.839096 -32.617123 42.764019
v -154.895981 -17.552668 -27.505400
v -129.913971 -37.992699 45.283749
v -126.054176 -43.638859 48.603970
v -148.424240 -22.304785 -31.673037
v -140.778717 -27.100409 -39.058601
v -121.566452 -47.320793 54.657814
v -134.696716 -31.738306 -44.655876
v -114.186752 -48.924786 64.742599
v -130.074051 -36.330769 -48.821129
v -107.607841 -50.505802 73.429665
v -101.321388 -51.337841 81.707359
v -126.996574 -40.064617 -52.363708
v -121.041595 -43.639767 -58.125736
v -114.929131 -46.327744 -64.600853
v -108.597168 -48.335171 -71.387794
v -101.914917 -49.535973 -78.541069
v -122.477295 -17.315525 32.466965
v -95.181694 -49.222469 -85.623688
v -122.560966 -19.299763 31.650318
v -169.435394 -7.818611 -46.184772
v -122.098473 -22.634140 30.212639
v -168.945694 -11.315981 -42.610981
v -120.685471 -27.505774 33.907078
v -164.825745 -16.112795 -39.712563
v -120.112381 -32.451126 37.669083
v -156.800110 -21.412685 -43.462204
v -118.959808 -37.422211 42.139942
v -147.828842 -26.482073 -49.188522
v -140.549683 -31.182055 -53.812233
v -116.847397 -43.276085 44.679081
v -113.427986 -46.757732 51.899605
v -134.818344 -35.174671 -58.430054
v -108.401787 -48.574635 62.466011
v -130.701263 -39.567127 -60.735729
v -103.864944 -50.361637 71.700165
v -124.702515 -43.159000 -64.636650
v -118.239296 -46.138630 -69.140411
v -99.483742 -51.384476 80.673294
v -111.071548 -48.323402 -74.263229
v -103.118073 -49.349316 -80.053642
v -174.365067 -6.722476 -62.782402
v -177.342773 -10.397363 -59.919983
v -115.908226 -18.007757 29.574942
v -173.862152 -15.251492 -56.135017
v -163.769226 -20.570957 -56.961655
v -112.420441 -20.109695 28.596817
v -110.242615 -23.205221 27.901646
v -153.023132 -25.917099 -60.790470
v -144.644135 -30.735161 -63.706360
v -108.129646 -27.299110 28.871296
v -138.982544 -35.080681 -66.554527
v -107.048431 -31.992678 34.261604
v -133.789932 -39.291939 -68.693871
v -106.250717 -36.887566 39.583576
v -127.772354 -42.995522 -71.121284
v -104.612053 -41.755775 43.948750
v -120.770134 -46.059769 -74.027184
v -103.748833 -45.406067 51.711445
v -112.765274 -48.211742 -77.636833
v -101.920807 -47.986294 61.577400
v -103.836998 -49.058098 -81.778778
v -99.718193 -50.136276 70.759834
v -97.436943 -51.347481 80.062332
v -175.435577 -5.702485 -76.627182
v -178.453461 -10.097179 -74.452835
v -177.198776 -15.073462 -73.132225
v -165.737534 -20.666662 -72.530159
v -100.135292 -20.775492 26.451944
v -155.205261 -25.701883 -73.304840
v -95.097000 -36.458237 39.077866
v -145.535675 -30.106726 -74.385704
v -95.809105 -44.827248 52.057156
v -140.545166 -34.798664 -75.667831
v -95.746437 -47.621773 61.495689
v -135.613541 -39.134716 -76.759842
v -130.231979 -43.062607 -77.733063
v -95.497887 -50.022511 70.421654
v -122.375237 -46.028255 -79.262062
v -95.259880 -51.293579 79.882500
v -113.341103 -47.801128 -81.430130
v -104.153076 -48.752750 -83.616432
v -173.666992 -6.542700 -88.735931
v -175.173172 -9.760072 -88.413254
v -172.983734 -15.296204 -87.793350
v -163.794922 -20.786966 -86.094093
v -154.713638 -25.685305 -85.300850
v -145.897491 -29.984543 -84.863403
v -140.904770 -34.674606 -84.957520
v -136.437469 -39.110516 -85.002098
v -131.388931 -43.176094 -84.774956
v -122.475555 -45.686188 -84.967110
v -113.358215 -47.431358 -85.249619
v -104.224190 -48.559361 -85.495056
v -169.643585 -7.296118 -99.727097
v -168.780090 -10.411522 -100.156548
v -165.916245 -16.145813 -99.326584
v -159.801163 -21.331326 -98.052368
v -151.756973 -25.794880 -96.446609
v -144.644180 -30.118935 -94.959549
v -139.988007 -34.700401 -94.139221
v -136.116440 -39.143036 -93.373543
v -130.659973 -42.944271 -92.067924
v -121.894875 -45.480125 -90.531868
v -113.087502 -47.336800 -89.003021
v -104.119095 -48.515221 -87.375847
v -163.620026 -8.952205 -109.422478
v -163.011139 -11.701921 -110.787415
v -161.304276 -17.366720 -110.927460
v -154.662399 -21.834332 -108.823463
v -147.431519 -25.925060 -106.510963
v -141.476212 -30.180227 -104.412933
v -137.960007 -34.843388 -103.098740
v -135.350494 -39.462910 -101.887474
v -129.006134 -43.032921 -99.216751
v -120.720329 -45.577896 -95.951729
v -112.400261 -47.456059 -92.647453
v -103.809914 -48.598049 -89.221252
v -158.642502 -9.951520 -116.942337
v -156.906937 -12.541261 -121.268486
v -153.290314 -17.815310 -120.536057
v -146.888412 -21.927622 -117.484215
v -141.369141 -26.089552 -115.026581
v -136.913712 -30.371479 -112.997421
v -134.700287 -35.066200 -111.724075
v -133.995392 -40.069969 -110.848167
v -126.780304 -43.568283 -106.388268
v -118.952095 -45.997730 -101.250397
v -111.104378 -47.687626 -96.113007
v -103.182343 -48.728447 -90.955475
v -145.835510 -13.607043 -129.547745
v -142.102783 -17.822519 -127.727165
v -137.828308 -21.906778 -125.109711
v -133.955215 -26.088512 -122.667465
v -130.794037 -30.378012 -120.627640
v -130.223343 -35.201954 -119.946877
v -128.314087 -40.104485 -118.072487
v -124.385330 -44.783592 -113.985168
v -116.407539 -46.666512 -106.324097
v -109.147156 -47.983994 -99.266357
v -102.132332 -48.811684 -92.455666
v -133.454529 -14.503281 -137.713211
v -130.806061 -17.951563 -135.210068
v -128.126389 -21.795403 -132.416931
v -125.513252 -25.946188 -129.483490
v -122.480560 -30.013502 -126.632225
v -122.472870 -35.130707 -125.751663
v -120.886444 -40.035831 -123.644554
v -118.325424 -44.776104 -118.969742
v -112.487534 -47.368107 -110.468414
v -106.419899 -48.217678 -101.804306
v -100.719711 -48.847569 -93.651283
v -121.520851 -14.745673 -145.952850
v -119.410278 -17.827873 -143.125122
v -118.083168 -21.513439 -139.981049
v -116.943565 -25.907478 -135.509003
v -114.959251 -30.453924 -133.376038
v -113.559914 -35.186096 -130.667526
v -112.682640 -40.089134 -127.594971
v -110.900520 -44.404381 -122.195221
v -107.326332 -47.590015 -113.253952
v -103.059090 -48.290543 -103.567482
v -99.058548 -48.854797 -94.500832
v -108.871338 -14.161139 -154.551193
v -107.246384 -17.227730 -151.439529
v -107.559731 -20.770573 -148.512497
v -107.486046 -25.717255 -140.095932
v -105.963898 -30.628435 -137.093430
v -104.972946 -35.533028 -134.501831
v -104.107758 -40.196514 -130.456665
v -102.850296 -43.948551 -123.972176
v -101.622055 -47.479610 -114.604485
v -99.364784 -48.267075 -104.524826
v -97.242340 -48.824280 -94.963379
v -93.765602 -17.419533 -160.460587
v -95.955811 -35.862434 -136.418808
v -95.261940 -43.874767 -124.434875
v -95.613251 -47.158154 -114.684845
v -95.503464 -48.106113 -104.644501
v -95.351753 -48.736717 -95.020668
v -59.992760 -21.895409 -22.502493
v -53.393375 -21.423727 -24.483778
v -76.882599 -21.228521 -11.083528
v -41.764736 -22.538563 -32.478725
v -29.976946 -24.655355 -41.165089
v -23.576096 -25.750620 -51.498962
v -127.185547 -14.154861 -11.170252
v -119.675697 -15.732945 -8.981330
v -124.212227 -14.769129 -9.983845
v -155.285995 -8.609508 -32.104992
v -145.551376 -11.775249 -22.059797
v -135.714371 -12.952405 -16.157909
v -109.123184 -18.141708 -7.185058
v -100.739304 -19.607431 -6.191030
v -99.664978 -20.461025 -6.565303
v -78.597984 -22.812458 -10.318379
v -87.805626 -22.632093 -8.081998
v -20.940689 -26.858923 -61.443314
v -16.635178 -26.810726 -85.525009
v -19.824621 -26.141533 -98.401489
v -17.363884 -26.653837 -73.312469
v -23.213621 -25.625771 -102.643677
v -26.711649 -24.459543 -108.543159
v -164.027451 -6.817268 -41.315807
v -162.092804 -8.403152 -37.063900
v -159.682312 -8.855119 -34.561783
v -173.101120 -4.919607 -79.663795
v -174.680878 -4.923771 -75.007889
v -169.431442 -6.015777 -49.935356
v -172.652756 -5.602368 -63.544876
v -172.631241 -5.581122 -89.713486
v -165.652878 -6.230155 -101.431534
v -170.057419 -6.012980 -98.257698
v -168.063644 -6.804384 -45.840103
v -162.775650 -7.883689 -109.103813
v -158.827805 -9.095981 -115.700127
v -147.249146 -10.887330 -128.640091
v -140.578918 -10.455675 -134.306625
v -154.937988 -9.874306 -120.551590
v -41.069431 -19.623472 -135.939453
v -40.934189 -21.528557 -125.493774
v -32.117802 -24.445770 -117.077339
v -42.766903 -19.434074 -140.229599
v -124.097946 -12.598867 -148.298019
v -135.108002 -12.128555 -140.404861
v -112.242386 -11.451102 -157.104752
v -98.292320 -12.624189 -161.113846
v -49.006714 -19.789606 -147.399002
v -47.724426 -20.743937 -142.590805
v -82.871590 -15.151674 -163.942947
v -92.116768 -14.117208 -162.622620
v -59.498482 -19.885302 -155.436630
v -68.300110 -16.994854 -163.879303
v -74.234497 -15.990289 -164.601974
v -112.467743 -13.009396 159.907883
v -81.255341 -12.356077 157.560837
v -96.209351 -12.701494 159.454742
v -164.701706 -10.809359 127.451447
v -161.005600 -10.376036 132.716125
v -154.584305 -10.461287 140.885696
v -142.210373 -12.069135 152.113144
v -132.878494 -12.766972 156.902435
v -167.206284 -11.100730 122.862137
v -169.416229 -11.505723 116.874298
v -123.631706 -12.929637 159.379379
v -122.717491 -13.102029 159.440811
v -115.610649 -13.747808 159.523376
v -74.881157 -13.864288 155.731827
v -59.007950 -13.674333 155.416351
v -65.933884 -14.187099 154.924606
v -82.788513 -13.057960 157.614868
v -51.908993 -13.869888 152.022293
v -50.171642 -13.976615 150.846909
v -38.810791 -15.612331 140.021652
v -25.030977 -22.860611 100.102997
v -32.075928 -20.857044 110.288811
v -32.192406 -19.789909 116.262527
v -32.645958 -18.297272 125.406906
v -163.887360 -13.108292 83.129295
v -166.748764 -13.402529 94.229927
v -170.598297 -12.058176 107.471512
v -161.244171 -11.092056 77.064194
v -158.219238 -10.233974 71.968834
v -158.564255 -11.842109 71.385612
v -22.570553 -26.170223 60.067425
v -20.093475 -25.723366 65.891281
v -22.812201 -24.654530 55.062737
v -19.837564 -27.030272 77.998344
v -22.569559 -25.398491 92.034225
v -155.059296 -10.491043 67.804108
v -146.779480 -12.824815 55.948536
v -129.820923 -15.024817 38.376080
v -118.523956 -15.590012 30.419329
v -138.779984 -14.290165 46.766983
v -119.083092 -16.664684 30.722101
v -115.864395 -17.379505 29.437967
v -112.106285 -17.863071 28.262268
v -99.017738 -18.058037 24.098900
v -103.919456 -18.728298 26.123022
v -37.773369 -22.772226 34.793934
v -36.670269 -25.125870 40.531433
v -30.926386 -25.680225 48.052654
v -87.173485 -19.937250 24.122272
v -64.107101 -22.148590 21.998703
v -75.452080 -21.233757 23.538553
v -63.089424 -22.469681 25.685957
v -51.594280 -23.102951 30.593328
v 26.120892 -26.388170 -37.070904
v 33.619434 -27.372297 -33.053371
v 43.822239 -28.136663 -25.820974
v 53.937626 -27.580799 -17.285875
v 11.707236 -26.474583 -63.641258
v 22.268919 -26.779694 -47.722057
v 17.581160 -26.905031 -56.848301
v 59.433067 -27.914644 -17.092722
v 65.257591 -27.455534 -13.774812
v 75.201050 -27.359743 -19.044401
v 86.678238 -27.152058 -23.389860
v 98.403076 -25.969269 -28.172991
v 110.595085 -24.028944 -32.597248
v 124.128357 -19.598137 -41.818626
v 126.745369 -17.299528 -44.080303
v 121.318176 -21.772835 -37.863155
v 131.902390 -17.737770 -51.625679
v 150.869812 -15.212791 -79.408676
v 143.746475 -17.193707 -69.673157
v 137.498245 -17.824867 -60.334324
v 149.869247 -17.096733 -82.828835
v 151.261017 -17.319643 -88.628967
v 154.127838 -15.643548 -92.494194
v 150.868942 -18.696669 -122.190109
v 150.317886 -19.379339 -112.804779
v 151.597610 -18.372213 -102.647232
v 12.261610 -26.574760 -77.626511
v 9.316393 -26.338034 -78.268768
v 13.266193 -26.522627 -71.268410
v 13.730131 -25.782974 -101.546181
v 13.068708 -24.778677 -104.797997
v 12.007003 -26.233915 -92.299446
v 136.321091 -23.894890 -139.391266
v 140.387436 -22.849167 -138.018585
v 133.077805 -23.589182 -143.054916
v 145.135742 -21.965330 -130.637268
v 148.016022 -20.837664 -126.932762
v 17.520994 -24.807148 -112.203896
v 17.787584 -24.195820 -112.652351
v 123.296722 -24.068022 -145.037888
v 116.851067 -23.119530 -149.474182
v 27.553394 -24.008253 -125.720024
v 34.008690 -21.220671 -136.365982
v 34.680607 -23.161930 -132.680878
v 111.184204 -22.588083 -151.802475
v 111.775826 -23.596376 -148.869217
v 106.445946 -22.564371 -151.981537
v 52.965782 -19.809540 -150.378540
v 67.496506 -20.555975 -153.125793
v 65.076859 -22.253433 -148.550385
v 70.552620 -23.117290 -147.956543
v 80.264397 -23.474934 -148.301254
v 92.934380 -23.333527 -148.996765
v 39.976364 -19.545910 142.166595
v 53.206390 -17.706522 157.421738
v 61.092365 -16.680441 161.400589
v 45.031227 -18.645401 149.731232
v 45.369678 -18.603271 150.218979
v 63.065018 -16.510647 162.403854
v 73.214226 -16.238815 167.155838
v 79.544083 -16.460047 169.620300
v 83.752289 -16.698385 171.153152
v 112.337257 -21.997313 171.147476
v 118.702126 -23.391439 169.284790
v 95.631271 -18.293011 173.296677
v 22.776300 -24.406523 121.770226
v 31.326126 -21.514996 132.224274
v 39.085964 -19.635004 140.743179
v 39.883053 -19.556606 142.011017
v 39.936848 -19.548210 142.101776
v 120.970001 -23.845263 168.681183
v 122.663101 -24.206535 168.161362
v 144.925400 -27.890718 149.327209
v 149.058319 -28.219910 143.745758
v 130.743988 -25.881826 164.462280
v 15.373163 -24.501755 102.146820
v 16.604076 -24.196707 105.304672
v 20.468271 -24.673433 118.414131
v 13.080759 -25.225281 93.759270
v 152.661804 -29.049847 133.500229
v 155.808578 -28.263290 130.571030
v 161.187469 -27.760427 119.692551
v 12.310293 -25.139898 81.247879
v 12.932560 -25.242899 92.991287
v 12.367499 -25.098301 80.687912
v 13.359481 -24.856647 73.869370
v 161.928497 -27.940928 105.844093
v 162.732315 -27.360086 107.646492
v 162.810211 -27.205835 92.644890
v 163.303543 -26.124208 83.247910
v 14.252467 -24.847593 67.614113
v 14.680314 -24.670256 66.727570
v 18.604471 -24.183744 52.812828
v 17.491987 -24.961226 56.987755
v 157.752106 -25.217981 70.263840
v 158.122620 -26.431475 74.449669
v 27.541191 -25.225090 42.365807
v 59.316933 -25.519863 27.434927
v 65.077728 -25.577309 26.065304
v 31.450483 -25.157480 38.424953
v 58.033264 -25.586237 27.652010
v 45.419647 -25.841106 32.057224
v 75.275246 -25.814367 24.062735
v 70.507217 -25.877007 25.354256
v 133.657410 -23.456739 41.431248
v 129.876572 -23.650131 39.031380
v 128.490234 -23.391380 38.236843
v 120.305122 -22.902838 35.468853
v 147.627563 -21.625368 50.146439
v 151.000244 -24.905659 61.051094
v 140.313263 -23.900270 47.374302
v 106.027893 -22.671026 30.207714
v 117.018906 -22.734064 34.172703
v 82.846542 -25.008581 23.480822
v 94.633987 -24.151373 25.971134
v 103.305229 -22.983839 29.501715
v 105.862915 -22.682018 30.161987
vn -0.0234 0.9986 -0.0482
vn -0.0083 0.9993 -0.0376
vn -0.0060 0.9986 -0.0529
vn -0.0093 0.9985 -0.0545
vn 0.0009 1.0000 -0.0054
vn -0.0032 0.9975 -0.0707
vn 0.0123 0.9995 -0.0292
vn 0.0353 0.9949 -0.0942
vn 0.0089 0.9963 -0.0857
vn 0.0359 0.9907 -0.1313
vn -0.0071 0.9968 -0.0791
vn 0.0311 0.9834 -0.1786
vn 0.0126 0.9771 -0.2123
vn -0.0451 0.9972 0.0601
vn -0.0234 0.9629 -0.2689
vn 0.0219 0.9789 -0.2032
vn 0.0122 0.9735 -0.2282
vn 0.0280 0.8734 -0.4863
vn 0.1025 0.9089 -0.4043
vn -0.0341 0.9316 -0.3619
vn -0.0153 0.9863 -0.1644
vn -0.1063 0.9511 -0.2901
vn -0.0309 0.9954 -0.0908
vn -0.2060 0.9575 -0.2017
vn -0.0908 0.9954 -0.0309
vn -0.0086 0.9982 -0.0601
vn 0.0233 0.9990 -0.0371
vn 0.0224 0.9958 -0.0891
vn 0.0324 0.9212 -0.3878
vn 0.0313 0.9608 -0.2756
vn 0.0433 0.9735 -0.2245
vn 0.0838 0.9253 -0.3698
vn 0.1312 0.8297 -0.5426
vn 0.0775 0.6915 -0.7182
vn -0.1448 0.8583 -0.4923
vn -0.1486 0.9779 -0.1470
vn -0.2935 0.9497 -0.1090
vn -0.1608 0.9869 -0.0142
vn 0.0189 0.9886 -0.1496
vn 0.0652 0.9835 -0.1686
vn 0.1892 0.7625 -0.6187
vn -0.0562 0.0410 -0.9976
vn -0.4277 0.0302 -0.9034
vn -0.0143 0.9643 -0.2644
vn 0.1017 0.9423 -0.3191
vn 0.2774 0.7527 -0.5970
vn 0.1190 0.3247 -0.9383
vn -0.1831 0.5504 -0.8145
vn -0.4692 0.6788 -0.5649
vn -0.2970 0.9254 -0.2353
vn -0.3693 0.9276 -0.0566
vn -0.1991 0.9800 -0.0018
vn 0.4467 0.8011 -0.3984
vn 0.1858 0.9825 -0.0155
vn 0.2879 0.8574 -0.4265
vn 0.1538 0.9578 -0.2430
vn 0.2504 0.9112 -0.3272
vn 0.3311 0.6774 -0.6569
vn 0.4908 0.5996 -0.6322
vn 0.4623 0.6769 -0.5728
vn 0.2131 0.5414 -0.8133
vn 0.2631 0.7028 -0.6609
vn -0.2291 0.4610 -0.8573
vn -0.1084 -0.3434 -0.9329
vn -0.1060 -0.4013 -0.9098
vn -0.4559 0.7423 -0.4912
vn -0.5536 0.8057 -0.2108
vn 0.8554 0.5180 0.0001
vn 0.2576 0.3140 -0.9138
vn -0.1253 -0.2645 -0.9562
vn -0.1015 -0.2179 -0.9707
vn -0.1256 -0.5573 -0.8207
vn -0.0121 0.9815 -0.1913
vn 0.2454 0.8823 -0.4017
vn 0.2479 0.8742 -0.4175
vn 0.3279 0.8991 -0.2899
vn 0.2256 0.9532 -0.2014
vn -0.4483 -0.7871 -0.4237
vn -0.4331 -0.8343 -0.3412
vn -0.7422 0.4303 -0.5139
vn -0.8337 -0.1232 -0.5384
vn -0.6801 0.6929 -0.2397
vn -0.5506 0.8347 0.0067
vn 0.3290 0.9441 0.0224
vn 0.5411 -0.4436 -0.7145
vn 0.7412 -0.5783 -0.3409
vn 0.5444 -0.3860 -0.7447
vn 0.7671 -0.5934 -0.2437
vn 0.8329 -0.5436 -0.1039
vn 0.0636 0.1613 -0.9849
vn 0.0440 0.0688 -0.9967
vn -0.1142 -0.7786 -0.6171
vn -0.2073 -0.9043 -0.3732
vn -0.2950 -0.9545 -0.0440
vn -0.4018 0.9021 -0.1575
vn -0.5468 -0.8333 -0.0815
vn 0.1212 0.9914 -0.0495
vn 0.4000 0.9031 -0.1561
vn 0.3706 0.9144 -0.1627
vn 0.3630 0.9274 -0.0904
vn -0.5243 0.8099 -0.2630
vn -0.5421 0.7921 -0.2804
vn -0.7480 0.6514 -0.1270
vn -0.7487 0.6629 -0.0072
vn 0.1779 0.9836 0.0289
vn 0.7857 0.5491 0.2848
vn 0.8981 -0.3953 0.1927
vn 0.8987 -0.2886 0.3303
vn 0.3670 0.9297 0.0305
vn 0.4691 0.8761 0.1115
vn 0.3604 0.9324 0.0265
vn 0.6433 0.7535 0.1358
vn 0.4807 0.8709 0.1018
vn -0.8192 0.5728 -0.0275
vn -0.6340 0.7486 0.1943
vn -0.6320 0.7660 0.1176
vn -0.7129 0.7011 0.0154
vn -0.1671 0.9859 0.0012
vn 0.3231 0.9344 0.1499
vn 0.7889 -0.2960 0.5386
vn 0.8614 -0.1440 0.4871
vn -0.3775 0.9195 0.1099
vn -0.4334 0.8537 0.2889
vn -0.5821 0.7819 0.2233
vn -0.7730 0.6344 0.0074
vn -0.8507 0.5103 -0.1264
vn -0.0221 0.9994 0.0265
vn 0.2687 0.9622 0.0440
vn 0.7006 0.6981 0.1478
vn 0.5845 0.7941 0.1668
vn 0.7409 0.4428 0.5050
vn 0.5685 0.8052 0.1689
vn -0.4669 0.8230 0.3237
vn -0.4858 0.8327 0.2658
vn -0.4594 0.8819 0.1057
vn 0.2152 0.9763 0.0215
vn 0.0580 0.9982 0.0160
vn 0.5071 0.7600 0.4065
vn 0.4352 0.7493 0.4991
vn 0.2242 0.9497 0.2185
vn 0.5461 0.7144 0.4375
vn 0.2941 0.7051 0.6452
vn 0.1801 0.9022 0.3919
vn -0.1331 0.9854 0.1058
vn 0.0898 0.9943 0.0576
vn 0.1458 0.9882 0.0465
vn 0.7239 0.2965 0.6230
vn 0.1373 0.9786 0.1532
vn 0.0267 0.9977 0.0621
vn -0.0146 0.9915 0.1292
vn 0.2732 0.7405 0.6140
vn 0.2911 0.6974 0.6549
vn -0.0979 0.9283 0.3587
vn 0.0496 0.9896 0.1353
vn -0.3295 0.8311 0.4480
vn -0.2525 0.8769 0.4091
vn -0.2342 0.7660 0.5987
vn -0.3127 0.7936 0.5220
vn -0.1450 0.9111 0.3859
vn -0.3208 0.9175 0.2352
vn -0.4034 0.8340 0.3764
vn -0.4608 0.8194 0.3409
vn -0.3362 0.8457 0.4144
vn 0.1968 0.9803 -0.0162
vn -0.3807 0.8716 0.3088
vn -0.1762 0.9696 0.1701
vn 0.0456 0.9964 -0.0717
vn 0.1893 0.9817 0.0223
vn 0.0739 0.9971 0.0180
vn -0.0074 0.9999 -0.0095
vn -0.1864 0.9519 0.2432
vn -0.1573 0.9522 0.2618
vn -0.1399 0.9269 0.3483
vn -0.2484 0.9666 0.0635
vn 0.2201 0.9754 -0.0089
vn 0.0118 0.9999 -0.0005
vn 0.1448 0.9384 0.3137
vn 0.0509 0.9720 0.2292
vn -0.0135 0.9981 0.0601
vn -0.0815 0.9912 0.1048
vn -0.0199 0.9995 -0.0256
vn 0.0897 0.9939 -0.0638
vn 0.0761 0.9949 -0.0661
vn -0.1226 0.9923 0.0146
vn -0.1639 0.9742 0.1553
vn -0.1116 0.9188 0.3787
vn -0.1357 0.9399 0.3134
vn -0.1615 0.9574 0.2392
vn -0.1607 0.9747 0.1555
vn 0.1276 0.9918 0.0033
vn -0.0427 0.9989 -0.0186
vn 0.0959 0.9953 -0.0123
vn 0.0773 0.9968 -0.0179
vn 0.0137 0.9987 -0.0487
vn -0.0392 0.9975 0.0584
vn -0.1676 0.9771 0.1310
vn 0.2864 0.9528 -0.1007
vn -0.0223 0.9918 -0.1257
vn -0.0655 0.9949 -0.0772
vn 0.0151 0.9990 -0.0419
vn 0.0322 0.9993 -0.0192
vn -0.2351 0.9718 0.0199
vn -0.1633 0.9817 0.0979
vn -0.1444 0.9850 0.0946
vn -0.0612 0.9979 0.0205
vn 0.2073 0.9539 -0.2169
vn 0.0768 0.9505 -0.3011
vn 0.1049 0.9926 -0.0615
vn 0.0654 0.9973 -0.0330
vn -0.1847 0.9812 -0.0559
vn 0.1923 0.9812 -0.0156
vn 0.3832 0.9235 -0.0155
vn 0.7130 0.6049 -0.3546
vn -0.1252 0.9187 -0.3747
vn -0.1363 0.8422 -0.5216
vn -0.5913 -0.7157 -0.3715
vn -0.9338 -0.1725 -0.3135
vn -0.4287 -0.8878 -0.1674
vn -0.4283 -0.8928 -0.1396
vn -0.2565 0.9574 -0.1323
vn 0.1196 0.9836 -0.1350
vn -0.0273 0.9578 -0.2860
vn -0.2581 0.9638 -0.0673
vn -0.0805 0.9946 -0.0652
vn 0.1181 0.9926 -0.0274
vn 0.2818 0.9246 -0.2565
vn 0.3188 0.9100 -0.2652
vn 0.2331 0.8971 -0.3754
vn 0.4481 0.8446 -0.2930
vn 0.5418 0.7379 -0.4026
vn 0.1647 0.8391 -0.5185
vn 0.0667 0.7455 -0.6631
vn -0.1456 0.4551 -0.8784
vn -0.0375 0.9984 0.0415
vn 0.1568 0.9872 -0.0278
vn -0.4323 0.7850 -0.4437
vn -0.2281 0.9697 -0.0873
vn 0.7154 -0.6987 0.0005
vn -0.4228 -0.9059 -0.0244
vn -0.1518 0.9707 0.1864
vn -0.4991 -0.8664 0.0136
vn -0.1548 0.9503 0.2701
vn -0.1431 0.9561 0.2558
vn -0.1327 0.9910 0.0184
vn 0.1904 0.9637 -0.1871
vn 0.2090 0.9355 -0.2849
vn 0.2601 0.9109 -0.3204
vn 0.1512 0.9819 -0.1140
vn 0.0925 0.9941 -0.0569
vn -0.2941 0.6370 -0.7125
vn 0.0397 0.9858 -0.1630
vn -0.4394 0.1849 -0.8791
vn -0.6595 0.4469 -0.6044
vn -0.7141 0.5308 -0.4564
vn -0.4306 0.8981 -0.0899
vn -0.6731 0.6578 -0.3380
vn 0.1736 0.9848 -0.0060
vn 0.5100 -0.6139 -0.6025
vn 0.5808 -0.6232 -0.5238
vn 0.2729 0.9507 0.1473
vn -0.5903 0.7885 -0.1727
vn -0.6895 0.7218 -0.0597
vn -0.6846 0.7013 0.1985
vn -0.7524 0.6344 0.1772
vn -0.7514 0.6594 0.0256
vn -0.3421 0.9385 0.0472
vn -0.3195 0.9442 -0.0801
vn -0.1403 0.9901 -0.0068
vn 0.0953 0.9954 -0.0076
vn 0.2662 0.9613 0.0705
vn 0.5413 -0.8123 0.2170
vn 0.1229 -0.9910 -0.0529
vn 0.0544 -0.9981 0.0290
vn 0.1806 -0.9787 -0.0972
vn 0.0341 -0.9980 0.0530
vn 0.1642 -0.9665 0.1973
vn 0.6335 -0.6256 -0.4553
vn 0.0317 0.9995 0.0021
vn 0.2671 0.9613 0.0675
vn 0.4089 0.9063 0.1071
vn 0.6448 0.6769 0.3550
vn -0.4146 0.8192 0.3963
vn -0.2186 0.8730 0.4359
vn -0.3073 0.8983 0.3141
vn -0.6029 0.7128 0.3584
vn -0.7281 0.5809 0.3640
vn 0.1394 0.9901 0.0182
vn 0.1127 0.9729 0.2020
vn 0.3899 0.8617 0.3249
vn 0.7361 0.4794 0.4778
vn -0.0992 0.9226 0.3728
vn -0.1346 0.8923 0.4310
vn -0.1861 0.8593 0.4765
vn -0.3141 0.9404 0.1306
vn -0.1924 0.9805 0.0403
vn 0.7213 0.1535 0.6754
vn 0.2495 -0.9234 0.2916
vn 0.1823 -0.9463 0.2670
vn -0.1575 0.9489 0.2734
vn -0.1745 0.9486 0.2641
vn -0.1980 0.9461 0.2562
vn -0.3487 0.9103 0.2230
vn -0.0307 0.9819 0.1871
vn 0.2802 0.9214 0.2692
vn 0.3264 0.8306 0.4513
vn -0.0367 0.8991 0.4362
vn -0.0625 0.9293 0.3641
vn 0.0255 0.9151 0.4024
vn -0.4121 0.8239 0.3890
vn -0.1632 0.9828 0.0868
vn -0.0686 0.9972 0.0282
vn 0.0933 0.9946 0.0450
vn 0.0241 0.9992 0.0306
vn 0.1934 0.9769 0.0913
vn 0.0966 -0.9674 0.2340
vn 0.0508 -0.9680 0.2459
vn -0.0863 0.2533 0.9635
vn -0.4600 -0.7338 0.4998
vn -0.3422 0.9049 0.2529
vn -0.2441 -0.9193 0.3087
vn 0.1024 0.9349 0.3399
vn 0.2655 0.7749 0.5736
vn 0.1467 0.8671 0.4760
vn 0.0294 0.9191 0.3930
vn 0.0545 0.9163 0.3968
vn 0.0849 0.8574 0.5075
vn -0.1467 0.8960 0.4192
vn 0.1508 0.9837 0.0976
vn 0.1357 0.9705 0.1992
vn 0.0027 0.9629 0.2697
vn 0.0186 0.9508 0.3091
vn 0.1191 0.8993 0.4208
vn -0.0093 0.8860 0.4636
vn -0.2434 0.8662 0.4364
vn -0.2337 0.9621 0.1406
vn -0.1390 0.9897 0.0333
vn 0.0380 0.9969 0.0689
vn -0.0346 0.9982 0.0482
vn 0.0698 0.9850 0.1578
vn 0.0805 0.9391 0.3342
vn 0.0851 0.9226 0.3763
vn -0.0298 0.9087 0.4165
vn -0.0442 0.9576 0.2847
vn 0.0625 0.9097 0.4106
vn -0.0689 0.8989 0.4327
vn -0.1404 0.9268 0.3484
vn -0.0819 0.9800 0.1812
vn -0.0718 0.9950 0.0695
vn -0.0661 0.9978 -0.0065
vn 0.0032 0.9976 0.0694
vn 0.0469 0.9981 0.0391
vn 0.0071 0.9873 0.1586
vn 0.0045 0.9966 0.0829
vn -0.0144 0.9854 0.1698
vn 0.0001 0.9981 0.0619
vn -0.0173 0.9998 0.0097
vn 0.4094 0.8158 0.4085
vn -0.4110 0.8141 -0.4103
vn 0.4209 0.8036 -0.4208
vn -0.3889 0.8349 0.3896
vn -1.0000 -0.0000 -0.0000
vn -0.0000 -0.0000 -1.0000
vn 1.0000 -0.0000 -0.0000
vn -0.0000 -0.0000 1.0000
vn -0.0000 -1.0000 -0.0000
vn -0.0878 0.9938 0.0680
vn -0.0879 0.9938 0.0680
vn -0.0938 0.9932 0.0696
vn 0.1614 0.9191 0.3595
vn -0.0791 0.9955 0.0526
vn -0.0805 0.9954 0.0523
vn -0.0776 0.9956 0.0529
vn 0.1031 0.8357 0.5395
vn 0.0524 0.6730 0.7378
vn -0.0171 0.7923 0.6098
vn -0.0614 0.8922 0.4474
vn 0.1750 0.3875 0.9051
vn -0.0995 0.9543 0.2818
vn 0.1836 0.4855 0.8548
vn -0.1139 0.9884 0.1009
vn 0.2596 -0.1721 0.9502
vn -0.0139 0.7431 0.6691
vn -0.1113 0.9879 0.1082
vn -0.1105 0.9879 0.1084
vn -0.5457 0.3881 0.7427
vn -0.0939 0.9931 0.0697
vn -0.1689 0.9363 0.3080
vn -0.1574 0.8582 0.4886
vn -0.1984 0.7078 0.6779
vn -0.1758 0.8457 0.5038
vn -0.1728 0.8826 0.4372
vn 0.1010 0.4728 0.8754
vn -0.1143 0.9672 0.2269
vn -0.3794 0.6971 0.6084
vn -0.2800 0.8664 0.4134
vn -0.2904 0.8547 0.4303
vn -0.0343 0.4424 0.8962
vn -0.1410 0.9717 0.1897
vn -0.0750 0.9262 0.3694
vn -0.1129 0.9878 0.1076
vn -0.2589 0.8777 0.4033
vn -0.0877 0.9933 0.0752
vn -0.2651 0.8845 0.3838
vn -0.0693 0.9960 0.0569
vn -0.3135 0.8127 0.4912
vn -0.1182 0.9870 0.1087
vn -0.1183 0.9870 0.1087
vn -0.2970 0.8964 0.3290
vn -0.0821 0.9932 0.0830
vn -0.3526 0.8538 0.3831
vn -0.0557 0.9963 0.0660
vn -0.4290 0.7822 0.4518
vn -0.5132 0.7208 0.4659
vn -0.4141 0.8158 0.4038
vn -0.3338 0.8552 0.3964
vn -0.1675 0.9721 0.1643
vn -0.1776 0.9571 0.2290
vn -0.5723 0.6849 0.4509
vn -0.3624 0.8708 0.3322
vn -0.1697 0.9733 0.1544
vn -0.3373 0.9209 0.1955
vn -0.1204 0.9865 0.1108
vn -0.4015 0.8566 0.3242
vn -0.0768 0.9926 0.0940
vn -0.4062 0.8403 0.3591
vn -0.0425 0.9960 0.0791
vn -0.4656 0.7947 0.3894
vn -0.4954 0.7886 0.3643
vn -0.0746 0.9917 0.1043
vn -0.3944 0.8609 0.3214
vn -0.0347 0.9953 0.0902
vn -0.0341 0.9952 0.0916
vn -0.4587 0.8307 0.3154
vn -0.4970 0.8077 0.3171
vn -0.6720 0.6034 0.4293
vn -0.4036 0.8633 0.3031
vn -0.1553 0.9761 0.1522
vn -0.2496 0.8463 0.4707
vn -0.1229 0.9853 0.1186
vn -0.2345 0.9192 0.3165
vn -0.4726 0.8571 0.2052
vn -0.1701 0.9821 0.0808
vn -0.2543 0.9411 0.2228
vn -0.1536 0.9851 0.0775
vn -0.1638 0.9729 0.1629
vn -0.0841 0.9922 0.0921
vn -0.3526 0.9033 0.2444
vn -0.0353 0.9954 0.0889
vn -0.4256 0.8754 0.2292
vn -0.5298 0.8154 0.2335
vn -0.7503 0.5883 0.3015
vn -0.2296 0.9510 0.2069
vn -0.0387 0.9966 0.0731
vn -0.0387 0.9966 0.0728
vn -0.3494 0.9244 0.1528
vn -0.4991 0.8586 0.1172
vn -0.7652 0.6366 0.0958
vn -0.5188 0.8531 0.0555
vn -0.1673 0.9859 0.0094
vn -0.1893 0.9672 0.1691
vn -0.1909 0.9815 0.0140
vn -0.1956 0.9537 0.2284
vn -0.0972 0.9936 0.0575
vn -0.5249 0.8506 -0.0320
vn -0.1535 0.9879 -0.0213
vn -0.5653 0.8249 -0.0067
vn -0.2095 0.9774 -0.0276
vn -0.3299 0.9424 0.0546
vn -0.1100 0.9938 0.0186
vn -0.1730 0.9820 0.0762
vn -0.0387 0.9966 0.0734
vn -0.2611 0.9634 0.0610
vn -0.4179 0.9085 -0.0028
vn -0.7422 0.6687 -0.0437
vn -0.0418 0.9947 0.0936
vn -0.0418 0.9947 0.0940
vn -0.0428 0.9944 0.0965
vn -0.2355 0.9699 -0.0622
vn -0.3860 0.9201 -0.0667
vn -0.6958 0.6995 -0.1628
vn -0.4799 0.8647 -0.1482
vn -0.1480 0.9873 -0.0582
vn -0.6934 0.6889 -0.2114
vn -0.2099 0.9757 -0.0635
vn -0.4061 0.9024 -0.1441
vn -0.1289 0.9917 0.0042
vn -0.1737 0.9820 -0.0738
vn -0.1444 0.9867 -0.0747
vn -0.6402 0.6900 -0.3377
vn -0.2110 0.9730 -0.0938
vn -0.5330 0.8104 -0.2433
vn -0.1463 0.9892 -0.0083
vn -0.1783 0.9772 -0.1151
vn -0.0413 0.9949 0.0922
vn -0.2616 0.9559 -0.1336
vn -0.3821 0.9086 -0.1686
vn -0.5371 0.7897 -0.2964
vn -0.4503 0.8534 -0.2627
vn -0.2526 0.9381 -0.2368
vn -0.3350 0.9044 -0.2641
vn -0.4155 0.8433 -0.3408
vn -0.4299 0.8260 -0.3646
vn -0.1318 0.9862 -0.1003
vn -0.4030 0.5978 -0.6930
vn -0.2107 0.9689 -0.1296
vn -0.4450 0.5511 -0.7059
vn -0.1513 0.9881 -0.0294
vn -0.1766 0.9374 -0.3003
vn -0.0416 0.9948 0.0928
vn -0.1874 0.9737 -0.1292
vn -0.4684 0.3409 -0.8151
vn -0.2350 0.9684 -0.0829
vn -0.6376 -0.0999 -0.7639
vn -0.1413 0.9882 -0.0590
vn -0.3058 0.8983 -0.3155
vn -0.0381 0.9953 0.0891
vn -0.2577 0.9245 -0.2807
vn -0.2856 0.9068 -0.3101
vn -0.3324 0.8622 -0.3823
vn -0.3382 0.8341 -0.4358
vn -0.2076 0.9121 -0.3536
vn -0.2479 0.8723 -0.4215
vn -0.2588 0.8517 -0.4557
vn -0.1362 0.9601 -0.2443
vn -0.4993 -0.3534 -0.7910
vn -0.0862 0.9843 -0.1543
vn -0.4718 -0.2305 -0.8510
vn -0.0831 0.9902 -0.1126
vn -0.2175 0.9058 -0.3637
vn -0.0086 0.9976 0.0683
vn -0.1917 0.9310 -0.3107
vn -0.0437 0.9839 -0.1731
vn -0.2276 0.5397 -0.8105
vn -0.0508 0.9890 -0.1387
vn -0.0919 0.9114 -0.4012
vn -0.0056 0.9978 0.0662
vn -0.0017 0.9979 0.0652
vn -0.0016 0.9979 0.0651
vn -0.0737 0.9362 -0.3436
vn -0.1071 0.9081 -0.4049
vn -0.1540 0.8683 -0.4715
vn -0.1866 0.8507 -0.4914
vn -0.0911 0.9658 -0.2427
vn -0.2371 0.4179 -0.8770
vn -0.0697 0.8432 -0.5330
vn -0.1462 0.8193 -0.5545
vn 0.1091 0.1839 -0.9769
vn -0.0813 0.9747 -0.2080
vn 0.0021 0.4399 -0.8980
vn -0.0343 0.9843 -0.1730
vn 0.0252 0.7919 -0.6101
vn -0.0322 0.9880 -0.1513
vn 0.0441 0.9186 -0.3926
vn -0.0077 0.9977 0.0667
vn 0.0297 0.9238 -0.3818
vn -0.0114 0.8900 -0.4558
vn 0.1084 0.8317 -0.5446
vn 0.0025 0.9879 -0.1552
vn 0.1024 0.9338 -0.3428
vn -0.0069 0.9978 0.0667
vn 0.1188 0.9008 -0.4176
vn 0.0848 0.8586 -0.5056
vn 0.0272 0.7966 -0.6039
vn -0.0237 0.7906 -0.6119
vn 0.2809 0.4595 -0.8426
vn -0.0211 0.9829 -0.1831
vn 0.1795 0.1601 -0.9706
vn -0.0015 0.9856 -0.1689
vn 0.1436 0.7415 -0.6555
vn 0.1084 0.7976 -0.5933
vn 0.4156 0.2021 -0.8868
vn 0.0289 0.9863 -0.1622
vn 0.3206 0.0575 -0.9455
vn 0.0390 0.9865 -0.1588
vn 0.2550 0.8445 -0.4710
vn 0.0479 0.9885 -0.1432
vn 0.1765 0.9324 -0.3155
vn 0.0096 0.9976 0.0693
vn 0.1762 0.8820 -0.4370
vn 0.1713 0.8228 -0.5419
vn 0.0894 0.9895 -0.1132
vn 0.1875 0.9223 -0.3380
vn 0.0370 0.9962 0.0792
vn 0.0372 0.9962 0.0793
vn 0.2320 0.8762 -0.4224
vn 0.2789 0.8098 -0.5161
vn 0.3309 0.7381 -0.5880
vn 0.3190 0.8259 -0.4649
vn 0.3249 -0.6011 -0.7302
vn 0.1299 0.9825 -0.1336
vn 0.4184 0.1361 -0.8980
vn 0.0931 0.9855 -0.1421
vn 0.2753 0.8120 -0.5147
vn 0.3980 -0.7558 -0.5199
vn 0.3841 0.8806 -0.2776
vn 0.3890 -0.6962 -0.6033
vn 0.2527 0.9615 -0.1081
vn 0.5901 0.2249 -0.7754
vn 0.1538 0.9801 -0.1257
vn 0.3882 0.8294 -0.4017
vn 0.1047 0.9911 -0.0818
vn 0.2909 0.9176 -0.2707
vn 0.0368 0.9962 0.0790
vn 0.3327 0.8746 -0.3527
vn 0.3916 0.8085 -0.4393
vn 0.4332 0.7673 -0.4728
vn 0.3766 0.9039 -0.2028
vn 0.0451 0.9952 0.0869
vn 0.4299 0.8719 -0.2345
vn 0.5107 0.8331 -0.2124
vn 0.6389 0.7332 -0.2328
vn 0.5513 -0.6758 -0.4893
vn 0.4179 0.8964 -0.1479
vn 0.7284 -0.3532 -0.5871
vn 0.3060 0.9423 -0.1359
vn 0.7558 0.3234 -0.5694
vn 0.1928 0.9734 -0.1241
vn 0.4501 0.8542 -0.2603
vn 0.1096 0.9929 -0.0469
vn 0.4474 0.8792 -0.1641
vn 0.7587 -0.5607 -0.3315
vn 0.3370 0.9301 -0.1462
vn 0.8327 0.3713 -0.4108
vn 0.2242 0.9702 -0.0923
vn 0.4585 0.8668 -0.1959
vn 0.1222 0.9923 0.0206
vn 0.4058 0.9022 -0.1461
vn 0.0783 0.9879 0.1341
vn 0.4570 0.8756 -0.1563
vn 0.4904 0.8484 -0.1993
vn 0.5907 0.7676 -0.2487
vn 0.6566 -0.7190 -0.2279
vn 0.0849 0.9852 0.1491
vn 0.4501 0.8926 -0.0272
vn 0.6365 0.7701 -0.0435
vn 0.6223 0.7760 -0.1028
vn 0.6326 -0.7637 -0.1287
vn 0.5198 0.8417 -0.1465
vn 0.7723 -0.6291 -0.0886
vn 0.3423 0.9319 -0.1202
vn 0.9176 0.3778 -0.1237
vn 0.2225 0.9749 -0.0060
vn 0.4500 0.8902 -0.0710
vn 0.1342 0.9855 0.1041
vn 0.4273 0.9022 -0.0593
vn 0.3091 0.9509 -0.0134
vn 0.9087 0.3419 0.2393
vn 0.1990 0.9775 0.0706
vn 0.4632 0.8817 0.0903
vn 0.1248 0.9876 0.0957
vn 0.4514 0.8914 0.0394
vn 0.0742 0.9923 0.0993
vn 0.4262 0.9046 0.0080
vn 0.6836 0.7297 -0.0159
vn 0.6792 0.7329 -0.0397
vn 0.5510 -0.8256 0.1211
vn 0.6025 0.7938 -0.0827
vn 0.8705 -0.4591 0.1774
vn 0.6883 0.7219 0.0715
vn 0.7261 0.6859 0.0489
vn 0.8924 -0.3175 0.3206
vn 0.5940 0.8029 0.0500
vn 0.9024 -0.0987 0.4195
vn 0.2697 0.9611 0.0602
vn 0.7992 0.4143 0.4354
vn 0.1935 0.9799 0.0493
vn 0.5335 0.8212 0.2025
vn 0.1239 0.9918 0.0327
vn 0.4641 0.8783 0.1147
vn 0.0735 0.9969 0.0275
vn 0.4667 0.8805 0.0824
vn 0.8584 0.3660 0.3595
vn 0.2078 0.9780 0.0193
vn 0.5620 0.8067 0.1828
vn 0.1344 0.9909 -0.0121
vn 0.4462 0.8774 0.1760
vn 0.0848 0.9959 -0.0305
vn 0.5034 0.8440 0.1850
vn 0.7124 0.6745 0.1936
vn 0.7966 0.5941 0.1116
vn 0.4633 -0.7723 0.4346
vn 0.5150 0.8553 0.0572
vn 0.8672 0.0667 0.4934
vn 0.2730 0.9608 0.0472
vn 0.7607 0.5576 0.3323
vn 0.9064 0.3601 0.2209
vn 0.6228 -0.6104 0.4894
vn 0.4470 0.8938 0.0359
vn 0.8249 -0.2010 0.5284
vn 0.2862 0.9580 0.0183
vn 0.7622 0.3986 0.5101
vn 0.2143 0.9768 0.0023
vn 0.4202 0.8421 0.3382
vn 0.1398 0.9900 -0.0172
vn 0.4235 0.8442 0.3285
vn 0.0897 0.9951 -0.0424
vn 0.5261 0.7917 0.3104
vn 0.1997 0.9799 -0.0057
vn 0.3551 0.7986 0.4860
vn 0.1245 0.9922 -0.0005
vn 0.4356 0.7670 0.4711
vn 0.0672 0.9977 -0.0083
vn 0.5347 0.6999 0.4736
vn 0.7845 0.3428 0.5167
vn 0.7845 0.3428 0.5168
vn 0.7843 0.3364 0.5212
vn 0.7847 0.3493 0.5122
vn 0.5326 -0.6579 0.5325
vn 0.4817 0.8554 0.1904
vn 0.6101 -0.3461 0.7127
vn 0.2862 0.9577 -0.0308
vn 0.4909 0.5598 0.6675
vn 0.5253 0.4741 0.7066
vn 0.4003 0.7567 0.5169
vn 0.6091 0.4021 0.6836
vn 0.1770 0.9770 0.1192
vn 0.4217 0.6858 0.5932
vn 0.1491 0.9888 0.0099
vn 0.3949 0.7285 0.5598
vn 0.0863 0.9960 0.0237
vn 0.4315 0.7017 0.5670
vn 0.0410 0.9990 0.0184
vn 0.4365 0.6730 0.5971
vn 0.5820 0.1591 0.7975
vn 0.4164 0.6910 0.5908
vn 0.4173 0.6927 0.5883
vn 0.4155 0.6892 0.5936
vn 0.0402 0.9981 0.0466
vn 0.4174 0.6929 0.5880
vn 0.0209 0.9993 0.0323
vn 0.4911 0.6326 0.5989
vn 0.5482 0.3544 0.7576
vn 0.3996 0.5045 0.7653
vn 0.2526 0.7712 0.5843
vn 0.3430 0.8238 0.4514
vn 0.1116 0.9598 0.2577
vn 0.3880 0.7358 0.5550
vn 0.0611 0.9969 0.0498
vn 0.3036 0.6037 0.7371
vn 0.1314 0.8355 0.5336
vn 0.2825 0.8304 0.4803
vn 0.0375 0.9413 0.3355
vn 0.3463 0.7521 0.5608
vn 0.0039 0.9973 0.0738
vn 0.4483 0.6109 0.6525
vn 0.0053 0.9983 0.0584
vn 0.3161 0.7821 0.5371
vn -0.0056 0.9990 0.0438
vn 0.3441 0.5434 0.7657
vn 0.3508 0.5166 0.7811
vn -0.0410 0.9969 0.0666
vn 0.3223 0.8431 0.4305
vn -0.0446 0.9976 0.0524
vn 0.3359 0.6909 0.6402
vn 0.2445 0.5687 0.7853
vn 0.1311 0.7081 0.6939
vn 0.0436 0.8798 0.4733
vn 0.3134 0.6430 0.6989
vn -0.0139 0.9417 0.3363
vn 0.3900 0.6782 0.6229
vn -0.0468 0.9947 0.0913
vn 0.5753 0.3183 0.7535
vn 0.0068 0.9920 0.1264
vn -0.0008 0.3140 0.9494
vn -0.0011 0.9976 -0.0697
vn 0.0217 0.6883 0.7251
vn 0.0091 0.8338 0.5519
vn -0.0736 0.8236 0.5624
vn -0.1041 0.8761 0.4707
vn -0.0687 0.9537 0.2929
vn 0.1242 0.6270 0.7690
vn -0.0236 0.9605 0.2771
vn 0.0628 0.3119 0.9480
vn 0.0837 0.8045 0.5880
vn -0.0364 0.9468 0.3199
vn -0.0128 0.5913 0.8064
vn 0.0298 0.9934 0.1106
vn -0.1117 0.5049 0.8559
vn 0.0166 0.9977 -0.0660
vn -0.1435 0.6330 0.7608
vn -0.0951 0.8802 0.4650
vn -0.1342 0.8624 0.4881
vn -0.1558 0.8832 0.4423
vn -0.1083 0.9440 0.3118
vn -0.2182 0.8903 0.3998
vn -0.2166 0.8763 0.4303
vn -0.2054 0.8944 0.3974
vn -0.1553 0.9332 0.3240
vn 0.0611 0.9758 0.2099
vn -0.1095 0.9335 0.3414
vn -0.1155 0.8182 0.5632
vn 0.0039 0.9975 0.0710
vn -0.2160 0.7073 0.6731
vn -0.0015 0.9973 -0.0740
vn -0.2879 0.7626 0.5792
vn -0.2271 0.9429 0.2438
vn -0.2001 0.8625 0.4648
vn -0.1032 0.9944 -0.0233
vn -0.2464 0.8674 0.4323
vn -0.0587 0.9918 -0.1132
vn -0.3174 0.8575 0.4049
vn -0.2934 0.8770 0.3806
vn -0.2782 0.8736 0.3992
vn -0.2394 0.9013 0.3610
vn -0.2025 0.9296 0.3080
vn -0.3401 0.8602 0.3799
vn -0.2607 0.9130 0.3138
vn -0.2446 0.9455 0.2150
vn -0.2755 0.9567 0.0937
vn -0.2602 0.9300 0.2597
vn -0.1491 0.9854 -0.0824
vn -0.2838 0.9198 0.2711
vn -0.0818 0.9873 -0.1358
vn -0.0807 0.9877 -0.1343
vn -0.0830 0.9870 -0.1377
vn -0.3599 0.8748 0.3245
vn -0.3711 0.8575 0.3563
vn -0.1536 0.9831 -0.0995
vn -0.3116 0.9280 0.2045
vn -0.0806 0.9877 -0.1340
vn -0.4127 0.8774 0.2446
vn -0.4474 0.8605 0.2437
vn -0.4275 0.8920 0.1468
vn -0.3873 0.9207 0.0486
vn -0.3335 0.9423 0.0292
vn -0.2760 0.9611 -0.0077
vn -0.2783 0.9354 0.2183
vn -0.3979 0.9174 -0.0084
vn -0.3562 0.9344 -0.0113
vn -0.2607 0.9644 -0.0446
vn -0.2973 0.9510 0.0853
vn -0.1443 0.9856 -0.0882
vn -0.3346 0.9387 0.0828
vn -0.0703 0.9915 -0.1091
vn -0.4275 0.9012 0.0718
vn -0.4651 0.8851 0.0173
vn -0.4162 0.9092 -0.0152
vn -0.3924 0.9152 -0.0914
vn -0.0632 0.9954 -0.0721
vn -0.4031 0.9131 -0.0607
vn -0.4374 0.8973 -0.0592
vn -0.4345 0.8993 -0.0496
vn -0.4125 0.9104 -0.0333
vn -0.3566 0.9338 -0.0291
vn -0.3580 0.9331 -0.0353
vn -0.3566 0.9338 -0.0293
vn -0.2479 0.9679 -0.0418
vn -0.3273 0.9342 -0.1418
vn -0.1349 0.9890 -0.0602
vn -0.4300 0.9012 -0.0539
vn -0.3580 0.9330 -0.0354
vn -0.5244 0.8364 -0.1596
vn -0.2443 0.9693 -0.0293
vn -0.2473 0.9684 -0.0335
vn -0.2444 0.9692 -0.0295
vn -0.6184 0.6534 -0.4366
vn -0.1312 0.9909 -0.0289
vn -0.6291 0.7165 -0.3016
vn -0.0636 0.9974 -0.0338
vn -0.4034 0.9040 -0.1419
vn -0.4449 0.8868 -0.1253
vn -0.4662 0.8798 -0.0933
vn -0.0698 0.9976 -0.0045
vn -0.4031 0.8857 -0.2303
vn -0.4499 0.8689 -0.2066
vn -0.4912 0.8520 -0.1811
vn -0.4555 0.8820 -0.1207
vn -0.3580 0.9314 -0.0656
vn -0.8995 0.4320 -0.0663
vn -0.2474 0.9683 -0.0336
vn -0.8410 0.5178 -0.1569
vn -0.1318 0.9913 -0.0071
vn -0.1296 0.9916 -0.0031
vn -0.1317 0.9913 -0.0069
vn -0.8232 0.4801 -0.3032
vn -0.3352 0.9308 -0.1461
vn -0.9321 0.0237 -0.3615
vn -0.2469 0.9660 -0.0764
vn -0.6059 0.7509 -0.2628
vn -0.1296 0.9916 -0.0030
vn -0.6354 0.7062 -0.3124
vn -0.0748 0.9972 0.0079
vn -0.0754 0.9971 0.0088
vn -0.3974 0.8746 -0.2776
vn -0.4493 0.8460 -0.2872
vn -0.5080 0.8203 -0.2628
vn -0.4504 0.8687 -0.2063
vn -0.3163 0.8362 -0.4479
vn -0.4388 0.7912 -0.4259
vn -0.5413 0.7581 -0.3636
vn -0.4284 0.8728 -0.2339
vn -0.5358 0.2288 -0.8127
vn -0.3023 0.9356 -0.1827
vn -0.5385 0.5094 -0.6713
vn -0.2421 0.9611 -0.1328
vn -0.2891 0.8402 -0.4588
vn -0.1199 0.9927 -0.0117
vn -0.2849 0.8242 -0.4894
vn -0.0742 0.9972 0.0070
vn -0.2478 0.9468 -0.2053
vn -0.1671 0.7453 -0.6454
vn -0.2236 0.9567 -0.1864
vn -0.1769 0.8455 -0.5038
vn -0.0953 0.9949 -0.0329
vn -0.2564 0.7992 -0.5437
vn -0.0599 0.9982 -0.0075
vn -0.3323 0.7577 -0.5617
vn -0.4554 0.6868 -0.5665
vn -0.5986 0.6204 -0.5068
vn -0.3702 0.8942 -0.2516
vn -0.1043 0.9093 -0.4029
vn -0.3687 0.5713 -0.7333
vn -0.5006 0.4510 -0.7389
vn -0.2544 0.9192 -0.3006
vn -0.0619 0.7198 -0.6915
vn -0.1875 0.9551 -0.2292
vn -0.1204 0.6690 -0.7334
vn -0.1735 0.9577 -0.2295
vn -0.1637 0.7664 -0.6212
vn -0.0573 0.9967 -0.0574
vn -0.2088 0.7732 -0.5988
vn -0.0340 0.9991 -0.0255
vn -0.2668 0.6968 -0.6658
vn -0.1068 0.9627 -0.2486
vn -0.1699 0.6974 -0.6962
vn -0.0218 0.9971 -0.0726
vn -0.1452 0.7727 -0.6180
vn -0.0082 0.9993 -0.0370
vn -0.1711 0.6766 -0.7162
vn -0.2182 0.5047 -0.8353
vn -0.3009 0.3086 -0.9024
vn -0.1695 0.9182 -0.3580
vn -0.1792 0.4650 -0.8670
vn -0.1342 0.9615 -0.2398
vn -0.1893 0.5278 -0.8280
vn -0.0380 0.2899 -0.9563
vn -0.0385 0.8822 -0.4693
vn -0.1059 0.3227 -0.9405
vn -0.0654 0.9681 -0.2419
vn -0.0714 0.5556 -0.8284
vn -0.0386 0.9682 -0.2473
vn -0.0657 0.6901 -0.7207
vn 0.0059 0.9969 -0.0790
vn -0.0568 0.7898 -0.6107
vn 0.0105 0.9991 -0.0415
vn -0.0539 0.6818 -0.7296
vn -0.0546 0.5132 -0.8565
vn -0.0174 0.7182 -0.6957
vn 0.0273 0.9964 -0.0800
vn 0.0185 0.8172 -0.5761
vn 0.0238 0.9988 -0.0422
vn 0.0554 0.6989 -0.7130
vn 0.0825 0.5456 -0.8340
vn 0.1186 0.3642 -0.9238
vn 0.0511 0.8228 -0.5661
vn -0.0283 0.4270 -0.9038
vn -0.0067 0.9730 -0.2309
vn -0.0344 0.5877 -0.8084
vn 0.0203 0.9725 -0.2321
vn 0.2677 0.4609 -0.8461
vn 0.2017 0.8003 -0.5647
vn 0.0643 0.5729 -0.8171
vn 0.0776 0.9747 -0.2094
vn 0.0768 0.9745 -0.2107
vn 0.0759 0.9743 -0.2119
vn 0.0712 0.6480 -0.7583
vn 0.0777 0.9747 -0.2094
vn 0.0767 0.7956 -0.6009
vn 0.0482 0.9959 -0.0771
vn 0.0961 0.8524 -0.5140
vn 0.0362 0.9985 -0.0405
vn 0.1666 0.7215 -0.6721
vn 0.2115 0.5765 -0.7892
vn 0.0684 0.9952 -0.0705
vn 0.1988 0.8752 -0.4411
vn 0.0489 0.9981 -0.0363
vn 0.2846 0.7440 -0.6045
vn 0.3552 0.6266 -0.6937
vn 0.4407 0.6502 -0.6189
vn 0.4245 0.8000 -0.4240
vn 0.3321 0.5218 -0.7858
vn 0.2039 0.9588 -0.1978
vn 0.3040 0.5924 -0.7461
vn 0.1247 0.9751 -0.1835
vn 0.1925 0.8617 -0.4695
vn 0.4401 0.8244 -0.3560
vn 0.6669 0.0320 -0.7444
vn 0.2808 0.9324 -0.2274
vn 0.5464 0.5562 -0.6261
vn 0.1575 0.9750 -0.1568
vn 0.2772 0.9089 -0.3116
vn 0.0857 0.9945 -0.0606
vn 0.3236 0.8727 -0.3657
vn 0.0604 0.9977 -0.0297
vn 0.4061 0.7556 -0.5139
vn 0.4604 0.6903 -0.5581
vn 0.4464 0.7733 -0.4503
vn 0.4149 0.8556 -0.3096
vn 0.0668 0.9975 -0.0242
vn 0.5189 0.7452 -0.4189
vn 0.5302 0.7222 -0.4443
vn 0.4584 0.8084 -0.3692
vn 0.4288 0.8406 -0.3309
vn 0.7815 0.0287 -0.6233
vn 0.3153 0.9160 -0.2479
vn 0.6452 0.5902 -0.4851
vn 0.1744 0.9758 -0.1320
vn 0.3208 0.9203 -0.2237
vn 0.0967 0.9940 -0.0509
vn 0.0960 0.9940 -0.0517
vn 0.4600 0.8237 -0.3317
vn 0.8390 0.0786 -0.5384
vn 0.3061 0.9186 -0.2500
vn 0.5401 0.7975 -0.2690
vn 0.1677 0.9783 -0.1220
vn 0.3911 0.9073 -0.1542
vn 0.0953 0.9941 -0.0526
vn 0.4954 0.8413 -0.2162
vn 0.0619 0.9976 -0.0305
vn 0.6312 0.7099 -0.3124
vn 0.6031 0.7339 -0.3125
vn 0.5307 0.7930 -0.2993
vn 0.0471 0.9970 -0.0611
vn 0.7196 0.6789 -0.1458
vn 0.6903 0.7034 -0.1692
vn 0.6542 0.7096 -0.2618
vn 0.5471 0.7504 -0.3708
vn 0.7284 0.6740 -0.1228
vn 0.2608 0.9284 -0.2648
vn 0.5156 0.8552 -0.0534
vn 0.1388 0.9804 -0.1396
vn 0.4777 0.8755 -0.0723
vn 0.0824 0.9935 -0.0789
vn 0.5493 0.8287 -0.1075
vn 0.1861 0.9533 -0.2380
vn 0.6034 0.7973 0.0138
vn 0.1291 0.9834 -0.1275
vn 0.5553 0.8306 -0.0426
vn 0.0741 0.9909 -0.1122
vn 0.0771 0.9903 -0.1154
vn 0.0742 0.9909 -0.1123
vn 0.5063 0.8621 -0.0217
vn 0.0362 0.9939 -0.1043
vn 0.7779 0.6272 -0.0380
vn 0.7788 0.6168 -0.1142
vn 0.8062 0.5404 -0.2411
vn 0.7073 0.5736 -0.4131
vn 0.6364 0.7671 0.0809
vn 0.8374 0.5358 -0.1081
vn 0.9318 0.3049 -0.1970
vn 0.7536 0.6370 -0.1626
vn 0.9000 0.3975 0.1789
vn 0.1489 0.9871 -0.0589
vn 0.9191 0.3935 0.0225
vn 0.1395 0.9867 -0.0839
vn 0.6911 0.7154 -0.1029
vn 0.4795 0.8687 -0.1241
vn 0.0346 0.9911 -0.1286
vn 0.0351 0.9910 -0.1290
vn 0.0350 0.9910 -0.1289
vn 0.7716 0.6238 -0.1242
vn 0.8131 -0.4276 0.3950
vn 0.1513 0.9884 -0.0144
vn 0.7191 0.5637 0.4063
vn 0.0827 0.9930 -0.0840
vn 0.5576 0.8092 0.1853
vn 0.0353 0.9908 -0.1310
vn 0.7764 0.6253 0.0788
vn 0.8524 0.5211 0.0429
vn 0.9060 0.3954 0.1509
vn 0.5722 0.8012 0.1751
vn 0.8923 -0.1818 0.4132
vn 0.1545 0.9868 0.0486
vn 0.8819 0.4596 0.1051
vn 0.7425 0.6588 0.1209
vn 0.4681 0.8641 0.1850
vn 0.6982 -0.4383 0.5661
vn 0.1765 0.9801 0.0911
vn 0.6995 -0.3408 0.6282
vn 0.1561 0.9872 0.0322
vn 0.7243 0.3297 0.6056
vn 0.0882 0.9949 -0.0484
vn 0.7450 0.5427 0.3880
vn 0.0334 0.9915 -0.1257
vn 0.8649 0.4438 0.2343
vn 0.1524 0.9872 0.0466
vn 0.8277 0.0106 0.5611
vn 0.0906 0.9958 -0.0155
vn 0.8049 0.3288 0.4940
vn 0.0267 0.9930 -0.1150
vn 0.8445 0.2626 0.4667
vn 0.7728 0.4678 0.4289
vn 0.6113 0.7312 0.3027
vn 0.4539 0.8819 0.1277
vn 0.6180 -0.5094 0.5988
vn 0.2115 0.9772 0.0194
vn 0.7241 -0.3393 0.6005
vn 0.4924 0.6723 0.5528
vn 0.3066 0.8936 0.3278
vn 0.4949 -0.6492 0.5777
vn 0.0942 0.9909 0.0960
vn 0.5436 -0.6042 0.5826
vn 0.0917 0.9898 0.1092
vn 0.7351 -0.2433 0.6328
vn 0.0673 0.9970 0.0375
vn 0.5440 0.6090 0.5771
vn 0.0077 0.9955 -0.0949
vn 0.5687 0.1996 0.7979
vn 0.5536 0.4751 0.6840
vn 0.3659 -0.3931 0.8435
vn 0.0273 0.9956 0.0902
vn 0.3968 0.7070 0.5854
vn -0.0179 0.9969 -0.0767
vn 0.4863 0.3894 0.7822
vn 0.2733 0.5756 0.7707
vn 0.2558 0.5410 0.8011
vn 0.1133 0.9010 0.4188
vn 0.4931 -0.3757 0.7847
vn -0.0046 0.9861 0.1661
vn 0.3692 -0.5527 0.7471
vn 0.0212 0.9849 0.1719
vn 0.0634 0.5559 0.8288
vn -0.0974 0.8875 0.4503
vn 0.4090 0.2079 0.8885
vn -0.0998 0.9653 0.2412
vn 0.3201 -0.1445 0.9363
vn -0.0365 0.9744 0.2217
vn 0.2174 -0.2257 0.9496
vn -0.0107 0.9921 0.1252
vn 0.2528 0.5229 0.8140
vn -0.0382 0.9970 -0.0676
vn 0.2097 0.6919 0.6908
vn 0.1323 0.7113 0.6903
vn -0.0152 0.9910 0.1331
vn 0.0954 0.2767 0.9562
vn -0.0304 0.9971 -0.0693
vn 0.0536 0.7519 0.6571
vn 0.0297 0.7686 0.6390
vn -0.0616 0.7333 0.6771
vn -0.1069 0.8858 0.4516
vn 0.3148 0.1812 0.9317
vn -0.0692 0.9593 0.2739
vn 0.2355 0.2818 0.9301
vn -0.0345 0.9682 0.2480
vn 0.1332 0.0368 0.9904
vn 0.0304 0.9869 0.1585
vn -0.0249 0.8756 0.4823
vn -0.0274 0.8754 0.4826
vn -0.0301 0.8751 0.4829
vn 0.0158 0.9923 0.1229
vn -0.0246 0.8757 0.4823
vn -0.0626 0.7603 0.6466
vn -0.1367 0.7165 0.6841
vn -0.1196 0.7904 0.6008
vn -0.0127 0.8654 0.5010
vn 0.0025 0.9079 0.4192
vn 0.0468 0.9834 0.1755
vn -0.0159 0.8883 0.4590
vn -0.0012 0.9552 0.2960
vn -0.0157 0.9860 0.1662
vn -0.0456 0.9016 0.4301
vn -0.0001 0.9888 0.1493
vn -0.0537 0.8868 0.4590
vn 0.0004 0.9928 0.1194
vn 0.0036 0.9927 0.1207
vn -0.0706 0.8766 0.4760
vn -0.1264 0.8167 0.5631
vn -0.1937 0.7693 0.6088
vn -0.2339 0.7663 0.5984
vn -0.1770 0.8176 0.5479
vn -0.1710 0.8628 0.4758
vn -0.2547 0.8135 0.5228
vn -0.3157 0.7901 0.5255
vn -0.3419 0.7852 0.5164
vn -0.0317 0.9734 0.2269
vn -0.0917 0.9821 0.1646
vn -0.0730 0.9209 0.3829
vn -0.0159 0.9896 0.1428
vn -0.0875 0.8766 0.4731
vn -0.0029 0.9930 0.1181
vn -0.0879 0.9097 0.4059
vn -0.1904 0.9657 0.1764
vn -0.1004 0.9729 0.2084
vn -0.0287 0.9903 0.1361
vn -0.2455 0.8935 0.3760
vn -0.0100 0.9935 0.1130
vn -0.0079 0.9933 0.1150
vn -0.1974 0.9251 0.3243
vn -0.2330 0.8942 0.3823
vn -0.3060 0.8540 0.4208
vn -0.3791 0.8199 0.4290
vn -0.4449 0.8081 0.3860
vn -0.0919 0.9716 0.2182
vn -0.3262 0.8853 0.3315
vn -0.4055 0.8454 0.3478
vn -0.4915 0.8627 0.1195
vn -0.4307 0.8443 0.3189
vn -0.3384 0.9314 0.1341
vn -0.2508 0.9413 0.2261
vn -0.2025 0.9728 0.1121
vn -0.0381 0.9908 0.1296
vn -0.3289 0.8601 0.3899
vn -0.0121 0.9937 0.1110
vn -0.2342 0.9182 0.3194
vn -0.2480 0.9171 0.3121
vn -0.0444 0.9916 0.1214
vn -0.6082 0.6889 0.3943
vn -0.0178 0.9945 0.1030
vn -0.3320 0.8954 0.2966
vn -0.2416 0.9447 0.2218
vn -0.3464 0.9086 0.2333
vn -0.4473 0.8563 0.2581
vn -0.4398 0.8588 0.2629
vn -0.6217 0.7829 0.0219
vn -0.4475 0.8563 0.2580
vn -0.5335 0.8448 0.0422
vn -0.3191 0.9199 0.2278
vn -0.4378 0.8914 0.1170
vn -0.4900 0.8562 0.1637
vn -0.6416 0.7670 0.0092
vn -0.4788 0.8590 0.1814
vn -0.6963 0.7160 0.0500
vn -0.3809 0.9085 0.1720
vn -0.7971 0.5815 0.1631
vn -0.0580 0.9944 0.0881
vn -0.9007 0.2736 0.3373
vn -0.0306 0.9968 0.0744
vn -0.4672 0.8799 0.0860
vn -0.3040 0.9522 0.0307
vn -0.3983 0.9116 0.1017
vn -0.9832 0.1767 -0.0453
vn -0.0431 0.9989 0.0197
vn -0.4719 0.8766 -0.0946
vn -0.3738 0.9252 -0.0651
vn -0.4595 0.8882 0.0025
vn -0.5391 0.8401 0.0601
vn -0.6314 0.7721 -0.0721
vn -0.5077 0.8573 0.0856
vn -0.7982 0.5998 -0.0549
vn -0.4046 0.9119 0.0686
vn -0.9588 0.2830 -0.0243
vn -0.0733 0.9971 0.0190
vn -0.5601 0.8275 -0.0396
vn -0.6062 0.7756 -0.1759
vn -0.5186 0.8546 -0.0247
vn -0.7847 0.5816 -0.2144
vn -0.3769 0.9253 -0.0419
vn -0.9458 0.2136 -0.2447
vn -0.0773 0.9960 -0.0438
vn -0.9162 0.2926 -0.2739
vn -0.0446 0.9985 -0.0302
vn -0.4669 0.8618 -0.1985
vn -0.4549 0.8774 -0.1524
vn -0.5178 0.8521 -0.0768
vn -0.0420 0.9981 -0.0452
vn -0.5243 0.7971 -0.2998
vn -0.5555 0.8096 -0.1896
vn -0.5648 0.8172 -0.1150
vn -0.5269 0.8429 -0.1088
vn -0.6206 0.7312 -0.2831
vn -0.4845 0.8625 -0.1461
vn -0.7433 0.5704 -0.3495
vn -0.3324 0.9334 -0.1351
vn -0.8432 0.2937 -0.4503
vn -0.0773 0.9948 -0.0660
vn -0.7864 0.3489 -0.5098
vn -0.6309 0.6777 -0.3777
vn -0.3852 0.8921 -0.2363
vn -0.6603 0.6274 -0.4129
vn -0.2698 0.9297 -0.2507
vn -0.6880 0.5366 -0.4886
vn -0.0754 0.9908 -0.1121
vn -0.6986 0.4452 -0.5601
vn -0.0498 0.9984 -0.0254
vn -0.6047 0.6395 -0.4747
vn -0.6915 0.6318 -0.3503
vn -0.5641 0.8102 -0.1592
vn -0.4442 0.8814 -0.1610
vn -0.5338 0.5855 -0.6101
vn -0.6943 0.2243 -0.6838
vn -0.5260 0.7840 -0.3296
vn -0.3366 0.9214 -0.1943
vn -0.6541 0.6313 -0.4166
vn -0.2781 0.9231 -0.2656
vn -0.5870 0.7163 -0.3773
vn -0.2003 0.9308 -0.3057
vn -0.5575 0.7221 -0.4096
vn -0.0885 0.9831 -0.1604
vn -0.6062 0.5655 -0.5592
vn -0.0652 0.9979 -0.0022
vn -0.1999 0.9361 -0.2895
vn -0.6503 0.7061 -0.2801
vn -0.1775 0.9391 -0.2943
vn -0.4578 0.8793 -0.1315
vn -0.1452 0.9744 -0.1715
vn -0.4085 0.8649 -0.2916
vn -0.0976 0.9948 0.0300
vn -0.4615 0.6136 -0.6407
vn -0.5928 -0.0794 -0.8014
vn -0.4285 0.7225 -0.5426
vn -0.2036 0.9412 -0.2698
vn -0.7695 0.3728 -0.5186
vn -0.4605 -0.0332 -0.8870
vn -0.2391 0.7242 -0.6468
vn -0.1291 0.9302 -0.3436
vn -0.8217 0.0262 -0.5693
vn -0.1608 0.9371 -0.3099
vn -0.3974 0.8557 -0.3315
vn -0.1613 0.9404 -0.2993
vn -0.2908 0.9118 -0.2898
vn -0.1531 0.9655 -0.2106
vn -0.2904 0.9246 -0.2466
vn -0.0860 0.9960 0.0223
vn -0.4771 0.6764 -0.5611
vn -0.1379 0.9413 -0.3082
vn -0.2658 0.9185 -0.2926
vn -0.1263 0.9620 -0.2421
vn -0.2846 0.8946 -0.3446
vn -0.0664 0.9977 0.0141
vn -0.3175 0.7580 -0.5697
vn -0.2129 0.4298 -0.8774
vn -0.0765 0.7329 -0.6760
vn -0.0971 0.8926 -0.4402
vn -0.1386 0.9349 -0.3268
vn -0.2630 0.9141 -0.3088
vn -0.0531 0.7197 -0.6923
vn -0.0798 0.8452 -0.5284
vn -0.0970 0.9320 -0.3492
vn -0.2199 0.9182 -0.3295
vn -0.1056 0.9437 -0.3135
vn -0.2017 0.9255 -0.3206
vn -0.0987 0.9620 -0.2546
vn -0.1767 0.9248 -0.3370
vn -0.0752 0.9970 0.0159
vn -0.1505 0.8634 -0.4816
vn -0.0877 0.7513 -0.6541
vn -0.1043 0.9629 -0.2489
vn -0.0504 0.9651 -0.2569
vn -0.0619 0.9595 -0.2750
vn -0.0254 0.9178 -0.3963
vn 0.0208 0.8334 -0.5522
vn 0.0629 0.7051 -0.7063
vn 0.0286 0.8109 -0.5844
vn -0.0344 0.9272 -0.3729
vn -0.1566 0.9209 -0.3569
vn -0.0539 0.9485 -0.3123
vn 0.1928 0.7225 -0.6639
vn 0.1875 0.7991 -0.5712
vn 0.1136 0.9191 -0.3774
vn -0.0433 0.9747 -0.2192
vn 0.0569 0.9550 -0.2912
vn 0.0012 0.9825 -0.1864
vn 0.0369 0.9697 -0.2415
vn 0.0302 0.9755 -0.2177
vn -0.0539 0.9983 0.0200
vn 0.0757 0.9400 -0.3327
vn 0.1326 0.8593 -0.4940
vn 0.1244 0.9694 -0.2116
vn 0.0999 0.9805 -0.1691
vn -0.0324 0.9991 0.0288
vn 0.1585 0.9468 -0.2801
vn 0.2396 0.8638 -0.4433
vn 0.3193 0.7344 -0.5989
vn 0.2855 0.8175 -0.5001
vn 0.2259 0.9100 -0.3477
vn 0.0957 0.9741 -0.2049
vn 0.1688 0.9536 -0.2494
vn 0.0693 0.9877 -0.1401
vn 0.3596 0.8375 -0.4113
vn 0.2938 0.9137 -0.2807
vn 0.2065 0.9609 -0.1847
vn 0.2348 0.9452 -0.2268
vn 0.1443 0.9831 -0.1128
vn 0.1423 0.9832 -0.1143
vn 0.1405 0.9833 -0.1156
vn 0.1615 0.9684 -0.1898
vn 0.1402 0.9833 -0.1158
vn -0.0162 0.9991 0.0394
vn 0.2264 0.9448 -0.2370
vn 0.3299 0.8608 -0.3876
vn 0.4337 0.7335 -0.5234
vn 0.1892 0.9787 -0.0792
vn -0.0052 0.9987 0.0505
vn -0.0061 0.9988 0.0493
vn 0.2915 0.9386 -0.1849
vn 0.4185 0.8518 -0.3151
vn 0.5349 0.7283 -0.4283
vn 0.4132 0.8489 -0.3297
vn 0.3133 0.9214 -0.2300
vn 0.2072 0.9716 -0.1141
vn 0.2863 0.9362 -0.2037
vn 0.2082 0.9742 -0.0866
vn 0.2024 0.9690 -0.1419
vn 0.4644 0.8502 -0.2478
vn 0.3362 0.9245 -0.1797
vn 0.1137 0.9923 -0.0484
vn 0.3152 0.9368 -0.1517
vn 0.1867 0.9806 -0.0592
vn 0.2364 0.9681 -0.0826
vn 0.2294 0.9700 -0.0805
vn -0.0043 0.9986 0.0518
vn 0.3280 0.9337 -0.1437
vn 0.4793 0.8453 -0.2361
vn 0.6159 0.7195 -0.3209
vn -0.0026 0.9985 0.0546
vn -0.0025 0.9984 0.0556
vn -0.0022 0.9984 0.0568
vn 0.3341 0.9382 -0.0899
vn 0.5128 0.8455 -0.1490
vn 0.6722 0.7109 -0.2070
vn 0.5011 0.8514 -0.1547
vn 0.3648 0.9245 -0.1107
vn 0.0855 0.9963 -0.0017
vn 0.3197 0.9453 -0.0650
vn 0.1929 0.9804 -0.0401
vn 0.2659 0.9639 -0.0104
vn 0.2555 0.9645 -0.0667
vn 0.3864 0.9219 -0.0280
vn 0.1099 0.9936 -0.0245
vn 0.3000 0.9539 -0.0087
vn 0.2199 0.9742 -0.0516
vn 0.2724 0.9618 0.0250
vn 0.2654 0.9615 -0.0707
vn -0.0027 0.9986 0.0535
vn 0.3209 0.9427 -0.0907
vn 0.4965 0.8622 -0.1010
vn 0.6809 0.7277 -0.0828
vn 0.5135 0.8571 -0.0405
vn 0.4329 0.9014 -0.0042
vn 0.5893 0.8003 0.1107
vn 0.4938 0.8546 0.1605
vn 0.4160 0.9023 0.1130
vn 0.1623 0.9866 0.0171
vn 0.2886 0.9561 0.0511
vn 0.3530 0.9355 -0.0178
vn 0.2651 0.9624 0.0597
vn 0.3802 0.9207 -0.0883
vn -0.0027 0.9986 0.0525
vn 0.2770 0.9577 -0.0774
vn 0.3401 0.9341 0.1090
vn 0.2767 0.9499 0.1453
vn 0.6271 0.7636 0.1540
vn 0.2276 0.9631 0.1433
vn 0.3885 0.9106 0.1408
vn -0.0156 0.9923 0.1226
vn 0.2293 0.9678 0.1042
vn 0.3680 0.9197 0.1370
vn 0.4798 0.8553 0.1957
vn 0.4596 0.8593 0.2246
vn 0.4224 0.8786 0.2227
vn 0.3434 0.9029 0.2584
vn 0.4267 0.8622 0.2731
vn 0.4156 0.8678 0.2725
vn 0.3807 0.8798 0.2846
vn 0.4503 0.8566 0.2518
vn 0.2438 0.9426 0.2284
vn 0.5337 0.7551 0.3806
vn 0.1518 0.9602 0.2343
vn 0.2500 0.9284 0.2750
vn -0.0492 0.9773 0.2062
vn 0.2250 0.9459 0.2339
vn 0.2111 0.9450 0.2499
vn 0.3373 0.8441 0.4168
vn 0.1118 0.9655 0.2353
vn 0.2484 0.9162 0.3143
vn -0.0349 0.9821 0.1849
vn 0.2412 0.9283 0.2830
vn 0.3819 0.8600 0.3385
vn 0.4165 0.8571 0.3031
vn 0.3900 0.8756 0.2849
vn 0.3321 0.8985 0.2872
vn 0.5704 0.6390 0.5161
vn 0.4095 0.8232 0.3933
vn 0.3675 0.8844 0.2879
vn 0.2900 0.9193 0.2660
vn 0.3005 0.8540 0.4248
vn 0.1948 0.9518 0.2371
vn 0.3824 0.7846 0.4881
vn 0.1108 0.9723 0.2058
vn 0.3153 0.8770 0.3625
vn 0.0102 0.9901 0.1403
vn 0.2043 0.9377 0.2812
vn 0.3692 0.7990 0.4747
vn 0.3562 0.5712 0.7395
vn 0.1108 0.9761 0.1872
vn 0.3285 0.6723 0.6634
vn 0.0389 0.9918 0.1221
vn 0.0389 0.9918 0.1220
vn 0.0357 0.9917 0.1234
vn 0.1239 0.9621 0.2431
vn 0.2832 0.7156 0.6386
vn 0.3363 0.7589 0.5576
vn 0.3118 0.8760 0.3680
vn 0.2563 0.9350 0.2452
vn 0.2024 0.8779 0.4340
vn 0.1834 0.9585 0.2185
vn 0.1988 0.7286 0.6554
vn 0.1879 0.8436 0.5029
vn 0.1734 0.9421 0.2869
vn 0.1036 0.8613 0.4974
vn 0.1570 0.9654 0.2083
vn 0.1337 0.7669 0.6277
vn 0.0995 0.9793 0.1761
vn 0.1095 0.6827 0.7225
vn 0.0421 0.9918 0.1207
vn 0.0256 0.9691 0.2452
vn 0.1913 0.5984 0.7780
vn 0.0733 0.9832 0.1675
vn -0.0294 0.8288 0.5588
vn 0.0331 0.9919 0.1226
vn 0.0516 0.9424 0.3305
vn 0.0690 0.6376 0.7673
vn 0.0103 0.7077 0.7064
vn 0.0243 0.8218 0.5692
vn 0.0990 0.9159 0.3891
vn 0.0447 0.8689 0.4929
vn 0.1336 0.9726 0.1900
vn 0.0201 0.8439 0.5362
vn -0.1072 0.9875 0.1158
vn -0.1060 0.9874 0.1171
vn -0.1061 0.9874 0.1171
vn -0.1285 0.9204 0.3692
vn -0.0903 0.9919 0.0894
vn -0.1701 0.7742 0.6096
vn -0.1014 0.9223 0.3729
vn -0.1034 0.8326 0.5442
vn -0.1033 0.8353 0.5401
vn -0.1034 0.8352 0.5402
vn -0.0855 0.8375 0.5397
vn -0.1252 0.9166 0.3797
vn -0.1237 0.9749 0.1853
vn -0.2045 0.7017 0.6825
vn -0.1105 0.9775 0.1796
vn -0.3296 0.6148 0.7165
vn -0.1016 0.9871 0.1236
vn -0.2026 0.8709 0.4478
vn -0.0732 0.9930 0.0929
vn -0.1779 0.7108 0.6805
vn -0.0455 0.9151 0.4007
vn -0.1033 0.8379 0.5360
vn -0.1539 0.8574 0.4911
vn -0.1334 0.9267 0.3513
vn -0.0803 0.9118 0.4026
vn -0.1434 0.9044 0.4018
vn -0.2487 0.8689 0.4279
vn -0.2225 0.9357 0.2738
vn -0.1715 0.9723 0.1586
vn -0.2715 0.5604 0.7825
vn -0.1035 0.9858 0.1325
vn -0.1601 0.7706 0.6169
vn -0.0544 0.9934 0.1006
vn -0.1599 0.6570 0.7367
vn -0.1892 0.9666 0.1729
vn -0.2693 0.5012 0.8224
vn -0.1079 0.9835 0.1455
vn -0.2029 0.6773 0.7071
vn -0.0353 0.9929 0.1134
vn -0.2066 0.7821 0.5879
vn -0.1497 0.9120 0.3819
vn -0.1231 0.9375 0.3255
vn -0.2386 0.9088 0.3421
vn -0.2417 0.9448 0.2211
vn -0.1557 0.9488 0.2749
vn -0.1899 0.9395 0.2851
vn -0.2009 0.9501 0.2387
vn -0.1776 0.9634 0.2009
vn -0.4586 0.7002 0.5471
vn -0.1054 0.9801 0.1682
vn -0.5182 0.6315 0.5768
vn -0.0179 0.9913 0.1307
vn -0.3206 0.8389 0.4397
vn -0.2219 0.9091 0.3525
vn -0.1001 0.9760 0.1935
vn -0.5984 0.6755 0.4308
vn -0.0050 0.9887 0.1497
vn -0.4884 0.7983 0.3523
vn -0.3001 0.9171 0.2623
vn -0.2180 0.9466 0.2374
vn -0.1902 0.9510 0.2438
vn -0.1916 0.9536 0.2321
vn -0.1706 0.9605 0.2199
vn -0.4474 0.8005 0.3987
vn -0.2105 0.9583 0.1931
vn -0.2105 0.9547 0.2104
vn -0.1769 0.9580 0.2255
vn -0.4045 0.8670 0.2910
vn -0.0987 0.9744 0.2021
vn -0.5125 0.8110 0.2820
vn -0.0020 0.9877 0.1566
vn -0.5290 0.8146 0.2378
vn -0.3657 0.9121 0.1852
vn -0.2892 0.9364 0.1986
vn -0.4655 0.8725 0.1483
vn -0.0075 0.9912 0.1319
vn -0.4903 0.8614 0.1325
vn -0.4075 0.9060 0.1147
vn -0.3348 0.9366 0.1032
vn -0.2484 0.9625 0.1089
vn -0.2545 0.9531 0.1636
vn -0.1903 0.9625 0.1933
vn -0.3563 0.9250 0.1319
vn -0.1009 0.9807 0.1677
vn -0.2510 0.9643 0.0845
vn -0.2640 0.9635 0.0439
vn -0.2151 0.9749 0.0583
vn -0.3615 0.9322 0.0189
vn -0.0915 0.9907 0.1010
vn -0.4514 0.8923 0.0071
vn -0.0092 0.9969 0.0776
vn -0.4862 0.8737 0.0169
vn -0.4451 0.8938 0.0541
vn -0.3340 0.9380 0.0933
vn -0.0105 0.9963 0.0857
vn -0.5115 0.8535 -0.0998
vn -0.5375 0.8424 -0.0385
vn -0.3592 0.9317 0.0533
vn -0.2049 0.9754 0.0817
vn -0.2208 0.9753 0.0049
vn -0.2203 0.9750 -0.0291
vn -0.3307 0.9411 -0.0711
vn -0.0783 0.9963 0.0364
vn -0.4530 0.8851 -0.1071
vn -0.1676 0.9843 -0.0548
vn -0.1861 0.9783 -0.0912
vn -0.2734 0.9446 -0.1817
vn -0.0824 0.9966 -0.0093
vn -0.3809 0.9003 -0.2106
vn -0.0203 0.9937 0.1107
vn -0.4531 0.8542 -0.2552
vn -0.5574 0.7686 -0.3140
vn -0.2819 0.9506 -0.1301
vn -0.1243 0.9921 -0.0166
vn -0.3151 0.9032 -0.2914
vn -0.3075 0.8531 -0.4216
vn -0.1606 0.9442 -0.2875
vn -0.0735 0.9922 -0.1010
vn -0.1200 0.9865 -0.1112
vn -0.1367 0.9809 -0.1385
vn -0.4815 0.7630 -0.4314
vn -0.0843 0.9945 -0.0626
vn -0.3055 0.9213 -0.2405
vn -0.0079 0.9957 0.0919
vn -0.0570 0.9818 -0.1812
vn -0.1943 0.3379 -0.9209
vn -0.0787 0.9792 -0.1868
vn -0.2198 0.5745 -0.7884
vn -0.0579 0.9905 -0.1251
vn -0.1320 0.8974 -0.4210
vn 0.0285 0.9981 0.0555
vn -0.1169 0.9412 -0.3169
vn -0.1155 0.9166 -0.3828
vn -0.0903 0.9243 -0.3709
vn -0.0199 0.9818 -0.1890
vn 0.0117 0.9240 -0.3823
vn 0.0290 0.9150 -0.4024
vn 0.0684 0.9559 -0.2855
vn 0.0096 0.9651 -0.2616
vn -0.1095 0.1264 -0.9859
vn -0.0268 0.9741 -0.2246
vn -0.0782 0.4281 -0.9004
vn -0.0213 0.9856 -0.1679
vn -0.0310 0.7618 -0.6471
vn 0.0580 0.9976 0.0366
vn 0.0563 0.9977 0.0373
vn 0.0316 0.9326 -0.3596
vn -0.0027 0.9703 -0.2419
vn 0.1434 0.3882 -0.9103
vn 0.0022 0.9828 -0.1845
vn 0.0916 0.6599 -0.7458
vn 0.0596 0.9976 0.0359
vn 0.0674 0.9225 -0.3800
vn 0.0711 0.9259 -0.3711
vn 0.0836 0.9170 -0.3900
vn 0.0752 0.9373 -0.3404
vn 0.0204 0.9495 -0.3130
vn 0.1773 0.1208 -0.9767
vn 0.1195 0.9110 -0.3946
vn 0.0818 0.9195 -0.3844
vn 0.0341 0.9341 -0.3553
vn 0.3523 0.1042 -0.9301
vn 0.0067 0.9679 -0.2512
vn 0.3286 0.3306 -0.8847
vn 0.0101 0.9826 -0.1854
vn 0.2793 0.5887 -0.7585
vn 0.0436 0.9983 0.0388
vn 0.1568 0.9115 -0.3803
vn 0.1387 0.9223 -0.3607
vn 0.3924 0.3217 -0.8617
vn 0.0026 0.9839 -0.1784
vn 0.3434 0.5947 -0.7269
vn 0.0177 0.9991 0.0383
vn 0.2035 0.9129 -0.3538
vn 0.2104 0.9047 -0.3705
vn 0.1539 0.8831 -0.4432
vn 0.0301 0.8806 -0.4729
vn -0.0453 0.9272 -0.3718
vn 0.4191 0.0735 -0.9050
vn -0.0258 0.9684 -0.2482
vn 0.2449 0.8089 -0.5345
vn 0.1030 0.7912 -0.6028
vn 0.0137 0.9410 -0.3381
vn 0.4420 0.1619 -0.8823
vn 0.0249 0.9722 -0.2330
vn 0.4351 0.3730 -0.8195
vn 0.0237 0.9863 -0.1634
vn 0.3791 0.6436 -0.6649
vn 0.0046 0.9994 0.0356
vn 0.0055 0.9994 0.0356
vn 0.0055 0.9993 0.0356
vn 0.2025 0.9329 -0.2979
vn 0.2860 0.8740 -0.3927
vn 0.0453 0.9890 -0.1408
vn 0.4814 0.6591 -0.5778
vn 0.0041 0.9994 0.0356
vn 0.2066 0.9422 -0.2638
vn 0.3244 0.8667 -0.3790
vn 0.4182 0.6258 -0.6584
vn 0.2607 0.7436 -0.6156
vn 0.1092 0.9545 -0.2775
vn 0.6151 0.3402 -0.7113
vn 0.0754 0.9728 -0.2189
vn 0.5947 0.3983 -0.6983
vn 0.5736 0.6967 -0.4307
vn 0.2352 0.9433 -0.2341
vn 0.7671 0.3139 -0.5595
vn 0.1187 0.9714 -0.2055
vn 0.7656 0.3491 -0.5404
vn 0.0595 0.9919 -0.1120
vn 0.6545 0.6115 -0.4447
vn 0.0062 0.9993 0.0369
vn 0.3154 0.9063 -0.2813
vn 0.2921 0.8799 -0.3747
vn 0.5675 0.6287 -0.5317
vn 0.4735 0.7814 -0.4064
vn 0.0299 0.9977 0.0603
vn 0.4645 0.8280 -0.3140
vn 0.3916 0.8655 -0.3122
vn 0.5049 0.7528 -0.4223
vn 0.5669 0.7669 -0.3008
vn 0.4414 0.8741 -0.2029
vn 0.1753 0.9729 -0.1510
vn 0.6135 0.4563 -0.6445
vn 0.1039 0.9936 -0.0451
vn 0.4630 0.8516 -0.2457
vn 0.5022 0.8420 -0.1969
vn 0.2504 0.9679 -0.0213
vn 0.4777 0.7091 -0.5186
vn 0.1430 0.9892 0.0314
vn 0.3144 0.8594 -0.4033
vn 0.0479 0.9951 0.0865
vn 0.3094 0.8901 -0.3346
vn 0.4139 0.8750 -0.2513
vn 0.5887 0.7488 -0.3044
vn 0.0400 0.9969 0.0683
vn 0.3291 0.8989 -0.2891
vn 0.3092 0.8738 -0.3753
vn 0.4666 0.7556 -0.4597
vn 0.3864 0.8546 -0.3469
vn 0.3711 0.9043 -0.2109
vn 0.2322 0.9720 -0.0353
vn 0.8170 0.5247 -0.2392
vn 0.1327 0.9908 0.0255
vn 0.6025 0.7540 -0.2615
vn 0.3094 0.9463 -0.0940
vn 0.2134 0.9764 -0.0344
vn 0.7910 0.5451 -0.2778
vn 0.1202 0.9927 0.0067
vn 0.7441 0.6235 -0.2401
vn 0.0330 0.9988 0.0356
vn 0.5601 0.7999 -0.2154
vn 0.4023 0.8856 -0.2321
vn 0.4499 0.8546 -0.2592
vn 0.3943 0.9035 -0.1679
vn 0.5410 0.8227 -0.1745
vn 0.3494 0.9259 -0.1436
vn 0.3606 0.9294 -0.0782
vn 0.2884 0.9563 -0.0475
vn 0.1990 0.9795 -0.0309
vn 0.9163 0.3985 -0.0394
vn 0.1119 0.9937 -0.0082
vn 0.8345 0.5471 -0.0656
vn 0.0327 0.9994 0.0075
vn 0.7174 0.6881 -0.1090
vn 0.1852 0.9825 -0.0180
vn 0.9889 0.0471 0.1407
vn 0.1046 0.9944 -0.0113
vn 0.9589 0.2651 0.1011
vn 0.0342 0.9994 -0.0036
vn 0.0353 0.9994 -0.0063
vn 0.0353 0.9994 -0.0064
vn 0.7918 0.6093 0.0432
vn 0.6721 0.7405 0.0063
vn 0.3851 0.9153 -0.1180
vn 0.2604 0.9608 -0.0952
vn 0.2888 0.9570 0.0265
vn 0.6233 0.7316 0.2761
vn 0.4037 0.9022 0.1521
vn 0.1206 0.9914 0.0512
vn 0.3077 0.9424 0.1309
vn 0.1640 0.9864 0.0123
vn 0.8937 0.3150 0.3196
vn 0.0910 0.9958 0.0039
vn 0.9220 -0.0739 0.3800
vn 0.0330 0.9995 -0.0007
vn 0.7703 0.5489 0.3245
vn 0.1112 0.9872 0.1146
vn 0.7584 0.3735 0.5341
vn 0.0624 0.9973 0.0393
vn 0.7683 -0.1342 0.6258
vn 0.0197 0.9996 0.0198
vn 0.6273 0.4960 0.6004
vn 0.5038 0.7261 0.4679
vn 0.3414 0.8844 0.3182
vn 0.0307 0.9931 0.1130
vn 0.2555 0.9037 0.3435
vn 0.2104 0.8837 0.4182
vn 0.0164 0.9941 0.1069
vn 0.2926 0.8744 0.3871
vn 0.1262 0.9838 0.1273
vn 0.2291 -0.7988 0.5562
vn 0.0499 0.9978 0.0439
vn 0.4777 -0.0120 0.8784
vn 0.0081 0.9995 0.0317
vn 0.4499 0.4181 0.7891
vn 0.3650 0.6907 0.6243
vn 0.2020 -0.7948 0.5723
vn -0.0007 0.9976 0.0689
vn 0.2853 0.1281 0.9498
vn -0.0314 0.9978 0.0589
vn 0.1973 0.4781 0.8559
vn 0.1633 0.5905 0.7904
vn -0.0233 0.9141 0.4048
vn -0.0075 0.9790 0.2037
vn 0.2358 0.8851 0.4013
vn 0.0663 0.9823 0.1753
vn -0.1572 0.9370 0.3119
vn -0.1413 0.8760 0.4613
vn 0.0443 0.9067 0.4195
vn -0.0509 0.9778 0.2031
vn 0.1593 0.2729 0.9488
vn -0.1043 0.9883 0.1111
vn -0.1044 0.9883 0.1111
vn -0.1083 0.9875 0.1143
vn 0.0395 0.7763 0.6291
vn -0.1026 0.9908 0.0888
vn -0.1056 0.9904 0.0894
vn -0.0994 0.9911 0.0881
vn -0.0258 0.6006 0.7991
vn -0.0769 0.5646 0.8218
vn 0.0080 0.9204 0.3910
vn -0.1058 0.9904 0.0894
vn -0.0594 0.7141 0.6975
vn -0.2135 0.8112 0.5444
vn -0.1611 0.9214 0.3536
vn -0.0328 0.8052 0.5922
vn -0.0766 0.9084 0.4111
vn -0.1014 0.9765 0.1903
vn 0.0314 0.8246 0.5648
vt 0.670620 0.741527
vt 0.589302 0.758452
vt 0.587884 0.731929
vt 0.635466 0.724953
vt 0.542682 0.762496
vt 0.538517 0.737654
vt 0.496083 0.763431
vt 0.489926 0.739517
vt 0.448738 0.760268
vt 0.444109 0.736688
vt 0.406463 0.753069
vt 0.411861 0.726623
vt 0.389657 0.722581
vt 0.368502 0.741743
vt 0.367861 0.717144
vt 0.336237 0.723817
vt 0.284843 0.663927
vt 0.288162 0.673745
vt 0.305734 0.686956
vt 0.279281 0.661721
vt 0.285348 0.646865
vt 0.279042 0.654181
vt 0.293353 0.639232
vt 0.284093 0.649502
vt 0.294080 0.645633
vt 0.639017 0.699835
vt 0.661401 0.681743
vt 0.606184 0.704161
vt 0.494512 0.714195
vt 0.437798 0.712617
vt 0.383384 0.692823
vt 0.326264 0.682201
vt 0.302481 0.673038
vt 0.284559 0.666054
vt 0.273353 0.660401
vt 0.270860 0.657291
vt 0.273400 0.655960
vt 0.280862 0.655074
vt 0.632845 0.674255
vt 0.600058 0.678042
vt 0.507220 0.667501
vt 0.465058 0.673191
vt 0.434635 0.660751
vt 0.404993 0.672283
vt 0.333643 0.669962
vt 0.308574 0.663473
vt 0.288223 0.659659
vt 0.272399 0.657905
vt 0.264051 0.657453
vt 0.260932 0.657912
vt 0.256719 0.660014
vt 0.257269 0.665859
vt 0.621877 0.645863
vt 0.653030 0.641036
vt 0.593305 0.651376
vt 0.337248 0.648792
vt 0.314242 0.653044
vt 0.300449 0.657166
vt 0.304854 0.656554
vt 0.310146 0.655086
vt 0.310404 0.654972
vt 0.314191 0.653039
vt 0.290024 0.655888
vt 0.293560 0.656594
vt 0.299347 0.657170
vt 0.274249 0.651300
vt 0.274822 0.651288
vt 0.276414 0.652066
vt 0.281968 0.654077
vt 0.287732 0.655536
vt 0.258422 0.653493
vt 0.245230 0.655739
vt 0.591716 0.610820
vt 0.482110 0.641130
vt 0.464778 0.648973
vt 0.470701 0.645845
vt 0.459568 0.650446
vt 0.392402 0.638106
vt 0.314204 0.652977
vt 0.314391 0.652419
vt 0.314140 0.647238
vt 0.312621 0.642727
vt 0.314198 0.653016
vt 0.274018 0.650809
vt 0.273386 0.650620
vt 0.259022 0.646047
vt 0.261014 0.644810
vt 0.262795 0.646019
vt 0.269760 0.649424
vt 0.240422 0.648107
vt 0.208643 0.655199
vt 0.594947 0.575847
vt 0.512966 0.622508
vt 0.516372 0.618204
vt 0.482446 0.636771
vt 0.489965 0.634708
vt 0.503256 0.629084
vt 0.517047 0.614358
vt 0.516048 0.610139
vt 0.479657 0.639638
vt 0.479614 0.639681
vt 0.472608 0.644865
vt 0.456960 0.651251
vt 0.435713 0.649963
vt 0.440105 0.651364
vt 0.448595 0.652167
vt 0.431893 0.648564
vt 0.397338 0.616859
vt 0.410883 0.616268
vt 0.412838 0.624199
vt 0.413153 0.625209
vt 0.418298 0.634975
vt 0.424655 0.642839
vt 0.430994 0.647984
vt 0.329552 0.626057
vt 0.312317 0.641550
vt 0.309383 0.636237
vt 0.308232 0.634824
vt 0.306098 0.630439
vt 0.253305 0.641276
vt 0.255689 0.642642
vt 0.251028 0.640025
vt 0.216662 0.647779
vt 0.618946 0.539930
vt 0.495893 0.572367
vt 0.503531 0.583155
vt 0.494853 0.575796
vt 0.515800 0.604152
vt 0.511530 0.593515
vt 0.304353 0.624115
vt 0.305833 0.620836
vt 0.306086 0.630018
vt 0.301534 0.621411
vt 0.304215 0.623888
vt 0.248823 0.639192
vt 0.224657 0.634349
vt 0.238129 0.632602
vt 0.240717 0.634729
vt 0.248386 0.639020
vt 0.076503 0.614100
vt 0.506043 0.537343
vt 0.493724 0.572170
vt 0.494223 0.573316
vt 0.403565 0.582544
vt 0.408836 0.579515
vt 0.407973 0.586131
vt 0.407987 0.586575
vt 0.410019 0.613402
vt 0.407994 0.599777
vt 0.326677 0.606141
vt 0.299043 0.611506
vt 0.297739 0.618780
vt 0.297591 0.618709
vt 0.286225 0.614345
vt 0.286650 0.614475
vt 0.241610 0.626376
vt 0.238760 0.630290
vt 0.171483 0.634083
vt 0.509437 0.468666
vt 0.600402 0.496318
vt 0.475129 0.555831
vt 0.473999 0.555456
vt 0.448241 0.535561
vt 0.490469 0.568178
vt 0.489169 0.566320
vt 0.482808 0.560374
vt 0.446809 0.548926
vt 0.440587 0.549686
vt 0.466469 0.552140
vt 0.456957 0.549604
vt 0.453420 0.549234
vt 0.345008 0.578079
vt 0.316691 0.595485
vt 0.292232 0.602600
vt 0.281444 0.613066
vt 0.276207 0.607417
vt 0.263418 0.609223
vt 0.261936 0.607815
vt 0.266199 0.609254
vt 0.278659 0.611950
vt 0.272407 0.610152
vt 0.266718 0.609252
vt 0.259092 0.608678
vt 0.261004 0.608771
vt 0.241011 0.620479
vt 0.237330 0.618036
vt 0.239823 0.618536
vt 0.239835 0.618675
vt 0.241742 0.615773
vt 0.202627 0.623203
vt 0.243195 0.624029
vt 0.241722 0.625852
vt 0.241371 0.621970
vt 0.454255 0.486187
vt 0.407212 0.577136
vt 0.407701 0.569691
vt 0.406690 0.571817
vt 0.308918 0.584749
vt 0.291291 0.591473
vt 0.276133 0.592480
vt 0.265034 0.597154
vt 0.224869 0.612031
vt 0.247965 0.611361
vt 0.242898 0.614737
vt 0.116789 0.615739
vt 0.510298 0.418352
vt 0.522151 0.356359
vt 0.420280 0.555056
vt 0.413031 0.558415
vt 0.358207 0.534343
vt 0.434635 0.550726
vt 0.410071 0.562925
vt 0.410973 0.561522
vt 0.328482 0.561175
vt 0.300746 0.574167
vt 0.279304 0.578866
vt 0.243348 0.594667
vt 0.226321 0.602234
vt 0.255619 0.608838
vt 0.251142 0.609618
vt 0.248638 0.610595
vt 0.247988 0.611308
vt 0.147835 0.613296
vt 0.357935 0.504004
vt 0.318821 0.548558
vt 0.294827 0.555131
vt 0.282297 0.563121
vt 0.257844 0.576695
vt 0.247258 0.583866
vt 0.153249 0.608090
vt 0.428062 0.416500
vt 0.328037 0.512597
vt 0.312306 0.524499
vt 0.298108 0.535286
vt 0.260842 0.562395
vt 0.188627 0.590846
vt 0.161018 0.603501
vt 0.113297 0.607963
vt 0.094250 0.604128
vt 0.384582 0.438475
vt 0.337371 0.481258
vt 0.274930 0.535434
vt 0.262861 0.545488
vt 0.209017 0.569571
vt 0.462257 0.334790
vt 0.424409 0.356918
vt 0.373598 0.382991
vt 0.318030 0.483992
vt 0.322321 0.478679
vt 0.312414 0.488071
vt 0.289997 0.501176
vt 0.312052 0.488167
vt 0.297780 0.487446
vt 0.302695 0.488488
vt 0.277067 0.514467
vt 0.228929 0.540307
vt 0.209062 0.554729
vt 0.155573 0.599035
vt 0.117038 0.608604
vt 0.467866 0.285877
vt 0.357522 0.420041
vt 0.359342 0.417573
vt 0.354494 0.423192
vt 0.363946 0.400057
vt 0.363583 0.394738
vt 0.362410 0.409791
vt 0.343600 0.439083
vt 0.341442 0.441747
vt 0.340982 0.442797
vt 0.323673 0.476678
vt 0.333393 0.459051
vt 0.218909 0.493991
vt 0.216164 0.523178
vt 0.159122 0.591236
vt 0.123375 0.610883
vt 0.372333 0.342384
vt 0.290770 0.484858
vt 0.235475 0.456444
vt 0.257605 0.462594
vt 0.262078 0.466935
vt 0.275690 0.476801
vt 0.242068 0.446681
vt 0.249261 0.455042
vt 0.225226 0.474749
vt 0.204697 0.542643
vt 0.201613 0.551014
vt 0.202226 0.550296
vt 0.204515 0.545449
vt 0.200385 0.537325
vt 0.198633 0.536314
vt 0.204010 0.541011
vt 0.197188 0.560608
vt 0.198897 0.557738
vt 0.193392 0.564526
vt 0.160600 0.587332
vt 0.162558 0.586401
vt 0.162865 0.586230
vt 0.170702 0.581736
vt 0.178754 0.576420
vt 0.186421 0.570618
vt 0.156844 0.589876
vt 0.134417 0.604397
vt 0.145019 0.594685
vt 0.148189 0.594029
vt 0.152261 0.592399
vt 0.402140 0.274828
vt 0.362004 0.390247
vt 0.357582 0.383675
vt 0.362456 0.391301
vt 0.198178 0.508811
vt 0.144678 0.594741
vt 0.140819 0.594280
vt 0.141268 0.594477
vt 0.126074 0.608203
vt 0.137229 0.594788
vt 0.137477 0.595194
vt 0.138950 0.595174
vt 0.120736 0.617474
vt 0.117803 0.625048
vt 0.116244 0.638643
vt 0.412437 0.223913
vt 0.321285 0.253062
vt 0.319993 0.314412
vt 0.357996 0.354492
vt 0.355511 0.343529
vt 0.352211 0.377163
vt 0.356503 0.366837
vt 0.323391 0.331581
vt 0.301000 0.324796
vt 0.354796 0.343215
vt 0.354590 0.379658
vt 0.186381 0.537810
vt 0.184215 0.538307
vt 0.194307 0.536555
vt 0.184555 0.522299
vt 0.184477 0.522188
vt 0.185459 0.530205
vt 0.131387 0.588764
vt 0.133054 0.585268
vt 0.133501 0.586900
vt 0.133765 0.587494
vt 0.134706 0.590287
vt 0.135494 0.592327
vt 0.343564 0.225946
vt 0.157471 0.494826
vt 0.157197 0.533238
vt 0.170279 0.527195
vt 0.119033 0.582453
vt 0.121803 0.580828
vt 0.127294 0.583888
vt 0.098229 0.634305
vt 0.111938 0.634978
vt 0.250044 0.297958
vt 0.264566 0.318755
vt 0.251744 0.319871
vt 0.296888 0.323279
vt 0.281273 0.319862
vt 0.273371 0.319207
vt 0.234544 0.441737
vt 0.179532 0.413524
vt 0.216704 0.426721
vt 0.218072 0.428205
vt 0.192366 0.409377
vt 0.161508 0.452599
vt 0.138539 0.542548
vt 0.131690 0.547740
vt 0.154624 0.534136
vt 0.121148 0.580616
vt 0.121676 0.580830
vt 0.120958 0.577122
vt 0.098221 0.622004
vt 0.100287 0.646564
vt 0.107150 0.659753
vt 0.289356 0.181344
vt 0.310540 0.133545
vt 0.288269 0.228710
vt 0.235515 0.332021
vt 0.230080 0.340196
vt 0.218836 0.335407
vt 0.249791 0.320429
vt 0.242420 0.325024
vt 0.197924 0.397965
vt 0.192923 0.408019
vt 0.200873 0.389105
vt 0.228784 0.341590
vt 0.218607 0.355366
vt 0.209119 0.371346
vt 0.202896 0.384539
vt 0.140295 0.487740
vt 0.130935 0.548715
vt 0.112673 0.547805
vt 0.120500 0.574514
vt 0.103707 0.576401
vt 0.128964 0.550987
vt 0.128390 0.551666
vt 0.123882 0.559320
vt 0.121225 0.567018
vt 0.097803 0.607247
vt 0.262543 0.208184
vt 0.208098 0.295742
vt 0.159993 0.394864
vt 0.133077 0.454556
vt 0.095802 0.544410
vt 0.087805 0.581121
vt 0.086124 0.628327
vt 0.086648 0.643335
vt 0.087610 0.658798
vt 0.253919 0.149691
vt 0.274478 0.107935
vt 0.232888 0.185458
vt 0.177021 0.282300
vt 0.151391 0.338076
vt 0.131783 0.385742
vt 0.106866 0.447800
vt 0.074052 0.547720
vt 0.068462 0.598293
vt 0.072636 0.637212
vt 0.075180 0.654927
vt 0.076487 0.672113
vt 0.080691 0.694245
vt 0.217293 0.120822
vt 0.125729 0.288611
vt 0.098557 0.352322
vt 0.051507 0.517680
vt 0.048681 0.639112
vt 0.059936 0.692116
vt 0.065290 0.708958
vt 0.346947 0.593697
vt 0.220267 0.000098
vt 0.051152 0.752794
vt 0.695427 0.760415
vt 0.999901 0.999891
vt 0.000000 0.000000
vt 0.054395 0.963638
vt 0.420361 0.697187
vt 0.750000 0.062500
vt 0.718750 0.062500
vt 0.718750 0.125000
vt 0.750000 0.125000
vt 0.750000 0.500000
vt 0.718750 0.500000
vt 0.718750 0.562500
vt 0.750000 0.562500
vt 0.734375 0.000000
vt 0.750000 0.437500
vt 0.718750 0.437500
vt 0.750000 0.375000
vt 0.718750 0.375000
vt 0.750000 0.312500
vt 0.718750 0.312500
vt 0.750000 0.250000
vt 0.718750 0.250000
vt 0.750000 0.717257
vt 0.750000 0.687500
vt 0.718750 0.687500
vt 0.718750 0.707146
vt 0.750000 0.187500
vt 0.718750 0.187500
vt 0.750000 0.625000
vt 0.718750 0.625000
vt 0.687500 0.625000
vt 0.687500 0.687500
vt 0.687500 0.125000
vt 0.687500 0.187500
vt 0.687500 0.562500
vt 0.687500 0.062500
vt 0.687500 0.500000
vt 0.703125 0.000000
vt 0.687500 0.437500
vt 0.687500 0.375000
vt 0.687500 0.312500
vt 0.687500 0.250000
vt 0.687500 0.696118
vt 0.656250 0.375000
vt 0.656250 0.437500
vt 0.656250 0.312500
vt 0.656250 0.250000
vt 0.664106 0.687500
vt 0.656250 0.187500
vt 0.656250 0.625000
vt 0.656250 0.684920
vt 0.656250 0.125000
vt 0.656250 0.562500
vt 0.656250 0.062500
vt 0.656250 0.500000
vt 0.671875 0.000000
vt 0.625000 0.125000
vt 0.625000 0.187500
vt 0.625000 0.562500
vt 0.625000 0.625000
vt 0.625000 0.062500
vt 0.625000 0.500000
vt 0.640625 0.000000
vt 0.625000 0.437500
vt 0.625000 0.375000
vt 0.625000 0.312500
vt 0.625000 0.250000
vt 0.641177 0.680173
vt 0.625000 0.674263
vt 0.593750 0.312500
vt 0.593750 0.375000
vt 0.593750 0.250000
vt 0.593750 0.187500
vt 0.593750 0.625000
vt 0.593750 0.660481
vt 0.597158 0.662013
vt 0.622736 0.673495
vt 0.593750 0.125000
vt 0.593750 0.562500
vt 0.593750 0.062500
vt 0.593750 0.500000
vt 0.609375 0.000000
vt 0.593750 0.437500
vt 0.562500 0.062500
vt 0.562500 0.125000
vt 0.562500 0.500000
vt 0.562500 0.562500
vt 0.578125 0.000000
vt 0.562500 0.437500
vt 0.562500 0.375000
vt 0.562500 0.312500
vt 0.562500 0.250000
vt 0.562500 0.187500
vt 0.562500 0.625000
vt 0.562500 0.647680
vt 0.531250 0.250000
vt 0.531250 0.312500
vt 0.531250 0.187500
vt 0.550883 0.643442
vt 0.531250 0.625000
vt 0.531250 0.637455
vt 0.531250 0.125000
vt 0.531250 0.562500
vt 0.531250 0.062500
vt 0.531250 0.500000
vt 0.546875 0.000000
vt 0.531250 0.437500
vt 0.531250 0.375000
vt 0.500000 0.500000
vt 0.500000 0.562500
vt 0.515625 0.000000
vt 0.500000 0.062500
vt 0.500000 0.437500
vt 0.500000 0.375000
vt 0.500000 0.312500
vt 0.500000 0.250000
vt 0.500000 0.187500
vt 0.512146 0.632989
vt 0.500000 0.625000
vt 0.500000 0.630671
vt 0.500000 0.125000
vt 0.468750 0.250000
vt 0.468750 0.312500
vt 0.468750 0.187500
vt 0.468750 0.625000
vt 0.468750 0.627029
vt 0.468750 0.125000
vt 0.468750 0.562500
vt 0.468750 0.062500
vt 0.468750 0.500000
vt 0.484375 0.000000
vt 0.468750 0.437500
vt 0.468750 0.375000
vt 0.453125 0.000000
vt 0.437500 0.062500
vt 0.437500 0.437500
vt 0.437500 0.500000
vt 0.437500 0.375000
vt 0.437500 0.312500
vt 0.437500 0.250000
vt 0.437500 0.187500
vt 0.437500 0.625000
vt 0.437500 0.625927
vt 0.437500 0.125000
vt 0.437500 0.562500
vt 0.406250 0.187500
vt 0.406250 0.250000
vt 0.406250 0.625000
vt 0.406250 0.625913
vt 0.423643 0.626597
vt 0.406250 0.125000
vt 0.406250 0.562500
vt 0.406250 0.062500
vt 0.406250 0.500000
vt 0.421875 0.000000
vt 0.406250 0.437500
vt 0.406250 0.375000
vt 0.406250 0.312500
vt 0.375000 0.437500
vt 0.375000 0.500000
vt 0.375000 0.375000
vt 0.375000 0.312500
vt 0.375000 0.250000
vt 0.375000 0.187500
vt 0.375000 0.625000
vt 0.375000 0.627423
vt 0.375000 0.125000
vt 0.375000 0.562500
vt 0.375000 0.062500
vt 0.390625 0.000000
vt 0.343750 0.187500
vt 0.343750 0.250000
vt 0.373788 0.627583
vt 0.343750 0.625000
vt 0.343750 0.641423
vt 0.343750 0.125000
vt 0.343750 0.562500
vt 0.343750 0.062500
vt 0.343750 0.500000
vt 0.359375 0.000000
vt 0.343750 0.437500
vt 0.343750 0.375000
vt 0.343750 0.312500
vt 0.312500 0.375000
vt 0.312500 0.437500
vt 0.312500 0.312500
vt 0.312500 0.250000
vt 0.312500 0.187500
vt 0.312500 0.658098
vt 0.316775 0.656075
vt 0.312500 0.625000
vt 0.312500 0.125000
vt 0.312500 0.562500
vt 0.312500 0.062500
vt 0.312500 0.500000
vt 0.328125 0.000000
vt 0.281250 0.125000
vt 0.281250 0.187500
vt 0.281250 0.562500
vt 0.281250 0.625000
vt 0.281250 0.062500
vt 0.281250 0.500000
vt 0.296875 0.000000
vt 0.281250 0.437500
vt 0.281250 0.375000
vt 0.281250 0.312500
vt 0.281250 0.250000
vt 0.281250 0.674017
vt 0.250000 0.312500
vt 0.250000 0.375000
vt 0.250000 0.250000
vt 0.255592 0.687500
vt 0.250000 0.687500
vt 0.250000 0.691368
vt 0.253967 0.688468
vt 0.250000 0.187500
vt 0.281250 0.674018
vt 0.250000 0.625000
vt 0.250000 0.125000
vt 0.250000 0.562500
vt 0.250000 0.062500
vt 0.250000 0.500000
vt 0.265625 0.000000
vt 0.250000 0.437500
vt 0.218750 0.562500
vt 0.218750 0.625000
vt 0.218750 0.062500
vt 0.218750 0.125000
vt 0.218750 0.500000
vt 0.234375 0.000000
vt 0.218750 0.437500
vt 0.218750 0.375000
vt 0.218750 0.312500
vt 0.218750 0.250000
vt 0.218750 0.687500
vt 0.218750 0.712933
vt 0.227534 0.707278
vt 0.218750 0.187500
vt 0.187500 0.312500
vt 0.187500 0.375000
vt 0.187500 0.250000
vt 0.187500 0.728307
vt 0.212440 0.716860
vt 0.218750 0.712934
vt 0.187500 0.687500
vt 0.187500 0.187500
vt 0.187500 0.625000
vt 0.187500 0.125000
vt 0.187500 0.562500
vt 0.187500 0.062500
vt 0.187500 0.500000
vt 0.203125 0.000000
vt 0.187500 0.437500
vt 0.156250 0.062500
vt 0.156250 0.125000
vt 0.156250 0.500000
vt 0.156250 0.562500
vt 0.171875 0.000000
vt 0.156250 0.437500
vt 0.156250 0.375000
vt 0.156250 0.312500
vt 0.156250 0.250000
vt 0.156250 0.687500
vt 0.156250 0.740519
vt 0.156250 0.187500
vt 0.156250 0.625000
vt 0.125000 0.750000
vt 0.125000 0.751378
vt 0.128244 0.750000
vt 0.125000 0.250000
vt 0.125000 0.312500
vt 0.138708 0.746091
vt 0.125000 0.687500
vt 0.125000 0.187500
vt 0.125000 0.625000
vt 0.125000 0.125000
vt 0.125000 0.562500
vt 0.125000 0.062500
vt 0.125000 0.500000
vt 0.140625 0.000000
vt 0.125000 0.437500
vt 0.125000 0.375000
vt 0.093750 0.500000
vt 0.093750 0.562500
vt 0.109375 0.000000
vt 0.093750 0.062500
vt 0.093750 0.437500
vt 0.093750 0.375000
vt 0.093750 0.312500
vt 0.093750 0.750000
vt 0.093750 0.760908
vt 0.104181 0.758723
vt 0.093750 0.250000
vt 0.093750 0.687500
vt 0.093750 0.187500
vt 0.093750 0.625000
vt 0.093750 0.125000
vt 0.062500 0.250000
vt 0.062500 0.312500
vt 0.062500 0.687500
vt 0.062500 0.750000
vt 0.062500 0.187500
vt 0.062500 0.625000
vt 0.062500 0.125000
vt 0.062500 0.562500
vt 0.062500 0.062500
vt 0.062500 0.500000
vt 0.078125 0.000000
vt 0.062500 0.437500
vt 0.062500 0.375000
vt 0.062500 0.763129
vt 0.086436 0.761851
vt 0.046875 0.000000
vt 0.031250 0.062500
vt 0.031250 0.437500
vt 0.031250 0.500000
vt 0.031250 0.375000
vt 0.031250 0.312500
vt 0.031250 0.750000
vt 0.031250 0.762950
vt 0.031250 0.250000
vt 0.031250 0.687500
vt 0.031250 0.187500
vt 0.031250 0.625000
vt 0.031250 0.125000
vt 0.031250 0.562500
vt 0.000000 0.187500
vt 0.000000 0.250000
vt 0.000000 0.625000
vt 0.000000 0.687500
vt 0.000000 0.125000
vt 0.000000 0.562500
vt 0.000000 0.062500
vt 0.000000 0.500000
vt 0.015625 0.000000
vt 0.000000 0.437500
vt 0.000000 0.375000
vt 0.000000 0.312500
vt 0.000712 0.761004
vt 0.000000 0.750000
vt 0.000000 0.761068
vt 1.000000 0.375000
vt 0.968750 0.375000
vt 0.968750 0.437500
vt 1.000000 0.437500
vt 1.000000 0.312500
vt 0.968750 0.312500
vt 1.000000 0.761068
vt 1.000000 0.750000
vt 0.968750 0.750000
vt 0.968750 0.761533
vt 1.000000 0.250000
vt 0.968750 0.250000
vt 1.000000 0.687500
vt 0.968750 0.687500
vt 1.000000 0.187500
vt 0.968750 0.187500
vt 1.000000 0.625000
vt 0.968750 0.625000
vt 1.000000 0.125000
vt 0.968750 0.125000
vt 1.000000 0.562500
vt 0.968750 0.562500
vt 1.000000 0.062500
vt 0.968750 0.062500
vt 1.000000 0.500000
vt 0.968750 0.500000
vt 0.984375 0.000000
vt 0.937500 0.625000
vt 0.937500 0.687500
vt 0.937500 0.125000
vt 0.937500 0.187500
vt 0.937500 0.562500
vt 0.937500 0.062500
vt 0.937500 0.500000
vt 0.953125 0.000000
vt 0.937500 0.437500
vt 0.937500 0.375000
vt 0.937500 0.312500
vt 0.946336 0.760214
vt 0.937500 0.750000
vt 0.937500 0.759259
vt 0.937500 0.250000
vt 0.906250 0.375000
vt 0.906250 0.437500
vt 0.906250 0.312500
vt 0.906250 0.750000
vt 0.906250 0.753700
vt 0.906250 0.250000
vt 0.906250 0.687500
vt 0.906250 0.187500
vt 0.906250 0.625000
vt 0.906250 0.125000
vt 0.906250 0.562500
vt 0.906250 0.062500
vt 0.906250 0.500000
vt 0.921875 0.000000
vt 0.875000 0.125000
vt 0.875000 0.187500
vt 0.875000 0.562500
vt 0.875000 0.625000
vt 0.875000 0.062500
vt 0.875000 0.500000
vt 0.890625 0.000000
vt 0.875000 0.437500
vt 0.875000 0.375000
vt 0.875000 0.312500
vt 0.891279 0.750000
vt 0.875000 0.250000
vt 0.875000 0.687500
vt 0.875000 0.746429
vt 0.843750 0.312500
vt 0.843750 0.375000
vt 0.843750 0.250000
vt 0.851884 0.740028
vt 0.843750 0.687500
vt 0.843750 0.738930
vt 0.843750 0.187500
vt 0.843750 0.625000
vt 0.843750 0.125000
vt 0.843750 0.562500
vt 0.843750 0.062500
vt 0.843750 0.500000
vt 0.859375 0.000000
vt 0.843750 0.437500
vt 0.812500 0.562500
vt 0.812500 0.625000
vt 0.812500 0.062500
vt 0.812500 0.125000
vt 0.812500 0.500000
vt 0.828125 0.000000
vt 0.812500 0.437500
vt 0.812500 0.375000
vt 0.812500 0.312500
vt 0.812500 0.250000
vt 0.812500 0.687500
vt 0.812500 0.733115
vt 0.812500 0.187500
vt 0.781250 0.312500
vt 0.781250 0.375000
vt 0.781250 0.250000
vt 0.781250 0.687500
vt 0.781250 0.725861
vt 0.781250 0.187500
vt 0.781250 0.625000
vt 0.781250 0.125000
vt 0.781250 0.562500
vt 0.781250 0.062500
vt 0.781250 0.500000
vt 0.796875 0.000000
vt 0.781250 0.437500
vt 0.765625 0.000000
vt 0.753937 0.718360
vt 0.750000 0.717256
vt 0.718750 0.659736
vt 0.730827 0.668165
vt 0.750000 0.677909
vt 0.687500 0.637956
vt 0.660460 0.625000
vt 0.669839 0.626017
vt 0.656250 0.624598
vt 0.625000 0.618184
vt 0.637770 0.624164
vt 0.593750 0.604394
vt 0.579468 0.598757
vt 0.562500 0.597663
vt 0.561427 0.597731
vt 0.531250 0.602303
vt 0.500000 0.610474
vt 0.468750 0.626791
vt 0.471607 0.625000
vt 0.493166 0.612942
vt 0.437500 0.648084
vt 0.406250 0.669417
vt 0.378775 0.687500
vt 0.375000 0.687500
vt 0.375000 0.690224
vt 0.343750 0.687500
vt 0.343750 0.708118
vt 0.360421 0.700359
vt 0.312500 0.687500
vt 0.312500 0.720699
vt 0.281250 0.687500
vt 0.281250 0.730924
vt 0.271285 0.733455
vt 0.250000 0.738916
vt 0.226675 0.742766
vt 0.218750 0.744121
vt 0.187500 0.747074
vt 0.218750 0.744120
vt 0.187303 0.747077
vt 0.156250 0.749722
vt 0.170462 0.748801
vt 0.125000 0.749704
vt 0.093750 0.747636
vt 0.075411 0.745247
vt 0.062500 0.744909
vt 0.048718 0.743629
vt 0.031250 0.744786
vt 0.000000 0.744829
vt 0.968750 0.742851
vt 1.000000 0.744829
vt 0.945225 0.739872
vt 0.937500 0.738575
vt 0.933548 0.737643
vt 0.906250 0.735348
vt 0.914207 0.735276
vt 0.875000 0.730247
vt 0.843750 0.719509
vt 0.840009 0.717418
vt 0.812500 0.707287
vt 0.781250 0.693193
vt 0.770173 0.687500
vt 0.718750 0.682189
vt 0.750000 0.683049
vt 0.707052 0.681423
vt 0.687500 0.680776
vt 0.693378 0.680676
vt 0.686620 0.680771
vt 0.656250 0.682256
vt 0.631195 0.682824
vt 0.625000 0.683159
vt 0.593750 0.691072
vt 0.606204 0.687500
vt 0.593750 0.687500
vt 0.622369 0.683233
vt 0.562500 0.687500
vt 0.562500 0.697487
vt 0.574540 0.695510
vt 0.531250 0.687500
vt 0.531250 0.700812
vt 0.500000 0.687500
vt 0.500000 0.702565
vt 0.505347 0.702019
vt 0.468750 0.687500
vt 0.468750 0.704037
vt 0.437500 0.687500
vt 0.437500 0.702601
vt 0.466128 0.704004
vt 0.406250 0.687500
vt 0.406250 0.699369
vt 0.375000 0.694486
vt 0.351381 0.689623
vt 0.343750 0.687828
vt 0.342556 0.687500
vt 0.312500 0.679983
vt 0.281250 0.671145
vt 0.250000 0.661551
vt 0.281250 0.671143
vt 0.218750 0.651525
vt 0.187500 0.642569
vt 0.198814 0.645109
vt 0.156250 0.636553
vt 0.160919 0.637344
vt 0.125000 0.632302
vt 0.093750 0.631677
vt 0.106062 0.630513
vt 0.062500 0.635727
vt 0.052172 0.637357
vt 0.031250 0.640768
vt 0.000000 0.646524
vt 0.992483 0.648004
vt 1.000000 0.646524
vt 0.968750 0.648003
vt 0.937500 0.649224
vt 0.936790 0.649278
vt 0.906250 0.657755
vt 0.879464 0.665320
vt 0.875000 0.666632
vt 0.843750 0.675347
vt 0.815423 0.680826
vt 0.825215 0.680065
vt 0.827786 0.679357
vt 0.812500 0.681082
vt 0.781250 0.682678
vt 0.750000 0.591697
vt 0.718750 0.595618
vt 0.687500 0.599399
vt 0.694610 0.597680
vt 0.687008 0.599491
vt 0.656250 0.594527
vt 0.625000 0.589884
vt 0.626562 0.589978
vt 0.647442 0.592379
vt 0.593750 0.589893
vt 0.606455 0.588520
vt 0.562500 0.588195
vt 0.575552 0.589911
vt 0.558486 0.587283
vt 0.531250 0.589362
vt 0.500000 0.590329
vt 0.513836 0.590359
vt 0.468750 0.589697
vt 0.467263 0.589642
vt 0.437500 0.596530
vt 0.449024 0.592852
vt 0.459712 0.589236
vt 0.406250 0.607161
vt 0.415058 0.603304
vt 0.375000 0.619641
vt 0.359602 0.625000
vt 0.343750 0.631224
vt 0.353446 0.626846
vt 0.356924 0.625972
vt 0.312500 0.641774
vt 0.281250 0.648515
vt 0.250000 0.651423
vt 0.269018 0.649660
vt 0.281250 0.648508
vt 0.218750 0.650505
vt 0.187500 0.641135
vt 0.212733 0.649578
vt 0.218750 0.650503
vt 0.156250 0.626020
vt 0.154592 0.625000
vt 0.129546 0.609514
vt 0.125000 0.607848
vt 0.129058 0.609305
vt 0.129340 0.609460
vt 0.093750 0.593709
vt 0.062500 0.581342
vt 0.070017 0.581011
vt 0.031250 0.581105
vt 0.000000 0.576354
vt 0.002093 0.576521
vt 0.023225 0.580632
vt 0.968750 0.573230
vt 0.970019 0.573325
vt 1.000000 0.576354
vt 0.937500 0.572779
vt 0.953395 0.571925
vt 0.906250 0.572542
vt 0.936987 0.572796
vt 0.875000 0.574594
vt 0.888340 0.573004
vt 0.905057 0.572541
vt 0.843750 0.578717
vt 0.812500 0.583041
vt 0.781250 0.587090
vt 0.794585 0.585328
vt 0.809271 0.583501
vt 0.769664 0.588552
s 1
f 1/1/1 11/2/2 17/3/3
f 17/3/3 2/4/4 1/1/1
f 11/2/2 23/5/5 31/6/6
f 31/6/6 17/3/3 11/2/2
f 23/5/5 37/7/7 41/8/8
f 41/8/8 31/6/6 23/5/5
f 37/7/7 50/9/9 57/10/10
f 57/10/10 41/8/8 37/7/7
f 50/9/9 61/11/11 66/12/12
f 66/12/12 57/10/10 50/9/9
f 84/13/13 66/12/12 61/11/11
f 61/11/11 91/14/14 97/15/15
f 97/15/15 84/13/13 61/11/11
f 101/16/16 97/15/15 91/14/14
f 101/16/16 131/17/17 133/18/18
f 133/18/18 109/19/19 101/16/16
f 138/20/20 133/18/18 131/17/17
f 131/17/17 155/21/21 159/22/22
f 159/22/22 138/20/20 131/17/17
f 155/21/21 161/23/23 165/24/24
f 165/24/24 159/22/22 155/21/21
f 169/25/25 165/24/24 161/23/23
f 1/1/1 2/4/4 173/26/26
f 173/26/26 181/27/27 1/1/1
f 190/28/28 173/26/26 2/4/4
f 2/4/4 17/3/3 190/28/28
f 17/3/3 31/6/6 202/29/29
f 202/29/29 190/28/28 17/3/3
f 31/6/6 41/8/8 202/29/29
f 41/8/8 57/10/10 217/30/30
f 217/30/30 202/29/29 41/8/8
f 66/12/12 217/30/30 57/10/10
f 66/12/12 84/13/13 223/31/31
f 97/15/15 101/16/16 227/32/32
f 101/16/16 109/19/19 233/33/33
f 233/33/33 227/32/32 101/16/16
f 109/19/19 133/18/18 241/34/34
f 241/34/34 233/33/33 109/19/19
f 133/18/18 138/20/20 252/35/35
f 252/35/35 241/34/34 133/18/18
f 138/20/20 159/22/22 261/36/36
f 261/36/36 252/35/35 138/20/20
f 159/22/22 165/24/24 276/37/37
f 276/37/37 261/36/36 159/22/22
f 165/24/24 169/25/25 280/38/38
f 280/38/38 276/37/37 165/24/24
f 181/27/27 173/26/26 286/39/39
f 173/26/26 190/28/28 290/40/40
f 290/40/40 286/39/39 173/26/26
f 190/28/28 202/29/29 294/41/41
f 294/41/41 290/40/40 190/28/28
f 297/42/42 294/41/41 202/29/29
f 202/29/29 217/30/30 302/43/43
f 202/29/29 302/43/43 297/42/42
f 304/44/44 302/43/43 217/30/30
f 66/12/12 304/44/44 217/30/30
f 84/13/13 97/15/15 315/45/45
f 315/45/45 223/31/31 84/13/13
f 97/15/15 227/32/32 315/45/45
f 329/46/46 315/45/45 227/32/32
f 227/32/32 233/33/33 329/46/46
f 347/47/47 329/46/46 233/33/33
f 233/33/33 241/34/34 347/47/47
f 351/48/48 347/47/47 241/34/34
f 241/34/34 252/35/35 351/48/48
f 360/49/49 351/48/48 252/35/35
f 252/35/35 261/36/36 368/50/50
f 368/50/50 360/49/49 252/35/35
f 261/36/36 276/37/37 374/51/51
f 374/51/51 368/50/50 261/36/36
f 276/37/37 280/38/38 378/52/52
f 378/52/52 374/51/51 276/37/37
f 181/27/27 286/39/39 385/53/53
f 385/53/53 391/54/54 181/27/27
f 286/39/39 290/40/40 395/55/55
f 395/55/55 385/53/53 286/39/39
f 294/41/41 395/55/55 290/40/40
f 66/12/12 223/31/31 304/44/44
f 401/56/56 304/44/44 223/31/31
f 223/31/31 315/45/45 401/56/56
f 315/45/45 404/57/57 401/56/56
f 315/45/45 329/46/46 404/57/57
f 404/57/57 329/46/46 1683/58/58 1682/59/59 1685/60/59 1684/61/59 1681/62/60
f 329/46/46 347/47/47 1688/63/61 1687/64/62 1686/65/62 1683/58/58
f 1688/63/61 347/47/47 430/66/63 1691/67/64 1690/68/65 1692/69/65 1689/70/65
f 347/47/47 351/48/48 430/66/63
f 351/48/48 433/71/66 430/66/63
f 351/48/48 360/49/49 433/71/66
f 360/49/49 368/50/50 440/72/67
f 440/72/67 433/71/66 360/49/49
f 374/51/51 440/72/67 368/50/50
f 391/54/54 385/53/53 446/73/68
f 460/74/69 385/53/53 395/55/55
f 395/55/55 294/41/41 460/74/69
f 294/41/41 297/42/42 460/74/69
f 1577/75/70 1575/76/71 460/74/69 297/42/42 302/43/43 1576/77/72
f 304/44/44 475/78/73 302/43/43
f 401/56/56 475/78/73 304/44/44
f 401/56/56 404/57/57 1696/79/74 1695/80/75 1694/81/75 1693/82/76
f 404/57/57 1681/62/60 1697/83/77
f 1697/83/77 1696/79/74 404/57/57
f 1698/84/78 1691/67/64 430/66/63
f 1699/85/79 1698/84/78 430/66/63 501/86/80 1701/87/81 1700/88/79 1702/89/79
f 430/66/63 433/71/66 501/86/80
f 433/71/66 505/90/82 501/86/80
f 440/72/67 505/90/82 433/71/66
f 440/72/67 374/51/51 510/91/83
f 378/52/52 510/91/83 374/51/51
f 391/54/54 446/73/68 519/92/84
f 1579/93/85 1578/94/86 385/53/53 460/74/69 1582/95/87 1581/96/85 1580/97/85
f 1583/98/88 1584/99/89 446/73/68 385/53/53 1578/94/86
f 1585/100/90 1582/95/87 460/74/69
f 1586/101/91 1585/100/90 460/74/69 1575/76/71 1587/102/91
f 1591/103/92 1576/77/72 302/43/43 1589/104/93 1590/105/92 1588/106/92
f 1592/107/94 1589/104/93 302/43/43 547/108/95 1595/109/96 1596/110/94 1597/111/94 1598/112/94 1594/113/94 1593/114/94
f 302/43/43 475/78/73 547/108/95
f 475/78/73 401/56/56 554/115/97
f 401/56/56 1693/82/76 1705/116/98 1704/117/98 1703/118/99
f 554/115/97 401/56/56 1703/118/99 1706/119/100
f 1701/87/81 501/86/80 1708/120/101 1707/121/102
f 501/86/80 505/90/82 1709/122/103 1708/120/101
f 505/90/82 440/72/67 568/123/104
f 510/91/83 568/123/104 440/72/67
f 519/92/84 581/124/105 391/54/54
f 446/73/68 592/125/106 519/92/84
f 1599/126/107 1602/127/108 592/125/106 446/73/68 1584/99/89 1601/128/107 1600/129/107
f 554/115/97 547/108/95 475/78/73
f 1710/130/109 595/131/110 554/115/97 1706/119/100 1711/132/111
f 1713/133/112 595/131/110 1710/130/109 1712/134/113
f 1715/135/114 618/136/115 1717/137/116 1716/138/117 1714/139/117
f 1715/135/114 1709/122/103 505/90/82 618/136/115
f 568/123/104 618/136/115 505/90/82
f 510/91/83 378/52/52 624/140/118
f 519/92/84 592/125/106 631/141/119
f 631/141/119 581/124/105 519/92/84
f 1603/142/120 592/125/106 1602/127/108 1604/143/121
f 645/144/122 1607/145/123 1605/146/124 1606/147/125
f 1609/148/126 1595/109/96 547/108/95 645/144/122 1606/147/125 1608/149/126
f 547/108/95 660/150/127 645/144/122
f 547/108/95 554/115/97 660/150/127
f 554/115/97 595/131/110 663/151/128
f 663/151/128 660/150/127 554/115/97
f 1718/152/129 1719/153/130 595/131/110 1713/133/112
f 1720/154/131 663/151/128 595/131/110 1719/153/130 1721/155/132
f 618/136/115 1722/156/133 1723/157/134 1717/137/116
f 618/136/115 568/123/104 683/158/135
f 510/91/83 683/158/135 568/123/104
f 704/159/136 690/160/137 581/124/105
f 631/141/119 704/159/136 581/124/105
f 1612/161/138 1613/162/139 707/163/140 631/141/119 592/125/106 1610/164/141 1611/165/138 1614/166/138
f 1610/164/141 592/125/106 1603/142/120
f 1619/167/142 1618/168/143 707/163/140 1613/162/139 1615/169/142 1616/170/142 1617/171/142
f 645/144/122 660/150/127 709/172/144
f 714/173/145 709/172/144 660/150/127
f 660/150/127 663/151/128 725/174/146
f 725/174/146 714/173/145 660/150/127
f 1724/175/147 734/176/148 663/151/128 1720/154/131
f 663/151/128 734/176/148 725/174/146
f 1726/177/149 747/178/150 1725/179/151
f 1725/179/151 747/178/150 734/176/148 1724/175/147 1727/180/152 1729/181/152 1728/182/152
f 1730/183/153 747/178/150 1726/177/149 1731/184/154
f 1732/185/155 751/186/156 1734/187/157 1733/188/158
f 1734/187/157 751/186/156 1735/189/159
f 618/136/115 759/190/160 1736/191/161 1737/192/162 1722/156/133
f 759/190/160 751/186/156 1732/185/155 1738/193/163 1736/191/161
f 683/158/135 759/190/160 618/136/115
f 624/140/118 683/158/135 510/91/83
f 631/141/119 707/163/140 775/194/164
f 1622/195/165 1607/145/123 645/144/122 709/172/144 1620/196/166 1621/197/165
f 709/172/144 714/173/145 780/198/167
f 714/173/145 725/174/146 782/199/168
f 782/199/168 780/198/167 714/173/145
f 790/200/169 782/199/168 725/174/146
f 725/174/146 734/176/148 798/201/170
f 798/201/170 790/200/169 725/174/146
f 734/176/148 747/178/150 798/201/170
f 1735/189/159 751/186/156 800/202/171 1739/203/172 1740/204/173
f 759/190/160 800/202/171 751/186/156
f 759/190/160 683/158/135 802/205/174
f 805/206/175 806/207/176 690/160/137
f 704/159/136 805/206/175 690/160/137
f 631/141/119 775/194/164 704/159/136
f 1625/208/177 1624/209/178 809/210/179 707/163/140 1618/168/143 1623/211/177
f 1627/212/180 1620/196/166 709/172/144 809/210/179 1624/209/178 1626/213/180
f 815/214/181 809/210/179 709/172/144
f 709/172/144 780/198/167 819/215/182
f 819/215/182 815/214/181 709/172/144
f 780/198/167 782/199/168 829/216/183
f 829/216/183 819/215/182 780/198/167
f 790/200/169 829/216/183 782/199/168
f 747/178/150 832/217/184 798/201/170
f 837/218/185 747/178/150 1730/183/153 1741/219/186 1742/220/186 1743/221/187
f 747/178/150 837/218/185 832/217/184
f 1739/203/172 800/202/171 837/218/185 1743/221/187 1744/222/188
f 800/202/171 759/190/160 842/223/189
f 802/205/174 842/223/189 759/190/160
f 624/140/118 802/205/174 683/158/135
f 775/194/164 707/163/140 846/224/190
f 809/210/179 846/224/190 707/163/140
f 809/210/179 815/214/181 856/225/191
f 815/214/181 819/215/182 858/226/192
f 858/226/192 856/225/191 815/214/181
f 865/227/193 858/226/192 819/215/182
f 829/216/183 865/227/193 819/215/182
f 829/216/183 790/200/169 872/228/194
f 790/200/169 798/201/170 876/229/195
f 876/229/195 872/228/194 790/200/169
f 832/217/184 876/229/195 798/201/170
f 800/202/171 842/223/189 880/230/196
f 880/230/196 837/218/185 800/202/171
f 882/231/197 805/206/175 704/159/136
f 775/194/164 882/231/197 704/159/136
f 883/232/198 846/224/190 809/210/179
f 809/210/179 856/225/191 885/233/199
f 885/233/199 883/232/198 809/210/179
f 892/234/200 885/233/199 856/225/191
f 858/226/192 892/234/200 856/225/191
f 865/227/193 829/216/183 902/235/201
f 872/228/194 902/235/201 829/216/183
f 832/217/184 837/218/185 903/236/202
f 911/237/203 903/236/202 837/218/185
f 880/230/196 911/237/203 837/218/185
f 842/223/189 802/205/174 919/238/204
f 919/238/204 880/230/196 842/223/189
f 802/205/174 624/140/118 923/239/205
f 923/239/205 919/238/204 802/205/174
f 930/240/206 882/231/197 775/194/164
f 775/194/164 846/224/190 931/241/207
f 931/241/207 930/240/206 775/194/164
f 883/232/198 931/241/207 846/224/190
f 892/234/200 858/226/192 936/242/208
f 858/226/192 865/227/193 943/243/209
f 943/243/209 936/242/208 858/226/192
f 902/235/201 943/243/209 865/227/193
f 872/228/194 876/229/195 945/244/210
f 876/229/195 832/217/184 945/244/210
f 903/236/202 945/244/210 832/217/184
f 919/238/204 911/237/203 880/230/196
f 806/207/176 805/206/175 951/245/211
f 955/246/212 951/245/211 805/206/175
f 805/206/175 882/231/197 957/247/213
f 957/247/213 955/246/212 805/206/175
f 1521/248/214 1523/249/215 931/241/207 883/232/198 1522/250/216
f 883/232/198 885/233/199 958/251/217
f 1524/252/218 1522/250/216 883/232/198 958/251/217 1526/253/219 1525/254/218
f 885/233/199 892/234/200 967/255/220
f 967/255/220 958/251/217 885/233/199
f 936/242/208 967/255/220 892/234/200
f 943/243/209 902/235/201 973/256/221
f 902/235/201 872/228/194 974/257/222
f 974/257/222 973/256/221 902/235/201
f 945/244/210 974/257/222 872/228/194
f 983/258/223 945/244/210 903/236/202
f 903/236/202 911/237/203 983/258/223
f 911/237/203 919/238/204 987/259/224
f 987/259/224 983/258/223 911/237/203
f 923/239/205 987/259/224 919/238/204
f 951/245/211 993/260/225 806/207/176
f 1529/261/226 1527/262/227 882/231/197 930/240/206 1528/263/228
f 1531/264/229 1530/265/230 957/247/213 882/231/197 1527/262/227 1532/266/229
f 1533/267/231 1528/263/228 930/240/206 931/241/207 1534/268/232
f 1535/269/233 1534/268/232 931/241/207 1523/249/215 1536/270/233 1537/271/233
f 967/255/220 936/242/208 1009/272/234
f 936/242/208 943/243/209 1010/273/235
f 1010/273/235 1009/272/234 936/242/208
f 973/256/221 1010/273/235 943/243/209
f 945/244/210 1012/274/236 974/257/222
f 945/244/210 983/258/223 1012/274/236
f 983/258/223 1014/275/237 1012/274/236
f 983/258/223 987/259/224 1014/275/237
f 923/239/205 1014/275/237 987/259/224
f 955/246/212 957/247/213 1016/276/238
f 1538/277/239 1526/253/219 958/251/217 1023/278/240 1540/279/241 1539/280/239 1541/281/239
f 1023/278/240 1543/282/242 1542/283/243 1540/279/241
f 958/251/217 967/255/220 1030/284/244
f 1030/284/244 1023/278/240 958/251/217
f 1009/272/234 1030/284/244 967/255/220
f 1628/285/245 973/256/221 974/257/222 1631/286/246 1630/287/247 1629/288/247
f 1634/289/248 1632/290/249 1010/273/235 973/256/221 1628/285/245 1633/291/248
f 974/257/222 1636/292/250 1635/293/251 1631/286/246
f 1637/294/252 1636/292/250 974/257/222 1012/274/236 1642/295/253 1641/296/252 1643/297/252 1640/298/252 1639/299/252 1638/300/252
f 1644/301/254 1642/295/253 1012/274/236 1047/302/255 1645/303/256 1646/304/254 1647/305/254
f 1012/274/236 1014/275/237 1047/302/255
f 993/260/225 951/245/211 1055/306/257
f 955/246/212 1055/306/257 951/245/211
f 1545/307/258 1544/308/259 957/247/213 1530/265/230 1546/309/258
f 1009/272/234 1010/273/235 1058/310/260
f 1648/311/261 1645/303/256 1047/302/255 1650/312/262 1649/313/261
f 1650/312/262 1047/302/255 1070/314/263 1651/315/264 1652/316/265 1653/317/265
f 1074/318/266 1070/314/263 1047/302/255
f 1047/302/255 1014/275/237 1078/319/267
f 1078/319/267 1074/318/266 1047/302/255
f 1014/275/237 923/239/205 1080/320/268
f 1080/320/268 1078/319/267 1014/275/237
f 1055/306/257 1084/321/269 993/260/225
f 1055/306/257 955/246/212 1088/322/270
f 955/246/212 1016/276/238 1094/323/271
f 1094/323/271 1088/322/270 955/246/212
f 1548/324/272 1547/325/273 1016/276/238 957/247/213 1549/326/274 1550/327/272
f 1553/328/275 1552/329/276 1094/323/271 1016/276/238 1547/325/273 1551/330/275
f 957/247/213 1544/308/259 1554/331/277 1549/326/274
f 1654/332/278 1655/333/279 1010/273/235 1632/290/249 1656/334/278
f 1657/335/280 1658/336/281 1058/310/260 1010/273/235 1655/333/279 1659/337/280
f 1103/338/282 1662/339/283 1660/340/284 1661/341/285
f 1651/315/264 1070/314/263 1103/338/282 1661/341/285 1663/342/286 1664/343/286
f 1084/321/269 1055/306/257 1107/344/287
f 1088/322/270 1107/344/287 1055/306/257
f 1009/272/234 1058/310/260 1112/345/288
f 1666/346/289 1058/310/260 1658/336/281 1665/347/290
f 1662/339/283 1103/338/282 1119/348/291 1668/349/292 1667/350/293
f 1070/314/263 1074/318/266 1120/351/294
f 1074/318/266 1078/319/267 1121/352/295
f 1121/352/295 1120/351/294 1074/318/266
f 1080/320/268 1121/352/295 1078/319/267
f 1094/323/271 1122/353/296 1088/322/270
f 1557/354/297 1558/355/298 1122/353/296 1094/323/271 1552/329/276 1555/356/297 1556/357/297 1559/358/297
f 1562/359/299 1543/282/242 1023/278/240 1149/360/300 1560/361/301 1561/362/299
f 1560/361/301 1149/360/300 1563/363/302
f 1023/278/240 1030/284/244 1123/364/303
f 1023/278/240 1123/364/303 1149/360/300
f 1030/284/244 1009/272/234 1123/364/303
f 1112/345/288 1123/364/303 1009/272/234
f 1671/365/304 1670/366/305 1112/345/288 1058/310/260 1666/346/289 1669/367/304
f 1119/348/291 1672/368/306 1673/369/307 1668/349/292
f 1672/368/306 1119/348/291 1674/370/308
f 1103/338/282 1127/371/309 1119/348/291
f 1103/338/282 1070/314/263 1127/371/309
f 1120/351/294 1127/371/309 1070/314/263
f 1120/351/294 1121/352/295 1129/372/310
f 1121/352/295 1080/320/268 1135/373/311
f 1135/373/311 1129/372/310 1121/352/295
f 1084/321/269 1107/344/287 1138/374/312
f 1138/374/312 1140/375/313 1084/321/269
f 1107/344/287 1088/322/270 1146/376/314
f 1146/376/314 1138/374/312 1107/344/287
f 1088/322/270 1122/353/296 1146/376/314
f 1566/377/315 1567/378/316 1147/379/317 1122/353/296 1558/355/298 1565/380/315 1564/381/315
f 1149/360/300 1568/382/318 1569/383/319 1563/363/302
f 1572/384/320 1568/382/318 1149/360/300 1147/379/317 1567/378/316 1571/385/320 1570/386/320 1574/387/320 1573/388/320
f 1123/364/303 1112/345/288 1155/389/321
f 1675/390/322 1156/391/323 1112/345/288 1670/366/305
f 1112/345/288 1156/391/323 1155/389/321
f 1680/392/324 1674/370/308 1119/348/291 1160/393/325 1676/394/326 1677/395/324 1678/396/324 1679/397/324
f 1160/393/325 1156/391/323 1675/390/322 1676/394/326
f 1119/348/291 1162/398/327 1160/393/325
f 1119/348/291 1127/371/309 1162/398/327
f 1138/374/312 1146/376/314 1164/399/328
f 1146/376/314 1122/353/296 1166/400/329
f 1166/400/329 1164/399/328 1146/376/314
f 1122/353/296 1147/379/317 1166/400/329
f 1147/379/317 1149/360/300 1168/401/330
f 1168/401/330 1166/400/329 1147/379/317
f 1149/360/300 1123/364/303 1172/402/331
f 1172/402/331 1168/401/330 1149/360/300
f 1123/364/303 1155/389/321 1172/402/331
f 1174/403/332 1172/402/331 1155/389/321
f 1155/389/321 1156/391/323 1174/403/332
f 1156/391/323 1160/393/325 1176/404/333
f 1176/404/333 1174/403/332 1156/391/323
f 1160/393/325 1162/398/327 1176/404/333
f 1181/405/334 1176/404/333 1162/398/327
f 1162/398/327 1127/371/309 1181/405/334
f 1127/371/309 1120/351/294 1185/406/335
f 1185/406/335 1181/405/334 1127/371/309
f 1120/351/294 1129/372/310 1189/407/336
f 1189/407/336 1185/406/335 1120/351/294
f 1135/373/311 1189/407/336 1129/372/310
f 1140/375/313 1138/374/312 1191/408/337
f 1191/408/337 1194/409/338 1140/375/313
f 1138/374/312 1164/399/328 1199/410/339
f 1199/410/339 1191/408/337 1138/374/312
f 1164/399/328 1166/400/329 1199/410/339
f 1201/411/340 1199/410/339 1166/400/329
f 1202/412/341 1201/411/340 1166/400/329
f 1166/400/329 1168/401/330 1202/412/341
f 1204/413/342 1202/412/341 1168/401/330
f 1168/401/330 1172/402/331 1206/414/343
f 1206/414/343 1204/413/342 1168/401/330
f 1172/402/331 1174/403/332 1209/415/344
f 1209/415/344 1206/414/343 1172/402/331
f 1174/403/332 1176/404/333 1209/415/344
f 1211/416/345 1209/415/344 1176/404/333
f 1176/404/333 1181/405/334 1212/417/346
f 1212/417/346 1211/416/345 1176/404/333
f 1181/405/334 1185/406/335 1219/418/347
f 1219/418/347 1212/417/346 1181/405/334
f 1185/406/335 1189/407/336 1223/419/348
f 1223/419/348 1219/418/347 1185/406/335
f 1189/407/336 1135/373/311 1225/420/349
f 1225/420/349 1223/419/348 1189/407/336
f 1194/409/338 1191/408/337 1227/421/350
f 1191/408/337 1199/410/339 1227/421/350
f 1231/422/351 1227/421/350 1199/410/339
f 1199/410/339 1201/411/340 1231/422/351
f 1201/411/340 1202/412/341 1231/422/351
f 1233/423/352 1231/422/351 1202/412/341
f 1202/412/341 1204/413/342 1233/423/352
f 1204/413/342 1206/414/343 1233/423/352
f 1236/424/353 1233/423/352 1206/414/343
f 1206/414/343 1209/415/344 1236/424/353
f 1240/425/354 1236/424/353 1209/415/344
f 1209/415/344 1211/416/345 1240/425/354
f 1211/416/345 1212/417/346 1240/425/354
f 1212/417/346 1219/418/347 1240/425/354
f 1219/418/347 1223/419/348 1247/426/355
f 1247/426/355 1240/425/354 1219/418/347
f 1223/419/348 1225/420/349 1249/427/356
f 1249/427/356 1247/426/355 1223/419/348
f 101/16/16 1263/428/357 131/17/17
f 1252/429/358 993/260/225 1084/321/269
f 1247/426/355 1249/427/356 1251/430/359
f 1240/425/354 1247/426/355 1251/430/359
f 1240/425/354 1251/430/359 1236/424/353
f 1251/430/359 1252/429/358 1233/423/352
f 1236/424/353 1251/430/359 1233/423/352
f 1227/421/350 1231/422/351 1252/429/358
f 1233/423/352 1252/429/358 1231/422/351
f 169/25/25 161/23/23 1263/428/357
f 280/38/38 169/25/25 1263/428/357
f 378/52/52 280/38/38 1263/428/357
f 378/52/52 1263/428/357 624/140/118
f 1263/428/357 1251/430/359 624/140/118
f 624/140/118 1251/430/359 923/239/205
f 1251/430/359 1249/427/356 1225/420/349
f 1251/430/359 1225/420/349 1135/373/311
f 1135/373/311 1080/320/268 1251/430/359
f 923/239/205 1251/430/359 1080/320/268
f 11/2/2 1/1/1 1250/431/360
f 11/2/2 1250/431/360 23/5/5
f 1250/431/360 1263/428/357 37/7/7
f 23/5/5 1250/431/360 37/7/7
f 37/7/7 1263/428/357 50/9/9
f 50/9/9 1263/428/357 61/11/11
f 61/11/11 1263/428/357 91/14/14
f 91/14/14 1263/428/357 101/16/16
f 1263/428/357 161/23/23 155/21/21
f 1263/428/357 155/21/21 131/17/17
f 1/1/1 181/27/27 1250/431/360
f 1250/431/360 181/27/27 391/54/54
f 1250/431/360 391/54/54 581/124/105
f 1250/431/360 581/124/105 690/160/137
f 1252/429/358 1250/431/360 806/207/176
f 1250/431/360 690/160/137 806/207/176
f 1194/409/338 1227/421/350 1252/429/358
f 1140/375/313 1194/409/338 1252/429/358
f 1252/429/358 806/207/176 993/260/225
f 1084/321/269 1140/375/313 1252/429/358
f 1252/429/361 1254/432/361 1250/431/361
f 1254/433/361 1252/433/361 1258/433/361
f 1271/434/362 1252/429/362 1251/430/362
f 1271/433/362 1258/433/362 1252/433/362
f 1263/428/363 1267/435/363 1251/430/363
f 1251/430/363 1267/435/363 1271/434/363
f 1263/428/364 1254/432/364 1267/435/364
f 1254/432/364 1263/428/364 1250/431/364
f 1258/433/365 1271/433/365 1254/433/365
f 1254/432/365 1271/434/365 1267/435/365
f 1520/436/366 158/437/367 149/438/368 1519/439/366
f 21/440/369 96/441/369 86/442/369 16/443/369
f 1359/444/370 158/437/371 1520/436/372
f 27/445/373 100/446/373 96/441/373 21/440/373
f 1516/447/374 104/448/374 100/446/374 27/445/374
f 35/449/375 112/450/375 104/448/375 1516/447/375
f 1517/451/376 122/452/376 112/450/376 35/449/376
f 1571/453/377 7/454/377 64/455/377 1570/456/377
f 1518/457/378 136/458/378 122/452/378 1517/451/378
f 64/455/379 7/454/379 1515/459/379 73/460/379
f 1519/439/380 149/438/380 136/458/380 1518/457/380
f 16/443/381 86/442/381 73/460/381 1515/459/381
f 64/455/382 73/460/382 184/461/382 179/462/382
f 149/438/383 257/463/384 251/464/384 136/458/383
f 86/442/385 200/465/385 184/461/385 73/460/385
f 158/437/367 264/466/386 257/463/386 149/438/368
f 96/441/387 209/467/387 200/465/387 86/442/387
f 1359/468/370 264/466/371 158/437/371
f 100/446/388 219/469/388 209/467/388 96/441/388
f 104/448/389 224/470/389 219/469/389 100/446/389
f 112/450/390 230/471/390 224/470/390 104/448/390
f 122/452/391 232/472/391 230/471/391 112/450/391
f 64/455/392 179/462/392 1574/473/392 1570/456/392
f 136/458/393 251/464/393 232/472/393 122/452/393
f 224/470/394 337/474/394 324/475/394 219/469/394
f 230/471/395 349/476/395 337/474/395 224/470/395
f 232/472/396 356/477/396 349/476/396 230/471/396
f 179/462/397 1573/478/397 1574/473/397
f 251/464/398 364/479/398 356/477/398 232/472/398
f 1573/478/399 179/462/399 184/461/399 301/480/399 1572/481/399
f 257/463/384 372/482/400 364/479/400 251/464/384
f 200/465/401 303/483/401 301/480/401 184/461/401
f 264/466/402 377/484/402 372/482/402 257/463/402
f 209/467/403 307/485/403 303/483/403 200/465/403
f 1359/486/404 377/484/404 264/466/404
f 219/469/405 324/475/405 307/485/405 209/467/405
f 372/482/400 485/487/406 477/488/407 364/479/400
f 303/483/408 425/489/408 414/490/408 301/480/408
f 377/484/409 498/491/409 485/487/409 372/482/409
f 307/485/410 431/492/410 425/489/410 303/483/410
f 1359/493/411 498/491/411 377/484/411
f 324/475/412 435/494/412 431/492/412 307/485/412
f 337/474/413 442/495/413 435/494/413 324/475/413
f 349/476/414 452/496/414 442/495/414 337/474/414
f 356/477/415 467/497/415 452/496/415 349/476/415
f 364/479/416 477/488/416 467/497/416 356/477/416
f 1568/498/417 1572/481/417 301/480/417 414/490/417 1569/499/417
f 452/496/418 557/500/418 552/501/418 442/495/418
f 467/497/419 563/502/419 557/500/419 452/496/419
f 477/488/420 573/503/420 563/502/420 467/497/420
f 1569/499/421 414/490/421 512/504/421 1561/505/421 1560/506/421 1563/507/421
f 485/487/406 584/508/422 573/503/422 477/488/407
f 425/489/423 520/509/423 512/504/423 414/490/423
f 498/491/424 593/510/424 584/508/424 485/487/424
f 431/492/425 526/511/425 520/509/425 425/489/425
f 1359/512/426 593/510/426 498/491/426
f 435/494/427 540/513/427 526/511/427 431/492/427
f 442/495/428 552/501/428 540/513/428 435/494/428
f 593/510/429 696/514/429 686/515/429 584/508/429
f 526/511/430 634/516/430 629/517/430 520/509/430
f 1359/518/431 696/514/431 593/510/432
f 540/513/433 638/519/433 634/516/433 526/511/433
f 552/501/434 652/520/434 638/519/434 540/513/434
f 557/500/435 669/521/435 652/520/435 552/501/435
f 563/502/436 676/522/436 669/521/436 557/500/436
f 573/503/437 681/523/437 676/522/437 563/502/437
f 1561/505/438 512/504/438 621/524/438 1562/525/438
f 584/508/439 686/515/439 681/523/439 573/503/439
f 520/509/440 629/517/440 621/524/440 512/504/440
f 676/522/441 778/526/441 771/527/441 669/521/441
f 681/523/442 784/528/442 778/526/442 676/522/442
f 1543/529/443 1562/525/443 621/524/443 728/530/443 1542/531/443
f 686/515/444 792/532/444 784/528/444 681/523/444
f 629/517/445 744/533/445 728/530/445 621/524/445
f 696/514/446 796/534/446 792/532/446 686/515/446
f 634/516/447 750/535/447 744/533/447 629/517/447
f 1359/536/431 796/534/448 696/514/431
f 638/519/449 754/537/449 750/535/449 634/516/449
f 652/520/450 766/538/450 754/537/450 638/519/450
f 669/521/451 771/527/451 766/538/451 652/520/451
f 750/535/452 831/539/452 823/540/452 744/533/452
f 1359/541/453 868/542/453 796/534/454
f 754/537/455 835/543/455 831/539/455 750/535/455
f 766/538/456 839/544/456 835/543/456 754/537/456
f 771/527/457 844/545/457 839/544/457 766/538/457
f 778/526/458 852/546/458 844/545/458 771/527/458
f 784/528/459 854/547/459 852/546/459 778/526/459
f 1540/548/460 1542/531/460 728/530/460 811/549/460 1539/550/460
f 792/532/461 863/551/461 854/547/461 784/528/461
f 744/533/462 823/540/462 811/549/462 728/530/462
f 796/534/463 868/542/463 863/551/463 792/532/463
f 852/546/464 926/552/464 916/553/464 844/545/464
f 854/547/465 928/554/465 926/552/465 852/546/465
f 1539/550/466 811/549/466 884/555/466 1541/556/466
f 863/551/467 933/557/467 928/554/467 854/547/467
f 823/540/468 889/558/468 884/555/468 811/549/468
f 868/542/469 939/559/469 933/557/469 863/551/469
f 831/539/470 895/560/470 889/558/470 823/540/470
f 1359/561/453 939/559/471 868/542/453
f 835/543/472 906/562/472 895/560/472 831/539/472
f 839/544/473 908/563/473 906/562/473 835/543/473
f 844/545/474 916/553/474 908/563/474 839/544/474
f 1359/564/475 1007/565/476 939/559/477
f 906/562/478 976/566/478 971/567/478 895/560/478
f 908/563/479 981/568/479 976/566/479 906/562/479
f 916/553/480 985/569/480 981/568/480 908/563/480
f 926/552/481 997/570/481 985/569/481 916/553/481
f 928/554/482 1001/571/482 997/570/482 926/552/482
f 1541/556/483 884/555/483 962/572/483 1538/573/483
f 933/557/484 1005/574/484 1001/571/484 928/554/484
f 889/558/485 968/575/485 962/572/485 884/555/485
f 939/559/486 1007/565/486 1005/574/486 933/557/486
f 895/560/487 971/567/487 968/575/487 889/558/487
f 1001/571/488 1056/576/488 1054/577/488 997/570/488
f 1538/573/489 962/572/489 1019/578/489 1525/579/489 1526/580/489
f 1005/574/490 1057/581/490 1056/576/490 1001/571/490
f 968/575/491 1027/582/491 1019/578/491 962/572/491
f 1007/565/492 1066/583/492 1057/581/492 1005/574/492
f 971/567/493 1033/584/493 1027/582/493 968/575/493
f 1359/585/475 1066/583/494 1007/565/476
f 976/566/495 1036/586/495 1033/584/495 971/567/495
f 981/568/496 1045/587/496 1036/586/496 976/566/496
f 985/569/497 1051/588/497 1045/587/497 981/568/497
f 997/570/498 1054/577/498 1051/588/498 985/569/498
f 1036/586/499 1097/589/499 1096/590/499 1033/584/499
f 1045/587/500 1099/591/500 1097/589/500 1036/586/500
f 1051/588/501 1101/592/501 1099/591/501 1045/587/501
f 1054/577/502 1105/593/502 1101/592/502 1051/588/502
f 1056/576/503 1109/594/503 1105/593/503 1054/577/503
f 1019/578/504 1090/595/504 1524/596/504 1525/579/504
f 1057/581/505 1114/597/505 1109/594/505 1056/576/505
f 1027/582/506 1095/598/506 1090/595/506 1019/578/506
f 1066/583/507 1117/599/507 1114/597/507 1057/581/507
f 1033/584/508 1096/590/508 1095/598/508 1027/582/508
f 1359/600/475 1117/599/509 1066/583/494
f 1109/594/510 1151/601/510 1148/602/510 1105/593/510
f 1522/603/511 1524/596/511 1090/595/511 1125/604/511 1521/605/511
f 1114/597/512 1152/606/512 1151/601/512 1109/594/512
f 1090/595/513 1095/598/513 1131/607/513 1125/604/513
f 1117/599/514 1158/608/514 1152/606/514 1114/597/514
f 1096/590/515 1133/609/515 1131/607/515 1095/598/515
f 1359/610/516 1158/608/516 1117/599/516
f 1097/589/517 1137/611/517 1133/609/517 1096/590/517
f 1099/591/518 1142/612/518 1137/611/518 1097/589/518
f 1101/592/519 1145/613/519 1142/612/519 1099/591/519
f 1105/593/520 1148/602/520 1145/613/520 1101/592/520
f 1142/612/521 1183/614/521 1179/615/521 1137/611/521
f 1145/613/522 1187/616/522 1183/614/522 1142/612/522
f 1148/602/523 1193/617/523 1187/616/523 1145/613/523
f 1151/601/524 1197/618/524 1193/617/524 1148/602/524
f 1536/619/525 1523/620/525 1521/605/525 1125/604/525 1171/621/525
f 1152/606/526 1198/622/526 1197/618/526 1151/601/526
f 1125/604/527 1131/607/527 1173/623/527 1171/621/527
f 1158/608/528 1200/624/528 1198/622/528 1152/606/528
f 1133/609/529 1175/625/529 1173/623/529 1131/607/529
f 1359/626/530 1200/624/530 1158/608/530
f 1137/611/531 1179/615/531 1175/625/531 1133/609/531
f 1198/622/532 1243/627/532 1238/628/532 1197/618/532
f 1171/621/533 1173/623/533 1217/629/533 1214/630/533
f 1200/624/534 1245/631/534 1243/627/534 1198/622/534
f 1175/625/535 1220/632/535 1217/629/535 1173/623/535
f 1359/633/536 1245/631/537 1200/624/538
f 1179/615/539 1224/634/539 1220/632/539 1175/625/539
f 1183/614/540 1226/635/540 1224/634/540 1179/615/540
f 1187/616/541 1229/636/541 1226/635/541 1183/614/541
f 1193/617/542 1234/637/542 1229/636/542 1187/616/542
f 1197/618/543 1238/628/543 1234/637/543 1193/617/543
f 1171/621/544 1214/630/544 1537/638/544 1536/619/544
f 1229/636/545 1274/639/545 1272/640/545 1226/635/545
f 1234/637/546 1276/641/546 1274/639/546 1229/636/546
f 1535/642/547 1253/643/547 1533/644/547 1534/645/547
f 1238/628/548 1277/646/548 1276/641/548 1234/637/548
f 1537/647/549 1214/630/549 1256/648/549 1253/643/549 1535/642/549
f 1243/627/550 1278/649/550 1277/646/550 1238/628/550
f 1214/630/551 1217/629/551 1260/650/551 1256/648/551
f 1245/631/552 1279/651/552 1278/649/552 1243/627/552
f 1220/632/553 1264/652/553 1260/650/553 1217/629/553
f 1359/653/536 1279/651/554 1245/631/537
f 1224/634/555 1268/654/555 1264/652/555 1220/632/555
f 1226/635/556 1272/640/556 1268/654/556 1224/634/556
f 1260/650/557 1284/655/557 1282/656/557 1256/648/557
f 1279/651/558 1300/657/558 1298/658/558 1278/649/558
f 1264/652/559 1286/659/559 1284/655/559 1260/650/559
f 1359/660/536 1300/657/560 1279/651/554
f 1268/654/561 1288/661/561 1286/659/561 1264/652/561
f 1272/640/562 1290/662/562 1288/661/562 1268/654/562
f 1274/639/563 1292/663/563 1290/662/563 1272/640/563
f 1276/641/564 1294/664/564 1292/663/564 1274/639/564
f 1533/644/565 1253/643/565 1280/665/565 1529/666/565 1528/667/565
f 1277/646/566 1296/668/566 1294/664/566 1276/641/566
f 1253/643/567 1256/648/567 1282/656/567 1280/665/567
f 1278/649/568 1298/658/568 1296/668/568 1277/646/568
f 1292/663/569 1310/669/569 1309/670/569 1290/662/569
f 1294/664/570 1312/671/570 1310/669/570 1292/663/570
f 1532/672/571 1527/673/571 1529/674/571 1280/665/571 1302/675/571
f 1296/668/572 1315/676/572 1312/671/572 1294/664/572
f 1302/675/573 1280/665/573 1282/656/573 1303/677/573
f 1298/658/574 1317/678/574 1315/676/574 1296/668/574
f 1284/655/575 1304/679/575 1303/677/575 1282/656/575
f 1300/657/576 1319/680/576 1317/678/576 1298/658/576
f 1286/659/577 1305/681/577 1304/679/577 1284/655/577
f 1359/682/578 1319/680/578 1300/657/578
f 1288/661/579 1306/683/579 1305/681/579 1286/659/579
f 1290/662/580 1309/670/580 1306/683/580 1288/661/580
f 1319/680/581 1336/684/581 1335/685/581 1317/678/581
f 1305/681/582 1327/686/582 1325/687/582 1304/679/582
f 1359/688/583 1336/684/583 1319/680/584
f 1306/683/585 1328/689/585 1327/686/585 1305/681/585
f 1309/670/586 1329/690/586 1328/689/586 1306/683/586
f 1310/669/587 1330/691/587 1329/690/587 1309/670/587
f 1312/671/588 1331/692/588 1330/691/588 1310/669/588
f 1302/675/589 1321/693/589 1531/694/589 1532/672/589
f 1315/676/590 1332/695/590 1331/692/590 1312/671/590
f 1303/677/591 1323/696/591 1321/693/591 1302/675/591
f 1317/678/592 1335/685/592 1332/695/592 1315/676/592
f 1304/679/593 1325/687/593 1323/696/593 1303/677/593
f 1339/697/594 1545/698/594 1546/699/594
f 1331/692/595 1354/700/595 1353/701/595 1330/691/595
f 1530/702/596 1531/694/596 1321/693/596 1340/703/596 1339/697/596 1546/699/596
f 1332/695/597 1355/704/597 1354/700/597 1331/692/597
f 1323/696/598 1342/705/598 1340/703/598 1321/693/598
f 1335/685/599 1356/706/599 1355/704/599 1332/695/599
f 1325/687/600 1345/707/600 1342/705/600 1323/696/600
f 1336/684/601 1357/708/601 1356/706/601 1335/685/601
f 1327/686/602 1346/709/602 1345/707/602 1325/687/602
f 1359/710/583 1357/708/603 1336/684/583
f 1328/689/604 1348/711/604 1346/709/604 1327/686/604
f 1329/690/605 1350/712/605 1348/711/605 1328/689/605
f 1330/691/606 1353/701/606 1350/712/606 1329/690/606
f 1346/709/607 1369/713/607 1367/714/607 1345/707/607
f 1359/715/608 1381/716/608 1357/708/608
f 1348/711/609 1370/717/609 1369/713/609 1346/709/609
f 1350/712/610 1373/718/610 1370/717/610 1348/711/610
f 1353/701/611 1375/719/611 1373/718/611 1350/712/611
f 1545/698/612 1339/697/612 1361/720/612 1554/721/612 1544/722/612
f 1354/700/613 1377/723/613 1375/719/613 1353/701/613
f 1340/703/614 1363/724/614 1361/720/614 1339/697/614
f 1355/704/615 1378/725/615 1377/723/615 1354/700/615
f 1342/705/616 1365/726/616 1363/724/616 1340/703/616
f 1356/706/617 1380/727/617 1378/725/617 1355/704/617
f 1345/707/618 1367/714/618 1365/726/618 1342/705/618
f 1357/708/619 1381/716/619 1380/727/619 1356/706/619
f 1377/723/620 1396/728/620 1394/729/620 1375/719/620
f 1363/724/621 1383/730/621 1382/731/621 1361/720/621
f 1378/725/622 1398/732/622 1396/728/622 1377/723/622
f 1365/726/623 1385/733/623 1383/730/623 1363/724/623
f 1380/727/624 1400/734/624 1398/732/624 1378/725/624
f 1367/714/625 1386/735/625 1385/733/625 1365/726/625
f 1381/716/626 1402/736/626 1400/734/626 1380/727/626
f 1369/713/627 1389/737/627 1386/735/627 1367/714/627
f 1359/738/628 1402/736/628 1381/716/628
f 1370/717/629 1390/739/629 1389/737/629 1369/713/629
f 1373/718/630 1392/740/630 1390/739/630 1370/717/630
f 1375/719/631 1394/729/631 1392/740/631 1373/718/631
f 1554/721/632 1361/720/632 1382/731/632 1550/741/632 1549/742/632
f 1359/743/633 1422/744/633 1402/736/633
f 1390/739/634 1412/745/634 1410/746/634 1389/737/634
f 1392/740/635 1414/747/635 1412/745/635 1390/739/635
f 1394/729/636 1416/748/636 1414/747/636 1392/740/636
f 1382/731/637 1405/749/637 1548/750/637 1550/741/637
f 1396/728/638 1417/751/638 1416/748/638 1394/729/638
f 1383/730/639 1406/752/639 1405/749/639 1382/731/639
f 1398/732/640 1419/753/640 1417/751/640 1396/728/640
f 1385/733/641 1407/754/641 1406/752/641 1383/730/641
f 1400/734/642 1421/755/642 1419/753/642 1398/732/642
f 1386/735/643 1408/756/643 1407/754/643 1385/733/643
f 1402/736/644 1422/744/644 1421/755/644 1400/734/644
f 1389/737/645 1410/746/645 1408/756/645 1386/735/645
f 1419/753/646 1432/757/646 1431/758/646 1417/751/646
f 1407/754/647 1425/759/647 1424/760/647 1406/752/647
f 1421/755/648 1433/761/648 1432/757/648 1419/753/648
f 1408/756/649 1426/762/649 1425/759/649 1407/754/649
f 1422/744/650 1434/763/650 1433/761/650 1421/755/650
f 1410/746/651 1427/764/651 1426/762/651 1408/756/651
f 1359/765/652 1434/763/652 1422/744/652
f 1412/745/653 1428/766/653 1427/764/653 1410/746/653
f 1414/747/654 1429/767/654 1428/766/654 1412/745/654
f 1416/748/655 1430/768/655 1429/767/655 1414/747/655
f 1547/769/656 1548/750/656 1405/749/656 1423/770/656 1551/771/656
f 1417/751/657 1431/758/657 1430/768/657 1416/748/657
f 1406/752/658 1424/760/658 1423/770/658 1405/749/658
f 1429/772/659 1441/773/659 1440/774/659 1428/775/659
f 1430/776/660 1442/777/660 1441/773/660 1429/772/660
f 1551/778/661 1423/779/661 1435/780/661 1553/781/661
f 1431/782/662 1443/783/662 1442/777/662 1430/776/662
f 1424/784/663 1436/785/663 1435/780/663 1423/779/663
f 1432/786/664 1444/787/664 1443/783/664 1431/782/664
f 1425/788/665 1437/789/665 1436/785/665 1424/784/665
f 1433/790/666 1445/791/666 1444/787/666 1432/786/666
f 1426/792/667 1438/793/667 1437/789/667 1425/788/667
f 1434/794/668 1446/795/668 1445/791/668 1433/790/668
f 1427/796/669 1439/797/669 1438/793/669 1426/792/669
f 1359/798/670 1446/795/670 1434/794/670
f 1428/775/671 1440/774/671 1439/797/671 1427/796/671
f 1437/789/672 1449/799/672 1448/800/672 1436/785/672
f 1445/791/673 1457/801/673 1456/802/673 1444/787/673
f 1438/793/674 1450/803/674 1449/799/674 1437/789/674
f 1446/795/675 1458/804/675 1457/801/675 1445/791/675
f 1439/797/676 1451/805/676 1450/803/676 1438/793/676
f 1359/806/677 1458/804/677 1446/795/677
f 1440/774/678 1452/807/678 1451/805/678 1439/797/678
f 1441/773/679 1453/808/679 1452/807/679 1440/774/679
f 1442/777/680 1454/809/680 1453/808/680 1441/773/680
f 1552/810/681 1553/781/681 1435/780/681 1447/811/681 1555/812/681
f 1443/783/682 1455/813/682 1454/809/682 1442/777/682
f 1436/785/683 1448/800/683 1447/811/683 1435/780/683
f 1444/787/684 1456/802/684 1455/813/684 1443/783/684
f 1453/808/685 1465/814/685 1464/815/685 1452/807/685
f 1454/809/686 1466/816/686 1465/814/686 1453/808/686
f 1555/812/687 1447/811/687 1459/817/687 1556/818/687
f 1455/813/688 1467/819/688 1466/816/688 1454/809/688
f 1448/800/689 1460/820/689 1459/817/689 1447/811/689
f 1456/802/690 1468/821/690 1467/819/690 1455/813/690
f 1449/799/691 1461/822/691 1460/820/691 1448/800/691
f 1457/801/692 1469/823/692 1468/821/692 1456/802/692
f 1450/803/693 1462/824/693 1461/822/693 1449/799/693
f 1458/804/694 1470/825/694 1469/823/694 1457/801/694
f 1451/805/695 1463/826/695 1462/824/695 1450/803/695
f 1359/827/696 1470/825/696 1458/804/696
f 1452/807/697 1464/815/697 1463/826/697 1451/805/697
f 1469/823/698 1480/828/698 1479/829/698 1468/821/698
f 1462/824/699 1473/830/699 1472/831/699 1461/822/699
f 1470/825/700 1481/832/700 1480/828/700 1469/823/700
f 1463/826/701 1474/833/701 1473/830/701 1462/824/701
f 1359/834/702 1481/832/702 1470/825/702
f 1464/815/703 1475/835/703 1474/833/703 1463/826/703
f 1465/814/704 1476/836/705 1475/835/706 1464/815/706
f 1466/816/707 1477/837/707 1476/836/705 1465/814/704
f 1556/818/708 1459/817/708 1559/838/708
f 1467/819/709 1478/839/709 1477/837/709 1466/816/709
f 1559/838/710 1459/817/710 1460/820/710 1471/840/710 1557/841/710
f 1468/821/711 1479/829/711 1478/839/711 1467/819/711
f 1461/822/712 1472/831/712 1471/840/712 1460/820/712
f 1477/837/713 1488/842/713 1487/843/713 1476/836/713
f 1478/839/714 1489/844/714 1488/842/714 1477/837/714
f 1558/845/715 1557/841/715 1471/840/715 1482/846/715 1565/847/715
f 1479/829/716 1490/848/716 1489/844/716 1478/839/716
f 1472/831/717 1483/849/717 1482/846/717 1471/840/717
f 1480/828/718 1491/850/718 1490/848/718 1479/829/718
f 1473/830/719 1484/851/719 1483/849/719 1472/831/719
f 1481/832/720 1492/852/720 1491/850/720 1480/828/720
f 1474/833/721 1485/853/721 1484/851/721 1473/830/721
f 1359/854/722 1492/852/722 1481/832/722
f 1475/835/723 1486/855/723 1485/853/723 1474/833/723
f 1476/836/724 1487/843/724 1486/855/724 1475/835/724
f 1484/851/725 1495/856/726 1494/857/727 1483/849/727
f 1492/852/728 1503/858/728 1502/859/728 1491/850/728
f 1485/853/729 1496/860/729 1495/856/726 1484/851/725
f 1359/861/730 1503/858/730 1492/852/730
f 1486/855/731 1497/862/731 1496/860/731 1485/853/731
f 1487/843/732 1498/863/732 1497/862/732 1486/855/732
f 1488/842/733 1499/864/733 1498/863/733 1487/843/733
f 1489/844/734 1500/865/734 1499/864/734 1488/842/734
f 1565/847/735 1482/846/735 1493/866/735 1564/867/735
f 1490/848/736 1501/868/736 1500/865/736 1489/844/736
f 1483/849/737 1494/857/737 1493/866/737 1482/846/737
f 1491/850/738 1502/859/738 1501/868/738 1490/848/738
f 1499/864/739 1510/869/739 1509/870/739 1498/863/739
f 1500/865/740 1511/871/740 1510/869/740 1499/864/740
f 1564/867/741 1493/866/741 1504/872/741 1566/873/741
f 1501/868/742 1512/874/742 1511/871/742 1500/865/742
f 1493/866/743 1494/857/743 1505/875/743 1504/872/743
f 1502/859/744 1513/876/744 1512/874/744 1501/868/744
f 1495/856/745 1506/877/745 1505/875/745 1494/857/745
f 1503/858/746 1514/878/746 1513/876/746 1502/859/746
f 1496/860/747 1507/879/747 1506/877/747 1495/856/747
f 1359/880/748 1514/878/748 1503/858/748
f 1497/862/749 1508/881/749 1507/879/749 1496/860/749
f 1498/863/750 1509/870/750 1508/881/750 1497/862/750
f 1514/878/751 1520/436/751 1519/439/751 1513/876/751
f 1507/879/752 21/440/752 16/443/752 1506/877/752
f 1359/882/753 1520/436/753 1514/878/753
f 1508/881/754 27/445/754 21/440/754 1507/879/754
f 1509/870/755 1516/447/755 27/445/755 1508/881/755
f 1510/869/756 35/449/756 1516/447/756 1509/870/756
f 1511/871/757 1517/451/757 35/449/757 1510/869/757
f 1567/883/758 1566/873/758 1504/872/758 7/454/758 1571/884/758
f 1512/874/759 1518/457/759 1517/451/759 1511/871/759
f 7/454/760 1504/872/760 1505/875/760 1515/459/760
f 1513/876/761 1519/439/761 1518/457/761 1512/874/761
f 1506/877/762 16/443/762 1515/459/762 1505/875/762
f 1420/436/763 88/437/763 82/438/763 1418/439/763
f 13/440/764 53/441/764 47/442/764 6/443/764
f 1118/444/765 88/437/765 1420/436/765
f 15/445/766 59/446/766 53/441/766 13/440/766
f 1411/447/767 60/448/767 59/446/767 15/445/767
f 20/449/768 62/450/768 60/448/768 1411/447/768
f 1413/451/769 70/452/769 62/450/769 20/449/769
f 1415/457/770 78/458/770 70/452/770 1413/451/770
f 1623/885/771 1618/886/771 1619/887/771 1409/459/771 40/460/771
f 1418/439/772 82/438/772 78/458/772 1415/457/772
f 1409/459/773 6/443/773 47/442/773 40/460/773
f 40/460/774 105/461/774 1625/888/774 1623/885/774
f 82/438/775 143/463/775 141/464/775 78/458/775
f 40/460/776 47/442/776 110/465/776 105/461/776
f 88/437/777 153/466/777 143/463/777 82/438/777
f 53/441/778 115/467/778 110/465/778 47/442/778
f 1118/468/779 153/466/779 88/437/779
f 59/446/780 124/469/780 115/467/780 53/441/780
f 60/448/781 128/470/781 124/469/781 59/446/781
f 62/450/782 135/471/782 128/470/782 60/448/782
f 70/452/783 137/472/783 135/471/783 62/450/783
f 78/458/784 141/464/784 137/472/784 70/452/784
f 128/470/785 187/474/785 183/475/785 124/469/785
f 135/471/786 196/476/786 187/474/786 128/470/786
f 137/472/787 205/477/787 196/476/787 135/471/787
f 141/464/788 207/479/788 205/477/788 137/472/788
f 105/461/789 1626/889/789 1624/890/789 1625/888/789
f 143/463/790 214/482/790 207/479/790 141/464/790
f 1627/891/791 1626/889/791 105/461/791 110/465/791 177/483/791
f 153/466/792 221/484/792 214/482/792 143/463/792
f 115/467/793 180/485/793 177/483/793 110/465/793
f 1118/486/794 221/484/794 153/466/794
f 124/469/795 183/475/795 180/485/795 115/467/795
f 214/482/796 278/487/796 272/488/796 207/479/796
f 1627/891/797 177/483/797 236/489/797 1621/892/797 1620/893/797
f 221/484/798 281/491/798 278/487/798 214/482/798
f 180/485/799 244/492/799 236/489/799 177/483/799
f 1118/493/800 281/491/800 221/484/800
f 183/475/801 255/494/801 244/492/801 180/485/801
f 187/474/802 259/495/802 255/494/802 183/475/802
f 196/476/803 263/496/803 259/495/803 187/474/803
f 205/477/804 268/497/804 263/496/804 196/476/804
f 207/479/805 272/488/805 268/497/805 205/477/805
f 263/496/806 331/500/806 326/501/806 259/495/806
f 268/497/807 339/502/807 331/500/807 263/496/807
f 272/488/808 343/503/808 339/502/808 268/497/808
f 278/487/809 350/508/809 343/503/809 272/488/809
f 1621/892/810 236/489/810 306/509/810 1622/894/810
f 281/491/811 352/510/811 350/508/811 278/487/811
f 244/492/812 311/511/812 306/509/812 236/489/812
f 1118/512/813 352/510/814 281/491/815
f 255/494/816 320/513/816 311/511/816 244/492/816
f 259/495/817 326/501/817 320/513/817 255/494/817
f 352/510/818 427/514/818 423/515/818 350/508/818
f 311/511/819 389/516/819 380/517/819 306/509/819
f 1118/518/813 427/514/820 352/510/814
f 320/513/821 392/519/821 389/516/821 311/511/821
f 326/501/822 396/520/822 392/519/822 320/513/822
f 331/500/823 403/521/823 396/520/823 326/501/823
f 339/502/824 408/522/824 403/521/824 331/500/824
f 343/503/825 416/523/825 408/522/825 339/502/825
f 350/508/826 423/515/826 416/523/826 343/503/826
f 1607/895/827 1622/894/827 306/509/827 380/517/827 1605/896/827
f 408/522/828 476/526/828 474/527/828 403/521/828
f 416/523/829 478/528/829 476/526/829 408/522/829
f 423/515/830 481/532/830 478/528/830 416/523/830
f 1606/897/831 1605/896/831 380/517/831 450/533/831 1608/898/831
f 427/514/832 490/534/832 481/532/832 423/515/832
f 389/516/833 455/535/833 450/533/833 380/517/833
f 1118/536/834 490/534/834 427/514/834
f 392/519/835 458/537/835 455/535/835 389/516/835
f 396/520/836 470/538/836 458/537/836 392/519/836
f 403/521/837 474/527/837 470/538/837 396/520/837
f 455/535/838 517/539/838 514/540/838 450/533/838
f 1118/541/839 549/542/839 490/534/839
f 458/537/840 522/543/840 517/539/840 455/535/840
f 470/538/841 524/544/841 522/543/841 458/537/841
f 474/527/842 530/545/842 524/544/842 470/538/842
f 476/526/843 534/546/843 530/545/843 474/527/843
f 478/528/844 543/547/845 534/546/846 476/526/844
f 481/532/847 545/551/847 543/547/847 478/528/847
f 450/533/848 514/540/848 1609/899/848 1608/898/848
f 490/534/849 549/542/849 545/551/849 481/532/849
f 534/546/850 597/552/850 594/553/850 530/545/850
f 543/547/845 598/554/851 597/552/851 534/546/846
f 1597/900/852 1596/901/852 566/555/852
f 545/551/853 608/557/854 598/554/855 543/547/853
f 1595/902/856 1609/899/856 514/540/856 570/558/856 566/555/856 1596/901/856
f 549/542/857 614/559/857 608/557/857 545/551/857
f 517/539/858 577/560/858 570/558/858 514/540/858
f 1118/561/859 614/559/859 549/542/859
f 522/543/860 588/562/860 577/560/860 517/539/860
f 524/544/861 591/563/861 588/562/861 522/543/861
f 530/545/862 594/553/862 591/563/862 524/544/862
f 1118/564/863 674/565/863 614/559/863
f 588/562/864 641/566/864 636/567/864 577/560/864
f 591/563/865 650/568/865 641/566/865 588/562/865
f 594/553/866 658/569/866 650/568/866 591/563/866
f 597/552/867 662/570/867 658/569/867 594/553/867
f 598/554/868 666/571/868 662/570/868 597/552/868
f 566/555/869 633/572/869 1598/903/869 1597/900/869
f 608/557/854 670/574/870 666/571/870 598/554/855
f 570/558/871 635/575/871 633/572/871 566/555/871
f 614/559/872 674/565/873 670/574/874 608/557/872
f 577/560/875 636/567/875 635/575/875 570/558/875
f 666/571/876 731/576/876 723/577/876 662/570/876
f 633/572/877 694/578/877 1594/904/877 1598/903/877
f 670/574/878 733/581/878 731/576/878 666/571/878
f 635/575/879 702/582/879 694/578/879 633/572/879
f 674/565/873 741/583/880 733/581/880 670/574/874
f 636/567/881 706/584/881 702/582/881 635/575/881
f 1118/585/882 741/583/883 674/565/883
f 641/566/884 708/586/884 706/584/884 636/567/884
f 650/568/885 711/587/885 708/586/885 641/566/885
f 658/569/886 719/588/886 711/587/886 650/568/886
f 662/570/887 723/577/887 719/588/887 658/569/887
f 708/586/888 772/589/888 769/590/888 706/584/888
f 711/587/889 777/591/889 772/589/889 708/586/889
f 719/588/890 779/592/890 777/591/890 711/587/890
f 723/577/891 781/593/891 779/592/891 719/588/891
f 1593/905/892 752/906/892 1592/907/892
f 731/576/893 786/594/893 781/593/893 723/577/893
f 1593/905/894 1594/904/894 694/578/894 756/595/894 752/906/894
f 733/581/895 788/597/895 786/594/895 731/576/895
f 702/582/896 765/598/896 756/595/896 694/578/896
f 741/583/897 794/599/897 788/597/897 733/581/897
f 706/584/898 769/590/898 765/598/898 702/582/898
f 1118/600/882 794/599/899 741/583/883
f 786/594/900 830/601/900 827/602/900 781/593/900
f 752/906/901 756/595/901 807/604/901 804/908/901
f 788/597/902 833/606/902 830/601/902 786/594/902
f 756/595/903 765/598/903 808/607/903 807/604/903
f 794/599/904 834/608/904 833/606/904 788/597/904
f 769/590/905 812/609/905 808/607/905 765/598/905
f 1118/610/906 834/608/906 794/599/906
f 772/589/907 817/611/907 812/609/907 769/590/907
f 777/591/908 821/612/908 817/611/908 772/589/908
f 779/592/909 825/613/909 821/612/909 777/591/909
f 781/593/910 827/602/910 825/613/910 779/592/910
f 1592/907/911 752/906/911 804/908/911 1590/909/911 1589/910/911
f 821/612/912 861/614/912 859/615/912 817/611/912
f 825/613/913 867/616/913 861/614/913 821/612/913
f 827/602/914 870/617/914 867/616/914 825/613/914
f 804/908/915 847/911/915 1588/912/915 1590/909/915
f 830/601/916 875/618/916 870/617/916 827/602/916
f 804/908/917 807/604/917 850/621/917 847/911/917
f 833/606/918 879/622/918 875/618/918 830/601/918
f 807/604/919 808/607/919 855/623/919 850/621/919
f 834/608/920 881/624/920 879/622/920 833/606/920
f 812/609/921 857/625/921 855/623/921 808/607/921
f 1118/626/922 881/624/922 834/608/922
f 817/611/923 859/615/923 857/625/923 812/609/923
f 879/622/924 921/627/924 915/628/924 875/618/924
f 855/623/925 898/629/925 893/630/925 850/621/925
f 881/624/926 925/631/926 921/627/926 879/622/926
f 857/625/927 900/632/927 898/629/927 855/623/927
f 1118/633/928 925/631/928 881/624/928
f 859/615/929 905/634/929 900/632/929 857/625/929
f 861/614/930 907/635/930 905/634/930 859/615/930
f 867/616/931 909/636/931 907/635/931 861/614/931
f 870/617/932 912/637/932 909/636/932 867/616/932
f 847/911/933 887/913/933 1591/914/933 1588/912/933
f 875/618/934 915/628/934 912/637/934 870/617/934
f 847/911/935 850/621/935 893/630/935 887/913/935
f 909/636/936 953/639/936 950/640/936 907/635/936
f 912/637/937 956/641/937 953/639/937 909/636/937
f 1576/915/938 1591/914/938 887/913/938 932/643/938 1577/916/938
f 915/628/939 959/646/939 956/641/939 912/637/939
f 893/630/940 934/648/940 932/643/940 887/913/940
f 921/627/941 960/649/941 959/646/941 915/628/941
f 898/629/942 937/650/942 934/648/942 893/630/942
f 925/631/943 965/651/943 960/649/943 921/627/943
f 900/632/944 941/652/944 937/650/944 898/629/944
f 1118/653/945 965/651/945 925/631/945
f 905/634/946 947/654/946 941/652/946 900/632/946
f 907/635/947 950/640/947 947/654/947 905/634/947
f 937/650/948 982/655/948 980/656/948 934/648/948
f 965/651/949 1008/657/949 1006/658/949 960/649/949
f 941/652/950 984/659/950 982/655/950 937/650/950
f 1118/660/951 1008/657/951 965/651/951
f 947/654/952 990/661/952 984/659/952 941/652/952
f 950/640/953 991/662/953 990/661/953 947/654/953
f 953/639/954 995/663/954 991/662/954 950/640/954
f 956/641/955 999/664/955 995/663/955 953/639/955
f 1575/917/956 1577/916/956 932/643/956 978/665/956 1587/918/956
f 959/646/957 1003/668/957 999/664/957 956/641/957
f 934/648/958 980/656/958 978/665/958 932/643/958
f 960/649/959 1006/658/959 1003/668/959 959/646/959
f 995/663/960 1039/669/960 1034/670/960 991/662/960
f 999/664/961 1040/671/961 1039/669/961 995/663/961
f 978/665/962 1021/675/962 1586/919/962 1587/920/962
f 1003/668/963 1043/676/964 1040/671/965 999/664/965
f 1021/675/966 978/665/966 980/656/966 1025/677/966
f 1006/658/967 1049/678/967 1043/676/964 1003/668/963
f 982/655/968 1028/679/968 1025/677/968 980/656/968
f 1008/657/969 1053/680/969 1049/678/969 1006/658/969
f 984/659/970 1031/681/970 1028/679/970 982/655/970
f 1118/682/971 1053/680/971 1008/657/971
f 990/661/972 1032/683/972 1031/681/972 984/659/972
f 991/662/973 1034/670/973 1032/683/973 990/661/973
f 1053/680/974 1093/684/974 1092/685/974 1049/678/974
f 1031/681/975 1072/686/975 1068/687/975 1028/679/975
f 1118/688/976 1093/684/976 1053/680/976
f 1032/683/977 1076/689/977 1072/686/977 1031/681/977
f 1034/670/978 1077/690/978 1076/689/978 1032/683/978
f 1039/669/979 1079/691/979 1077/690/979 1034/670/979
f 1040/671/980 1082/692/980 1079/691/980 1039/669/980
f 1585/921/981 1586/919/981 1021/675/981 1060/693/981 1581/922/981 1582/923/981
f 1043/676/982 1086/695/982 1082/692/982 1040/671/982
f 1060/693/983 1021/675/983 1025/677/983 1063/696/983
f 1049/678/984 1092/685/984 1086/695/984 1043/676/984
f 1028/679/985 1068/687/985 1063/696/985 1025/677/985
f 1082/692/986 1111/700/986 1110/701/986 1079/691/986
f 1581/922/987 1060/693/987 1098/703/987 1580/924/987
f 1086/695/988 1113/704/988 1111/700/988 1082/692/988
f 1098/703/989 1060/693/989 1063/696/989 1100/705/989
f 1092/685/990 1115/706/990 1113/704/990 1086/695/990
f 1068/687/991 1102/707/991 1100/705/991 1063/696/991
f 1093/684/992 1116/708/992 1115/706/992 1092/685/992
f 1072/686/993 1104/709/993 1102/707/993 1068/687/993
f 1118/710/994 1116/708/994 1093/684/994
f 1076/689/995 1106/711/995 1104/709/995 1072/686/995
f 1077/690/996 1108/712/996 1106/711/996 1076/689/996
f 1079/691/997 1110/701/997 1108/712/997 1077/690/997
f 1104/709/998 1130/713/998 1128/714/998 1102/707/998
f 1118/715/999 1144/716/999 1116/708/999
f 1106/711/1000 1132/717/1000 1130/713/1000 1104/709/1000
f 1108/712/1001 1134/718/1001 1132/717/1001 1106/711/1001
f 1110/701/1002 1136/719/1002 1134/718/1002 1108/712/1002
f 1111/700/1003 1139/723/1003 1136/719/1003 1110/701/1003
f 1580/924/1004 1098/703/1004 1124/724/1004 1579/925/1004
f 1113/704/1005 1141/725/1005 1139/723/1005 1111/700/1005
f 1100/705/1006 1126/726/1006 1124/724/1006 1098/703/1006
f 1115/706/1007 1143/727/1007 1141/725/1007 1113/704/1007
f 1102/707/1008 1128/714/1008 1126/726/1008 1100/705/1008
f 1116/708/1009 1144/716/1010 1143/727/1010 1115/706/1009
f 1139/723/1011 1165/728/1011 1163/729/1011 1136/719/1011
f 1578/926/1012 1579/925/1012 1124/724/1012 1150/730/1012 1583/927/1012
f 1141/725/1013 1167/732/1013 1165/728/1013 1139/723/1013
f 1126/726/1014 1153/733/1014 1150/730/1014 1124/724/1014
f 1143/727/1015 1169/734/1015 1167/732/1015 1141/725/1015
f 1128/714/1016 1154/735/1016 1153/733/1016 1126/726/1016
f 1144/716/1010 1170/736/1017 1169/734/1017 1143/727/1010
f 1130/713/1018 1157/737/1018 1154/735/1018 1128/714/1018
f 1118/738/1019 1170/736/1019 1144/716/1019
f 1132/717/1020 1159/739/1020 1157/737/1020 1130/713/1020
f 1134/718/1021 1161/740/1021 1159/739/1021 1132/717/1021
f 1136/719/1022 1163/729/1022 1161/740/1022 1134/718/1022
f 1118/743/1023 1196/744/1023 1170/736/1023
f 1159/739/1024 1184/745/1024 1182/746/1024 1157/737/1024
f 1161/740/1025 1186/747/1025 1184/745/1025 1159/739/1025
f 1163/729/1026 1188/748/1026 1186/747/1026 1161/740/1026
f 1165/728/1027 1190/751/1027 1188/748/1027 1163/729/1027
f 1584/928/1028 1583/927/1028 1150/730/1028 1177/752/1028 1601/929/1028
f 1167/732/1029 1192/753/1029 1190/751/1029 1165/728/1029
f 1153/733/1030 1178/754/1030 1177/752/1030 1150/730/1030
f 1169/734/1031 1195/755/1031 1192/753/1031 1167/732/1031
f 1154/735/1032 1180/756/1032 1178/754/1032 1153/733/1032
f 1170/736/1033 1196/744/1033 1195/755/1033 1169/734/1033
f 1157/737/1034 1182/746/1034 1180/756/1034 1154/735/1034
f 1192/753/1035 1218/757/1035 1216/758/1035 1190/751/1035
f 1178/754/1036 1205/759/1036 1203/760/1036 1177/752/1036
f 1195/755/1037 1221/761/1037 1218/757/1037 1192/753/1037
f 1180/756/1038 1207/762/1038 1205/759/1038 1178/754/1038
f 1196/744/1039 1222/763/1040 1221/761/1041 1195/755/1039
f 1182/746/1042 1208/764/1042 1207/762/1042 1180/756/1042
f 1118/765/1043 1222/763/1043 1196/744/1043
f 1184/745/1044 1210/766/1044 1208/764/1044 1182/746/1044
f 1186/747/1045 1213/767/1045 1210/766/1045 1184/745/1045
f 1188/748/1046 1215/768/1046 1213/767/1046 1186/747/1046
f 1190/751/1047 1216/758/1047 1215/768/1047 1188/748/1047
f 1601/929/1048 1177/752/1048 1203/760/1048 1600/930/1048
f 1213/772/1049 1239/773/1049 1237/774/1049 1210/775/1049
f 1215/776/1050 1241/777/1050 1239/773/1050 1213/772/1050
f 1216/782/1051 1242/783/1051 1241/777/1051 1215/776/1051
f 1203/784/1052 1228/785/1052 1599/931/1052 1600/932/1052
f 1218/786/1053 1244/787/1053 1242/783/1053 1216/782/1053
f 1205/788/1054 1230/789/1054 1228/785/1054 1203/784/1054
f 1221/790/1055 1246/791/1055 1244/787/1055 1218/786/1055
f 1207/792/1056 1232/793/1056 1230/789/1056 1205/788/1056
f 1222/794/1040 1248/795/1040 1246/791/1040 1221/790/1041
f 1208/796/1057 1235/797/1057 1232/793/1057 1207/792/1057
f 1118/798/1058 1248/795/1059 1222/794/1060
f 1210/775/1061 1237/774/1061 1235/797/1061 1208/796/1061
f 1230/789/1062 1257/799/1062 1255/800/1062 1228/785/1062
f 1246/791/1063 1273/801/1063 1270/802/1063 1244/787/1063
f 1232/793/1064 1259/803/1064 1257/799/1064 1230/789/1064
f 1248/795/1065 1275/804/1065 1273/801/1065 1246/791/1065
f 1235/797/1066 1261/805/1066 1259/803/1066 1232/793/1066
f 1118/806/1058 1275/804/1067 1248/795/1059
f 1237/774/1068 1262/807/1068 1261/805/1068 1235/797/1068
f 1239/773/1069 1265/808/1069 1262/807/1069 1237/774/1069
f 1241/777/1070 1266/809/1070 1265/808/1070 1239/773/1070
f 1242/783/1071 1269/813/1071 1266/809/1071 1241/777/1071
f 1602/933/1072 1599/931/1072 1228/785/1072 1255/800/1072 1604/934/1072
f 1244/787/1073 1270/802/1073 1269/813/1073 1242/783/1073
f 1265/808/1074 1291/814/1074 1289/815/1074 1262/807/1074
f 1266/809/1075 1293/816/1075 1291/814/1075 1265/808/1075
f 1269/813/1076 1295/819/1076 1293/816/1076 1266/809/1076
f 1603/935/1077 1604/934/1077 1255/800/1077 1281/820/1077 1611/936/1077 1610/937/1077
f 1270/802/1078 1297/821/1078 1295/819/1078 1269/813/1078
f 1257/799/1079 1283/822/1079 1281/820/1079 1255/800/1079
f 1273/801/1080 1299/823/1080 1297/821/1080 1270/802/1080
f 1259/803/1081 1285/824/1081 1283/822/1081 1257/799/1081
f 1275/804/1082 1301/825/1082 1299/823/1082 1273/801/1082
f 1261/805/1083 1287/826/1083 1285/824/1083 1259/803/1083
f 1118/827/1058 1301/825/1084 1275/804/1067
f 1262/807/1085 1289/815/1085 1287/826/1085 1261/805/1085
f 1299/823/1086 1324/828/1086 1322/829/1086 1297/821/1086
f 1285/824/1087 1311/830/1087 1308/831/1087 1283/822/1087
f 1301/825/1088 1326/832/1088 1324/828/1088 1299/823/1088
f 1287/826/1089 1313/833/1089 1311/830/1089 1285/824/1089
f 1118/834/1090 1326/832/1090 1301/825/1090
f 1289/815/1091 1314/835/1091 1313/833/1091 1287/826/1091
f 1291/814/1092 1316/836/1092 1314/835/1092 1289/815/1092
f 1293/816/1093 1318/837/1093 1316/836/1093 1291/814/1093
f 1295/819/1094 1320/839/1094 1318/837/1094 1293/816/1094
f 1611/936/1095 1281/820/1095 1307/840/1095 1614/938/1095
f 1297/821/1096 1322/829/1096 1320/839/1096 1295/819/1096
f 1283/822/1097 1308/831/1097 1307/840/1097 1281/820/1097
f 1318/837/1098 1344/842/1098 1343/843/1098 1316/836/1098
f 1320/839/1099 1347/844/1099 1344/842/1099 1318/837/1099
f 1614/938/1100 1307/840/1100 1333/846/1100 1612/939/1100
f 1322/829/1101 1349/848/1101 1347/844/1101 1320/839/1101
f 1307/840/1102 1308/831/1102 1334/849/1102 1333/846/1102
f 1324/828/1103 1351/850/1103 1349/848/1103 1322/829/1103
f 1311/830/1104 1337/851/1104 1334/849/1104 1308/831/1104
f 1326/832/1105 1352/852/1105 1351/850/1105 1324/828/1105
f 1313/833/1106 1338/853/1106 1337/851/1106 1311/830/1106
f 1118/854/1107 1352/852/1107 1326/832/1107
f 1314/835/1108 1341/855/1108 1338/853/1108 1313/833/1108
f 1316/836/1109 1343/843/1109 1341/855/1109 1314/835/1109
f 1337/851/1110 1362/856/1110 1360/857/1110 1334/849/1110
f 1352/852/1111 1379/858/1111 1376/859/1111 1351/850/1111
f 1338/853/1112 1364/860/1112 1362/856/1112 1337/851/1112
f 1118/861/1113 1379/858/1113 1352/852/1113
f 1341/855/1114 1366/862/1114 1364/860/1114 1338/853/1114
f 1343/843/1115 1368/863/1115 1366/862/1115 1341/855/1115
f 1344/842/1116 1371/864/1116 1368/863/1116 1343/843/1116
f 1347/844/1117 1372/865/1117 1371/864/1117 1344/842/1117
f 1613/940/1118 1612/939/1118 1333/846/1118 1358/866/1118 1615/941/1118
f 1349/848/1119 1374/868/1119 1372/865/1119 1347/844/1119
f 1333/846/1120 1334/849/1120 1360/857/1120 1358/866/1120
f 1351/850/1121 1376/859/1121 1374/868/1121 1349/848/1121
f 1371/864/1122 1397/869/1122 1395/870/1122 1368/863/1122
f 1372/865/1123 1399/871/1123 1397/869/1123 1371/864/1123
f 1615/941/1124 1358/866/1124 1384/872/1124 1616/942/1124
f 1374/868/1125 1401/874/1125 1399/871/1125 1372/865/1125
f 1358/866/1126 1360/857/1126 1387/875/1126 1384/872/1126
f 1376/859/1127 1403/876/1127 1401/874/1127 1374/868/1127
f 1362/856/1128 1388/877/1128 1387/875/1128 1360/857/1128
f 1379/858/1129 1404/878/1129 1403/876/1129 1376/859/1129
f 1364/860/1130 1391/879/1130 1388/877/1130 1362/856/1130
f 1118/880/1131 1404/878/1131 1379/858/1131
f 1366/862/1132 1393/881/1132 1391/879/1132 1364/860/1132
f 1368/863/1133 1395/870/1133 1393/881/1133 1366/862/1133
f 1404/878/1134 1420/436/1134 1418/439/1134 1403/876/1134
f 1391/879/1135 13/440/1135 6/443/1135 1388/877/1135
f 1118/882/1136 1420/436/1136 1404/878/1136
f 1393/881/1137 15/445/1137 13/440/1137 1391/879/1137
f 1395/870/1138 1411/447/1138 15/445/1138 1393/881/1138
f 1397/869/1139 20/449/1139 1411/447/1139 1395/870/1139
f 1399/871/1140 1413/451/1140 20/449/1140 1397/869/1140
f 1616/942/1141 1384/872/1141 1617/943/1141
f 1401/874/1142 1415/457/1142 1413/451/1142 1399/871/1142
f 1619/887/1143 1617/943/1143 1384/872/1143 1387/875/1143 1409/459/1143
f 1403/876/1144 1418/439/1144 1415/457/1144 1401/874/1144
f 1387/875/1145 1388/877/1145 6/443/1145 1409/459/1145
f 1091/436/1146 56/437/1146 52/438/1146 1089/439/1146
f 9/440/1147 33/441/1148 29/442/1149 3/443/1149
f 803/444/1150 56/437/1150 1091/436/1150
f 12/445/1151 36/446/1151 33/441/1148 9/440/1147
f 1083/447/1152 38/448/1152 36/446/1152 12/445/1152
f 14/449/1153 39/450/1153 38/448/1153 1083/447/1153
f 1085/451/1154 43/452/1154 39/450/1154 14/449/1154
f 1087/457/1155 45/458/1155 43/452/1155 1085/451/1155
f 1081/459/1156 25/460/1156 1680/944/1156 1679/945/1156
f 1089/439/1157 52/438/1157 45/458/1157 1087/457/1157
f 3/443/1158 29/442/1158 25/460/1158 1081/459/1158
f 1674/946/1159 1680/944/1159 25/460/1159 63/461/1159 1673/947/1159 1672/948/1159
f 52/438/1160 89/463/1160 87/464/1160 45/458/1160
f 29/442/1161 68/465/1161 63/461/1161 25/460/1161
f 56/437/1162 94/466/1162 89/463/1162 52/438/1162
f 33/441/1163 72/467/1163 68/465/1163 29/442/1163
f 803/468/1164 94/466/1165 56/437/1165
f 36/446/1166 76/469/1166 72/467/1166 33/441/1166
f 38/448/1167 80/470/1167 76/469/1167 36/446/1167
f 39/450/1168 83/471/1168 80/470/1168 38/448/1168
f 43/452/1169 85/472/1169 83/471/1169 39/450/1169
f 45/458/1170 87/464/1170 85/472/1170 43/452/1170
f 80/470/1171 117/474/1171 113/475/1171 76/469/1171
f 83/471/1172 120/476/1172 117/474/1172 80/470/1172
f 85/472/1173 125/477/1173 120/476/1173 83/471/1173
f 87/464/1174 129/479/1174 125/477/1174 85/472/1174
f 1668/949/1175 1673/947/1175 63/461/1175 107/480/1175 1667/950/1175
f 89/463/1176 132/482/1176 129/479/1176 87/464/1176
f 68/465/1177 108/483/1177 107/480/1177 63/461/1177
f 94/466/1178 134/484/1178 132/482/1178 89/463/1178
f 72/467/1179 111/485/1179 108/483/1179 68/465/1179
f 803/486/1164 134/484/1180 94/466/1165
f 76/469/1181 113/475/1181 111/485/1181 72/467/1181
f 132/482/1182 171/487/1182 167/488/1182 129/479/1182
f 108/483/1183 147/489/1183 145/490/1183 107/480/1183
f 134/484/1184 175/491/1184 171/487/1184 132/482/1184
f 111/485/1185 150/492/1185 147/489/1185 108/483/1185
f 803/493/1186 175/491/1186 134/484/1187
f 113/475/1188 156/494/1188 150/492/1188 111/485/1188
f 117/474/1189 157/495/1189 156/494/1189 113/475/1189
f 120/476/1190 160/496/1190 157/495/1190 117/474/1190
f 125/477/1191 162/497/1191 160/496/1191 120/476/1191
f 129/479/1192 167/488/1192 162/497/1192 125/477/1192
f 1662/951/1193 1667/950/1193 107/480/1193 145/490/1193 1660/952/1193
f 160/496/1194 204/500/1194 198/501/1194 157/495/1194
f 162/497/1195 206/502/1195 204/500/1195 160/496/1195
f 1664/953/1196 1663/954/1196 182/955/1196
f 167/488/1197 208/503/1197 206/502/1197 162/497/1197
f 1660/952/1198 145/490/1198 185/504/1198 182/955/1198 1663/954/1198 1661/956/1198
f 171/487/1199 210/508/1199 208/503/1199 167/488/1199
f 147/489/1200 189/509/1200 185/504/1200 145/490/1200
f 175/491/1201 213/510/1201 210/508/1201 171/487/1201
f 150/492/1202 193/511/1202 189/509/1202 147/489/1202
f 803/512/1186 213/510/1203 175/491/1186
f 156/494/1204 194/513/1204 193/511/1204 150/492/1204
f 157/495/1205 198/501/1205 194/513/1205 156/494/1205
f 213/510/1206 256/514/1206 254/515/1206 210/508/1206
f 193/511/1207 234/516/1207 231/517/1207 189/509/1207
f 803/518/1208 256/514/1208 213/510/1208
f 194/513/1209 239/519/1209 234/516/1209 193/511/1209
f 198/501/1210 243/520/1210 239/519/1210 194/513/1210
f 204/500/1211 246/521/1211 243/520/1211 198/501/1211
f 206/502/1212 248/522/1212 246/521/1213 204/500/1213
f 1664/953/1214 182/955/1214 228/957/1214 1652/958/1214 1651/959/1214
f 208/503/1215 253/523/1215 248/522/1212 206/502/1212
f 185/504/1216 229/524/1216 228/957/1216 182/955/1216
f 210/508/1217 254/515/1217 253/523/1217 208/503/1217
f 189/509/1218 231/517/1218 229/524/1218 185/504/1218
f 248/522/1219 289/526/1219 285/527/1219 246/521/1219
f 228/957/1220 266/960/1220 1653/961/1220 1652/958/1220
f 253/523/1221 292/528/1221 289/526/1221 248/522/1221
f 229/524/1222 270/530/1222 266/960/1222 228/957/1222
f 254/515/1223 299/532/1223 292/528/1223 253/523/1223
f 231/517/1224 274/533/1224 270/530/1224 229/524/1224
f 256/514/1225 300/534/1225 299/532/1225 254/515/1225
f 234/516/1226 277/535/1226 274/533/1226 231/517/1226
f 803/536/1227 300/534/1227 256/514/1227
f 239/519/1228 279/537/1228 277/535/1228 234/516/1228
f 243/520/1229 283/538/1229 279/537/1229 239/519/1229
f 246/521/1230 285/527/1230 283/538/1230 243/520/1230
f 277/535/1231 322/539/1231 317/540/1231 274/533/1231
f 803/541/1232 345/542/1232 300/534/1232
f 279/537/1233 325/543/1233 322/539/1233 277/535/1233
f 283/538/1234 327/544/1234 325/543/1234 279/537/1234
f 285/527/1235 328/545/1235 327/544/1235 283/538/1235
f 289/526/1236 333/546/1236 328/545/1236 285/527/1236
f 1653/961/1237 266/960/1237 309/962/1237 1649/963/1237 1650/964/1237
f 292/528/1238 335/547/1238 333/546/1238 289/526/1238
f 270/530/1239 313/549/1239 309/962/1239 266/960/1239
f 299/532/1240 341/551/1240 335/547/1240 292/528/1240
f 274/533/1241 317/540/1241 313/549/1241 270/530/1241
f 300/534/1242 345/542/1242 341/551/1242 299/532/1242
f 333/546/1243 376/552/1243 375/553/1243 328/545/1243
f 309/962/1244 353/965/1244 1648/966/1244 1649/963/1244
f 335/547/1245 379/554/1245 376/552/1245 333/546/1245
f 313/549/1246 354/555/1246 353/965/1246 309/962/1246
f 341/551/1247 382/557/1247 379/554/1247 335/547/1247
f 317/540/1248 357/558/1248 354/555/1248 313/549/1248
f 345/542/1249 387/559/1249 382/557/1249 341/551/1249
f 322/539/1250 362/560/1250 357/558/1250 317/540/1250
f 803/561/1251 387/559/1251 345/542/1251
f 325/543/1252 366/562/1252 362/560/1252 322/539/1252
f 327/544/1253 370/563/1253 366/562/1253 325/543/1253
f 328/545/1254 375/553/1254 370/563/1254 327/544/1254
f 803/564/1255 428/565/1255 387/559/1255
f 366/562/1256 410/566/1256 405/567/1256 362/560/1256
f 370/563/1257 412/568/1257 410/566/1257 366/562/1257
f 375/553/1258 418/569/1258 412/568/1258 370/563/1258
f 376/552/1259 420/570/1259 418/569/1259 375/553/1259
f 1648/966/1260 353/965/1260 398/967/1260 1646/968/1260 1645/969/1260
f 379/554/1261 424/571/1261 420/570/1261 376/552/1261
f 354/555/1262 400/572/1262 398/967/1262 353/965/1262
f 382/557/1263 426/574/1263 424/571/1263 379/554/1263
f 357/558/1264 402/575/1264 400/572/1264 354/555/1264
f 387/559/1265 428/565/1265 426/574/1265 382/557/1265
f 362/560/1266 405/567/1266 402/575/1266 357/558/1266
f 1646/968/1267 398/967/1267 438/970/1267 1647/971/1267
f 424/571/1268 465/576/1268 463/577/1268 420/570/1268
f 400/572/1269 444/578/1269 438/970/1269 398/967/1269
f 426/574/1270 469/581/1270 465/576/1270 424/571/1270
f 402/575/1271 447/582/1271 444/578/1271 400/572/1271
f 428/565/1272 473/583/1272 469/581/1272 426/574/1272
f 405/567/1273 449/584/1273 447/582/1273 402/575/1273
f 803/585/1274 473/583/1274 428/565/1274
f 410/566/1275 451/586/1275 449/584/1275 405/567/1275
f 412/568/1276 453/587/1276 451/586/1276 410/566/1276
f 418/569/1277 457/588/1277 453/587/1277 412/568/1277
f 420/570/1278 463/577/1278 457/588/1278 418/569/1278
f 451/586/1279 494/589/1279 491/590/1279 449/584/1279
f 453/587/1280 496/591/1280 494/589/1280 451/586/1280
f 457/588/1281 499/592/1281 496/591/1281 453/587/1281
f 463/577/1282 500/593/1282 499/592/1282 457/588/1282
f 1647/971/1283 438/970/1283 479/906/1283 1644/972/1283
f 465/576/1284 503/594/1284 500/593/1284 463/577/1284
f 444/578/1285 483/595/1285 479/906/1285 438/970/1285
f 469/581/1286 506/597/1286 503/594/1286 465/576/1286
f 447/582/1287 487/598/1287 483/595/1287 444/578/1287
f 473/583/1288 509/599/1288 506/597/1288 469/581/1288
f 449/584/1289 491/590/1289 487/598/1289 447/582/1289
f 803/600/1290 509/599/1290 473/583/1290
f 503/594/1291 546/601/1291 544/602/1291 500/593/1291
f 479/906/1292 483/595/1292 523/604/1292 521/908/1292
f 506/597/1293 548/606/1293 546/601/1293 503/594/1293
f 487/598/1294 525/607/1294 523/604/1294 483/595/1294
f 509/599/1295 551/608/1295 548/606/1295 506/597/1295
f 491/590/1296 529/609/1296 525/607/1296 487/598/1296
f 803/610/1297 551/608/1297 509/599/1297
f 494/589/1298 533/611/1298 529/609/1298 491/590/1298
f 496/591/1299 536/612/1299 533/611/1299 494/589/1299
f 499/592/1300 538/613/1300 536/612/1300 496/591/1300
f 500/593/1301 544/602/1301 538/613/1301 499/592/1301
f 1642/973/1302 1644/972/1302 479/906/1302 521/908/1302 1641/974/1302
f 536/612/1303 571/614/1303 569/615/1303 533/611/1303
f 538/613/1304 574/616/1304 571/614/1304 536/612/1304
f 544/602/1305 578/617/1305 574/616/1305 538/613/1305
f 1641/974/1306 521/908/1306 1643/975/1306
f 546/601/1307 582/618/1307 578/617/1307 544/602/1307
f 1643/975/1308 521/908/1308 523/604/1308 560/621/1308 1640/976/1308
f 548/606/1309 587/622/1309 582/618/1309 546/601/1309
f 525/607/1310 565/623/1310 560/621/1310 523/604/1310
f 551/608/1311 590/624/1311 587/622/1311 548/606/1311
f 529/609/1312 567/625/1312 565/623/1312 525/607/1312
f 803/626/1313 590/624/1313 551/608/1313
f 533/611/1314 569/615/1314 567/625/1314 529/609/1314
f 587/622/1315 622/627/1315 617/628/1315 582/618/1315
f 565/623/1316 604/629/1316 601/630/1316 560/621/1316
f 590/624/1317 626/631/1317 622/627/1317 587/622/1317
f 567/625/1318 606/632/1318 604/629/1318 565/623/1318
f 803/633/1319 626/631/1319 590/624/1319
f 569/615/1320 610/634/1320 606/632/1320 567/625/1320
f 571/614/1321 612/635/1321 610/634/1321 569/615/1321
f 574/616/1322 613/636/1322 612/635/1322 571/614/1322
f 578/617/1323 615/637/1323 613/636/1323 574/616/1323
f 582/618/1324 617/628/1324 615/637/1324 578/617/1324
f 560/621/1325 601/630/1325 1639/977/1325 1640/976/1325
f 613/636/1326 655/639/1326 649/640/1326 612/635/1326
f 615/637/1327 656/641/1327 655/639/1327 613/636/1327
f 617/628/1328 659/646/1328 656/641/1328 615/637/1328
f 601/630/1329 637/648/1329 1638/978/1329 1639/979/1329
f 622/627/1330 661/649/1330 659/646/1330 617/628/1330
f 604/629/1331 639/650/1331 637/648/1331 601/630/1331
f 626/631/1332 665/651/1332 661/649/1332 622/627/1332
f 606/632/1333 642/652/1333 639/650/1333 604/629/1333
f 803/653/1334 665/651/1334 626/631/1334
f 610/634/1335 647/654/1335 642/652/1335 606/632/1335
f 612/635/1336 649/640/1336 647/654/1336 610/634/1336
f 639/650/1337 680/655/1337 678/656/1337 637/648/1337
f 665/651/1338 705/657/1338 701/658/1338 661/649/1338
f 642/652/1339 682/659/1339 680/655/1339 639/650/1339
f 803/660/1334 705/657/1334 665/651/1334
f 647/654/1340 684/661/1340 682/659/1340 642/652/1340
f 649/640/1341 685/662/1341 684/661/1341 647/654/1341
f 655/639/1342 689/663/1342 685/662/1342 649/640/1342
f 656/641/1343 693/664/1343 689/663/1343 655/639/1343
f 659/646/1344 698/668/1344 693/664/1344 656/641/1344
f 637/648/1345 678/656/1345 1637/980/1345 1638/978/1345
f 661/649/1346 701/658/1346 698/668/1346 659/646/1346
f 689/663/1347 730/669/1347 729/670/1347 685/662/1347
f 693/664/1348 732/671/1348 730/669/1348 689/663/1348
f 698/668/1349 737/676/1349 732/671/1349 693/664/1349
f 1637/980/1350 678/656/1350 712/677/1350 1635/981/1350 1636/982/1350
f 701/658/1351 739/678/1351 737/676/1351 698/668/1351
f 680/655/1352 716/679/1352 712/677/1352 678/656/1352
f 705/657/1353 742/680/1353 739/678/1353 701/658/1353
f 682/659/1354 721/681/1354 716/679/1354 680/655/1354
f 803/682/1355 742/680/1355 705/657/1355
f 684/661/1356 727/683/1356 721/681/1356 682/659/1356
f 685/662/1357 729/670/1357 727/683/1357 684/661/1357
f 742/680/1358 776/684/1358 774/685/1358 739/678/1358
f 721/681/1359 762/686/1359 757/687/1359 716/679/1359
f 803/688/1360 776/684/1360 742/680/1360
f 727/683/1361 763/689/1361 762/686/1361 721/681/1361
f 729/670/1362 767/690/1362 763/689/1362 727/683/1362
f 730/669/1363 768/691/1363 767/690/1363 729/670/1363
f 732/671/1364 770/692/1364 768/691/1364 730/669/1364
f 737/676/1365 773/695/1365 770/692/1365 732/671/1365
f 1635/981/1366 712/677/1366 753/696/1366 1630/983/1366 1631/984/1366
f 739/678/1367 774/685/1367 773/695/1367 737/676/1367
f 753/696/1368 712/677/1368 716/679/1368 757/687/1368
f 770/692/1369 795/700/1369 793/701/1369 768/691/1369
f 773/695/1370 797/704/1370 795/700/1370 770/692/1370
f 753/696/1371 783/705/1371 1629/985/1371 1630/983/1371
f 774/685/1372 799/706/1372 797/704/1372 773/695/1372
f 783/705/1373 753/696/1373 757/687/1374 785/707/1375
f 776/684/1376 801/708/1376 799/706/1376 774/685/1376
f 762/686/1377 787/709/1377 785/707/1375 757/687/1374
f 803/710/1378 801/708/1378 776/684/1378
f 763/689/1379 789/711/1379 787/709/1379 762/686/1379
f 767/690/1380 791/712/1380 789/711/1380 763/689/1380
f 768/691/1381 793/701/1381 791/712/1381 767/690/1381
f 787/709/1382 814/713/1382 813/714/1382 785/707/1382
f 803/715/1383 828/716/1383 801/708/1384
f 789/711/1385 816/717/1385 814/713/1385 787/709/1385
f 791/712/1386 818/718/1386 816/717/1386 789/711/1386
f 793/701/1387 820/719/1387 818/718/1387 791/712/1387
f 795/700/1388 822/723/1388 820/719/1388 793/701/1388
f 797/704/1389 824/725/1389 822/723/1389 795/700/1389
f 1629/985/1390 783/705/1390 810/726/1390 1633/986/1390 1628/987/1390
f 799/706/1391 826/727/1391 824/725/1391 797/704/1391
f 785/707/1392 813/714/1392 810/726/1392 783/705/1392
f 801/708/1393 828/716/1393 826/727/1393 799/706/1393
f 822/723/1394 848/728/1394 845/729/1394 820/719/1394
f 824/725/1395 849/732/1395 848/728/1395 822/723/1395
f 1633/986/1396 810/726/1396 836/733/1396 1634/988/1396
f 826/727/1397 851/734/1397 849/732/1397 824/725/1397
f 813/714/1398 838/735/1398 836/733/1398 810/726/1398
f 828/716/1399 853/736/1399 851/734/1399 826/727/1399
f 814/713/1400 840/737/1400 838/735/1400 813/714/1400
f 803/738/1383 853/736/1401 828/716/1383
f 816/717/1402 841/739/1402 840/737/1402 814/713/1402
f 818/718/1403 843/740/1403 841/739/1403 816/717/1403
f 820/719/1404 845/729/1404 843/740/1404 818/718/1404
f 803/743/1405 878/744/1406 853/736/1407
f 841/739/1408 866/745/1408 864/746/1408 840/737/1408
f 843/740/1409 869/747/1409 866/745/1409 841/739/1409
f 845/729/1410 871/748/1410 869/747/1410 843/740/1410
f 848/728/1411 873/751/1411 871/748/1411 845/729/1411
f 849/732/1412 874/753/1412 873/751/1412 848/728/1412
f 1632/989/1413 1634/988/1413 836/733/1413 860/754/1413 1656/990/1413
f 851/734/1414 877/755/1414 874/753/1414 849/732/1414
f 838/735/1415 862/756/1415 860/754/1415 836/733/1415
f 853/736/1416 878/744/1416 877/755/1416 851/734/1416
f 840/737/1417 864/746/1417 862/756/1417 838/735/1417
f 874/753/1418 899/757/1418 897/758/1418 873/751/1418
f 1656/990/1419 860/754/1419 886/759/1419 1654/991/1419
f 877/755/1420 901/761/1420 899/757/1420 874/753/1420
f 862/756/1421 888/762/1421 886/759/1421 860/754/1421
f 878/744/1422 904/763/1422 901/761/1422 877/755/1422
f 864/746/1423 890/764/1423 888/762/1423 862/756/1423
f 803/765/1405 904/763/1424 878/744/1406
f 866/745/1425 891/766/1425 890/764/1425 864/746/1425
f 869/747/1426 894/767/1426 891/766/1426 866/745/1426
f 871/748/1427 896/768/1427 894/767/1427 869/747/1427
f 873/751/1428 897/758/1428 896/768/1428 871/748/1428
f 894/772/1429 918/773/1429 917/774/1429 891/775/1429
f 896/776/1430 920/777/1430 918/773/1430 894/772/1430
f 897/782/1431 922/783/1431 920/777/1431 896/776/1431
f 899/786/1432 924/787/1432 922/783/1432 897/782/1432
f 1655/992/1433 1654/993/1433 886/788/1433 910/789/1433 1659/994/1433
f 901/790/1434 927/791/1434 924/787/1434 899/786/1434
f 888/792/1435 913/793/1435 910/789/1435 886/788/1435
f 904/794/1436 929/795/1436 927/791/1436 901/790/1436
f 890/796/1437 914/797/1437 913/793/1437 888/792/1437
f 803/798/1405 929/795/1438 904/794/1424
f 891/775/1439 917/774/1439 914/797/1439 890/796/1439
f 1659/994/1440 910/789/1440 935/799/1440 1657/995/1440
f 927/791/1441 952/801/1441 949/802/1441 924/787/1441
f 913/793/1442 938/803/1442 935/799/1442 910/789/1442
f 929/795/1443 954/804/1443 952/801/1443 927/791/1443
f 914/797/1444 940/805/1444 938/803/1444 913/793/1444
f 803/806/1445 954/804/1445 929/795/1445
f 917/774/1446 942/807/1446 940/805/1446 914/797/1446
f 918/773/1447 944/808/1447 942/807/1447 917/774/1447
f 920/777/1448 946/809/1448 944/808/1448 918/773/1448
f 922/783/1449 948/813/1449 946/809/1449 920/777/1449
f 924/787/1450 949/802/1450 948/813/1450 922/783/1450
f 944/808/1451 969/814/1451 966/815/1451 942/807/1451
f 946/809/1452 970/816/1452 969/814/1452 944/808/1452
f 948/813/1453 972/819/1453 970/816/1453 946/809/1453
f 949/802/1454 975/821/1454 972/819/1454 948/813/1454
f 1658/996/1455 1657/995/1455 935/799/1455 961/822/1455 1665/997/1455
f 952/801/1456 977/823/1456 975/821/1456 949/802/1456
f 938/803/1457 963/824/1457 961/822/1457 935/799/1457
f 954/804/1458 979/825/1458 977/823/1458 952/801/1458
f 940/805/1459 964/826/1459 963/824/1459 938/803/1459
f 803/827/1460 979/825/1460 954/804/1460
f 942/807/1461 966/815/1461 964/826/1461 940/805/1461
f 977/823/1462 1002/828/1462 1000/829/1462 975/821/1462
f 963/824/1463 988/830/1463 986/831/1463 961/822/1463
f 979/825/1464 1004/832/1464 1002/828/1464 977/823/1464
f 964/826/1465 989/833/1465 988/830/1465 963/824/1465
f 803/834/1466 1004/832/1466 979/825/1466
f 966/815/1467 992/835/1467 989/833/1467 964/826/1467
f 969/814/1468 994/836/1468 992/835/1468 966/815/1468
f 970/816/1469 996/837/1469 994/836/1469 969/814/1469
f 972/819/1470 998/839/1470 996/837/1470 970/816/1470
f 975/821/1471 1000/829/1471 998/839/1471 972/819/1471
f 1666/998/1472 1665/997/1472 961/822/1472 986/831/1472 1669/999/1472
f 996/837/1473 1020/842/1473 1018/843/1473 994/836/1473
f 998/839/1474 1022/844/1474 1020/842/1474 996/837/1474
f 1000/829/1475 1024/848/1475 1022/844/1475 998/839/1475
f 1669/999/1476 986/831/1476 1011/849/1476 1671/1000/1476
f 1002/828/1477 1026/850/1477 1024/848/1477 1000/829/1477
f 988/830/1478 1013/851/1478 1011/849/1478 986/831/1478
f 1004/832/1479 1029/852/1479 1026/850/1479 1002/828/1479
f 989/833/1480 1015/853/1480 1013/851/1480 988/830/1480
f 803/854/1481 1029/852/1481 1004/832/1481
f 992/835/1482 1017/855/1482 1015/853/1482 989/833/1482
f 994/836/1483 1018/843/1483 1017/855/1483 992/835/1483
f 1013/851/1484 1037/856/1484 1035/857/1484 1011/849/1484
f 1029/852/1485 1052/858/1485 1050/859/1485 1026/850/1485
f 1015/853/1486 1038/860/1486 1037/856/1486 1013/851/1486
f 803/861/1487 1052/858/1488 1029/852/1489
f 1017/855/1490 1041/862/1490 1038/860/1490 1015/853/1490
f 1018/843/1491 1042/863/1491 1041/862/1491 1017/855/1491
f 1020/842/1492 1044/864/1492 1042/863/1492 1018/843/1492
f 1022/844/1493 1046/865/1493 1044/864/1493 1020/842/1493
f 1024/848/1494 1048/868/1494 1046/865/1494 1022/844/1494
f 1676/1001/1495 1675/1002/1495 1670/1003/1495 1671/1000/1495 1011/849/1495 1035/857/1495 1677/1004/1495
f 1026/850/1496 1050/859/1496 1048/868/1496 1024/848/1496
f 1044/864/1497 1067/869/1497 1065/870/1497 1042/863/1497
f 1046/865/1498 1069/871/1498 1067/869/1498 1044/864/1498
f 1048/868/1499 1071/874/1499 1069/871/1499 1046/865/1499
f 1677/1004/1500 1035/857/1500 1059/875/1500 1678/1005/1500
f 1050/859/1501 1073/876/1501 1071/874/1501 1048/868/1501
f 1037/856/1502 1061/877/1502 1059/875/1502 1035/857/1502
f 1052/858/1503 1075/878/1503 1073/876/1503 1050/859/1503
f 1038/860/1504 1062/879/1504 1061/877/1504 1037/856/1504
f 803/880/1487 1075/878/1505 1052/858/1488
f 1041/862/1506 1064/881/1506 1062/879/1506 1038/860/1506
f 1042/863/1507 1065/870/1507 1064/881/1507 1041/862/1507
f 1075/878/1508 1091/436/1508 1089/439/1508 1073/876/1508
f 1062/879/1509 9/440/1509 3/443/1509 1061/877/1509
f 803/882/1510 1091/436/1510 1075/878/1510
f 1064/881/1511 12/445/1511 9/440/1511 1062/879/1511
f 1065/870/1512 1083/447/1512 12/445/1512 1064/881/1512
f 1067/869/1513 14/449/1513 1083/447/1513 1065/870/1513
f 1069/871/1514 1085/451/1514 14/449/1514 1067/869/1514
f 1071/874/1515 1087/457/1515 1085/451/1515 1069/871/1515
f 1678/1005/1516 1059/875/1516 1081/459/1516 1679/945/1516
f 1073/876/1517 1089/439/1517 1087/457/1517 1071/874/1517
f 1061/877/1518 3/443/1518 1081/459/1518 1059/875/1518
f 764/436/1519 34/437/1520 32/438/1520 761/439/1521
f 5/440/1522 19/441/1522 18/442/1522 4/443/1522
f 497/444/1523 34/437/1523 764/436/1523
f 8/445/1524 22/446/1524 19/441/1524 5/440/1524
f 755/447/1525 24/448/1525 22/446/1525 8/445/1525
f 10/449/1526 26/450/1527 24/448/1528 755/447/1526
f 758/451/1529 28/452/1529 26/450/1529 10/449/1529
f 760/457/1530 30/458/1530 28/452/1530 758/451/1530
f 761/439/1531 32/438/1531 30/458/1531 760/457/1531
f 1741/1006/1532 4/443/1532 18/442/1532 1742/1007/1532
f 32/438/1533 55/463/1533 54/464/1533 30/458/1533
f 18/442/1534 42/465/1534 1744/1008/1534 1743/1009/1534 1742/1007/1534
f 34/437/1535 58/466/1535 55/463/1535 32/438/1535
f 19/441/1536 44/467/1536 42/465/1536 18/442/1536
f 497/468/1537 58/466/1537 34/437/1537
f 22/446/1538 46/469/1538 44/467/1538 19/441/1538
f 24/448/1539 48/470/1539 46/469/1539 22/446/1539
f 26/450/1527 49/471/1540 48/470/1540 24/448/1528
f 28/452/1541 51/472/1541 49/471/1541 26/450/1541
f 30/458/1542 54/464/1542 51/472/1542 28/452/1542
f 48/470/1543 71/474/1543 69/475/1543 46/469/1543
f 49/471/1544 74/476/1544 71/474/1544 48/470/1544
f 51/472/1545 75/477/1545 74/476/1545 49/471/1545
f 54/464/1546 77/479/1546 75/477/1546 51/472/1546
f 55/463/1547 79/482/1547 77/479/1547 54/464/1547
f 1739/1010/1548 1744/1008/1548 42/465/1548 65/483/1548 1740/1011/1548
f 58/466/1549 81/484/1549 79/482/1549 55/463/1549
f 44/467/1550 67/485/1550 65/483/1550 42/465/1550
f 497/486/1551 81/484/1551 58/466/1551
f 46/469/1552 69/475/1552 67/485/1552 44/467/1552
f 79/482/1553 103/487/1553 102/488/1553 77/479/1553
f 1740/1011/1554 65/483/1554 90/489/1554 1733/1012/1554 1734/1013/1554 1735/1014/1554
f 81/484/1555 106/491/1555 103/487/1555 79/482/1555
f 67/485/1556 92/492/1556 90/489/1556 65/483/1556
f 497/493/1557 106/491/1557 81/484/1557
f 69/475/1558 93/494/1558 92/492/1558 67/485/1558
f 71/474/1559 95/495/1559 93/494/1559 69/475/1559
f 74/476/1560 98/496/1560 95/495/1560 71/474/1560
f 75/477/1561 99/497/1561 98/496/1561 74/476/1561
f 77/479/1562 102/488/1562 99/497/1562 75/477/1562
f 98/496/1563 121/500/1563 119/501/1563 95/495/1563
f 99/497/1564 123/502/1564 121/500/1564 98/496/1564
f 102/488/1565 126/503/1565 123/502/1565 99/497/1565
f 103/487/1566 127/508/1566 126/503/1566 102/488/1566
f 1733/1012/1567 90/489/1567 114/509/1567 1738/1015/1567 1732/1016/1567
f 106/491/1568 130/510/1568 127/508/1568 103/487/1568
f 92/492/1569 116/511/1569 114/509/1569 90/489/1569
f 497/512/1570 130/510/1570 106/491/1570
f 93/494/1571 118/513/1571 116/511/1571 92/492/1571
f 95/495/1572 119/501/1572 118/513/1572 93/494/1572
f 130/510/1573 154/514/1573 152/515/1573 127/508/1573
f 116/511/1574 140/516/1574 139/517/1574 114/509/1574
f 497/518/1575 154/514/1575 130/510/1575
f 118/513/1576 142/519/1576 140/516/1576 116/511/1576
f 119/501/1577 144/520/1577 142/519/1577 118/513/1577
f 121/500/1578 146/521/1578 144/520/1578 119/501/1578
f 123/502/1579 148/522/1579 146/521/1579 121/500/1579
f 126/503/1580 151/523/1580 148/522/1580 123/502/1580
f 127/508/1581 152/515/1581 151/523/1581 126/503/1581
f 114/509/1582 139/517/1582 1737/1017/1582 1736/1018/1582 1738/1015/1582
f 148/522/1583 172/526/1583 170/527/1583 146/521/1583
f 151/523/1584 174/528/1584 172/526/1584 148/522/1584
f 152/515/1585 176/532/1585 174/528/1585 151/523/1585
f 1722/1019/1586 1737/1017/1586 139/517/1586 163/533/1586 1723/1020/1586
f 154/514/1587 178/534/1587 176/532/1587 152/515/1587
f 140/516/1588 164/535/1588 163/533/1588 139/517/1588
f 497/536/1589 178/534/1589 154/514/1589
f 142/519/1590 166/537/1590 164/535/1590 140/516/1590
f 144/520/1591 168/538/1591 166/537/1591 142/519/1591
f 146/521/1592 170/527/1592 168/538/1592 144/520/1592
f 164/535/1593 188/539/1593 186/540/1593 163/533/1593
f 497/541/1594 203/542/1594 178/534/1594
f 166/537/1595 191/543/1595 188/539/1595 164/535/1595
f 168/538/1596 192/544/1596 191/543/1596 166/537/1596
f 170/527/1597 195/545/1597 192/544/1597 168/538/1597
f 172/526/1598 197/546/1598 195/545/1598 170/527/1598
f 174/528/1599 199/547/1599 197/546/1599 172/526/1599
f 176/532/1600 201/551/1600 199/547/1600 174/528/1600
f 163/533/1601 186/540/1601 1716/1021/1601 1717/1022/1601 1723/1020/1601
f 178/534/1602 203/542/1602 201/551/1602 176/532/1602
f 197/546/1603 220/552/1603 218/553/1603 195/545/1603
f 199/547/1604 222/554/1604 220/552/1604 197/546/1604
f 201/551/1605 225/557/1605 222/554/1605 199/547/1605
f 1716/1021/1606 186/540/1606 211/558/1606 1714/1023/1606
f 203/542/1607 226/559/1607 225/557/1607 201/551/1607
f 188/539/1608 212/560/1608 211/558/1608 186/540/1608
f 497/561/1609 226/559/1609 203/542/1609
f 191/543/1610 215/562/1610 212/560/1610 188/539/1610
f 192/544/1611 216/563/1611 215/562/1611 191/543/1611
f 195/545/1612 218/553/1612 216/563/1612 192/544/1612
f 497/564/1613 250/565/1613 226/559/1613
f 215/562/1614 238/566/1614 237/567/1614 212/560/1614
f 216/563/1615 240/568/1615 238/566/1615 215/562/1615
f 218/553/1616 242/569/1616 240/568/1616 216/563/1616
f 220/552/1617 245/570/1617 242/569/1617 218/553/1617
f 222/554/1618 247/571/1618 245/570/1618 220/552/1618
f 225/557/1619 249/574/1619 247/571/1619 222/554/1619
f 1715/1024/1620 1714/1023/1620 211/558/1620 235/575/1620 1707/1025/1620 1708/1026/1620 1709/1027/1620
f 226/559/1621 250/565/1621 249/574/1621 225/557/1621
f 212/560/1622 237/567/1622 235/575/1622 211/558/1622
f 247/571/1623 271/576/1623 269/577/1623 245/570/1623
f 249/574/1624 273/581/1624 271/576/1624 247/571/1624
f 235/575/1625 258/582/1625 1700/1028/1625 1701/1029/1625 1707/1025/1625
f 250/565/1626 275/583/1626 273/581/1626 249/574/1626
f 237/567/1627 260/584/1627 258/582/1627 235/575/1627
f 497/585/1628 275/583/1628 250/565/1628
f 238/566/1629 262/586/1629 260/584/1629 237/567/1629
f 240/568/1630 265/587/1630 262/586/1630 238/566/1630
f 242/569/1631 267/588/1631 265/587/1631 240/568/1631
f 245/570/1632 269/577/1632 267/588/1632 242/569/1632
f 262/586/1633 287/589/1633 284/590/1633 260/584/1633
f 265/587/1634 288/591/1634 287/589/1634 262/586/1634
f 267/588/1635 291/592/1635 288/591/1635 265/587/1635
f 269/577/1636 293/593/1636 291/592/1636 267/588/1636
f 271/576/1637 295/594/1637 293/593/1637 269/577/1637
f 273/581/1638 296/597/1638 295/594/1638 271/576/1638
f 258/582/1639 282/598/1639 1702/1030/1639 1700/1028/1639
f 275/583/1640 298/599/1640 296/597/1640 273/581/1640
f 260/584/1641 284/590/1641 282/598/1641 258/582/1641
f 497/600/1642 298/599/1642 275/583/1642
f 295/594/1643 319/601/1643 318/602/1643 293/593/1643
f 1699/1031/1644 305/604/1644 1690/1032/1644 1691/1033/1644 1698/1034/1644
f 296/597/1645 321/606/1645 319/601/1645 295/594/1645
f 282/598/1646 308/607/1646 305/604/1646 1699/1031/1646 1702/1030/1646
f 298/599/1647 323/608/1647 321/606/1647 296/597/1647
f 284/590/1648 310/609/1648 308/607/1648 282/598/1648
f 497/610/1649 323/608/1649 298/599/1649
f 287/589/1650 312/611/1650 310/609/1650 284/590/1650
f 288/591/1651 314/612/1651 312/611/1651 287/589/1651
f 291/592/1652 316/613/1652 314/612/1652 288/591/1652
f 293/593/1653 318/602/1653 316/613/1653 291/592/1653
f 314/612/1654 338/614/1654 336/615/1654 312/611/1654
f 316/613/1655 340/616/1655 338/614/1655 314/612/1655
f 318/602/1656 342/617/1656 340/616/1656 316/613/1656
f 319/601/1657 344/618/1657 342/617/1657 318/602/1657
f 1690/1032/1658 305/604/1658 330/621/1658 1692/1035/1658
f 321/606/1659 346/622/1659 344/618/1659 319/601/1659
f 305/604/1660 308/607/1660 332/623/1660 330/621/1660
f 323/608/1661 348/624/1661 346/622/1661 321/606/1661
f 310/609/1662 334/625/1662 332/623/1662 308/607/1662
f 497/626/1663 348/624/1663 323/608/1664
f 312/611/1665 336/615/1665 334/625/1665 310/609/1665
f 346/622/1666 371/627/1666 369/628/1666 344/618/1666
f 330/621/1667 332/623/1667 358/629/1667 355/630/1667
f 348/624/1668 373/631/1668 371/627/1668 346/622/1668
f 334/625/1669 359/632/1669 358/629/1669 332/623/1669
f 497/633/1663 373/631/1670 348/624/1663
f 336/615/1671 361/634/1671 359/632/1671 334/625/1671
f 338/614/1672 363/635/1672 361/634/1672 336/615/1672
f 340/616/1673 365/636/1673 363/635/1673 338/614/1673
f 342/617/1674 367/637/1674 365/636/1674 340/616/1674
f 344/618/1675 369/628/1675 367/637/1675 342/617/1675
f 330/621/1676 355/630/1676 1689/1036/1676 1692/1035/1676
f 365/636/1677 390/639/1677 388/640/1677 363/635/1677
f 367/637/1678 393/641/1678 390/639/1678 365/636/1678
f 369/628/1679 394/646/1679 393/641/1679 367/637/1679
f 355/630/1680 381/648/1680 1687/1037/1680 1688/1038/1680 1689/1039/1680
f 371/627/1681 397/649/1681 394/646/1681 369/628/1681
f 355/630/1682 358/629/1682 383/650/1682 381/648/1682
f 373/631/1683 399/651/1683 397/649/1683 371/627/1683
f 359/632/1684 384/652/1684 383/650/1684 358/629/1684
f 497/653/1685 399/651/1685 373/631/1685
f 361/634/1686 386/654/1686 384/652/1686 359/632/1686
f 363/635/1687 388/640/1687 386/654/1687 361/634/1687
f 406/656/1688 381/648/1688 383/650/1688 407/655/1688
f 399/651/1689 422/657/1689 421/658/1689 397/649/1689
f 384/652/1690 409/659/1690 407/655/1690 383/650/1690
f 497/660/1691 422/657/1691 399/651/1691
f 386/654/1692 411/661/1692 409/659/1692 384/652/1692
f 388/640/1693 413/662/1693 411/661/1693 386/654/1693
f 390/639/1694 415/663/1694 413/662/1694 388/640/1694
f 393/641/1695 417/664/1695 415/663/1695 390/639/1695
f 394/646/1696 419/668/1696 417/664/1696 393/641/1696
f 381/648/1697 406/656/1697 1686/1040/1697 1687/1037/1697
f 397/649/1698 421/658/1698 419/668/1698 394/646/1698
f 415/663/1699 439/669/1699 437/670/1699 413/662/1699
f 417/664/1700 441/671/1700 439/669/1700 415/663/1700
f 419/668/1701 443/676/1701 441/671/1701 417/664/1701
f 406/656/1702 429/677/1702 1682/1041/1702 1683/1042/1702 1686/1043/1702
f 421/658/1703 445/678/1703 443/676/1703 419/668/1703
f 429/677/1704 406/656/1704 407/655/1704 432/679/1704
f 422/657/1705 448/680/1705 445/678/1705 421/658/1705
f 409/659/1706 434/681/1706 432/679/1706 407/655/1706
f 497/682/1707 448/680/1708 422/657/1709
f 411/661/1710 436/683/1710 434/681/1710 409/659/1710
f 413/662/1711 437/670/1711 436/683/1711 411/661/1711
f 448/680/1712 472/684/1712 471/685/1712 445/678/1712
f 434/681/1713 459/686/1713 456/687/1713 432/679/1713
f 497/688/1707 472/684/1714 448/680/1708
f 436/683/1715 461/689/1715 459/686/1715 434/681/1715
f 437/670/1716 462/690/1716 461/689/1716 436/683/1716
f 439/669/1717 464/691/1717 462/690/1717 437/670/1717
f 441/671/1718 466/692/1718 464/691/1718 439/669/1718
f 443/676/1719 468/695/1719 466/692/1719 441/671/1719
f 429/677/1720 454/696/1720 1685/1044/1720 1682/1041/1720
f 445/678/1721 471/685/1721 468/695/1721 443/676/1721
f 454/696/1722 429/677/1722 432/679/1722 456/687/1722
f 466/692/1723 489/700/1723 488/701/1723 464/691/1723
f 468/695/1724 492/704/1724 489/700/1724 466/692/1724
f 454/696/1725 1684/1045/1725 1685/1044/1725
f 471/685/1726 493/706/1726 492/704/1726 468/695/1726
f 1681/1046/1727 1684/1045/1727 454/696/1727 456/687/1727 480/707/1727 1695/1047/1727 1696/1048/1727 1697/1049/1727
f 472/684/1728 495/708/1728 493/706/1728 471/685/1728
f 459/686/1729 482/709/1729 480/707/1729 456/687/1729
f 497/710/1707 495/708/1730 472/684/1714
f 461/689/1731 484/711/1731 482/709/1731 459/686/1731
f 462/690/1732 486/712/1732 484/711/1732 461/689/1732
f 464/691/1733 488/701/1733 486/712/1733 462/690/1733
f 482/709/1734 504/713/1734 502/714/1734 480/707/1734
f 497/715/1735 518/716/1735 495/708/1735
f 484/711/1736 507/717/1736 504/713/1736 482/709/1736
f 486/712/1737 508/718/1737 507/717/1737 484/711/1737
f 488/701/1738 511/719/1738 508/718/1738 486/712/1738
f 489/700/1739 513/723/1739 511/719/1739 488/701/1739
f 492/704/1740 515/725/1740 513/723/1740 489/700/1740
f 493/706/1741 516/727/1741 515/725/1741 492/704/1741
f 480/707/1742 502/714/1742 1694/1050/1742 1695/1047/1742
f 495/708/1743 518/716/1743 516/727/1743 493/706/1743
f 513/723/1744 537/728/1744 535/729/1744 511/719/1744
f 515/725/1745 539/732/1745 537/728/1745 513/723/1745
f 516/727/1746 541/734/1746 539/732/1746 515/725/1746
f 502/714/1747 527/735/1747 1705/1051/1747 1693/1052/1747 1694/1050/1747
f 518/716/1748 542/736/1748 541/734/1748 516/727/1748
f 504/713/1749 528/737/1749 527/735/1749 502/714/1749
f 497/738/1750 542/736/1750 518/716/1750
f 507/717/1751 531/739/1751 528/737/1751 504/713/1751
f 508/718/1752 532/740/1752 531/739/1752 507/717/1752
f 511/719/1753 535/729/1753 532/740/1753 508/718/1753
f 497/743/1754 564/744/1754 542/736/1754
f 531/739/1755 555/745/1755 553/746/1755 528/737/1755
f 532/740/1756 556/747/1756 555/745/1756 531/739/1756
f 535/729/1757 558/748/1757 556/747/1757 532/740/1757
f 537/728/1758 559/751/1758 558/748/1758 535/729/1758
f 539/732/1759 561/753/1759 559/751/1759 537/728/1759
f 541/734/1760 562/755/1760 561/753/1760 539/732/1760
f 527/735/1761 550/756/1761 1704/1053/1761 1705/1051/1761
f 542/736/1762 564/744/1762 562/755/1762 541/734/1762
f 528/737/1763 553/746/1763 550/756/1763 527/735/1763
f 561/753/1764 585/757/1764 583/758/1764 559/751/1764
f 562/755/1765 586/761/1765 585/757/1765 561/753/1765
f 550/756/1766 572/762/1766 1711/1054/1766 1706/1055/1766 1703/1056/1766 1704/1053/1766
f 564/744/1767 589/763/1767 586/761/1767 562/755/1767
f 553/746/1768 575/764/1768 572/762/1768 550/756/1768
f 497/765/1769 589/763/1769 564/744/1769
f 555/745/1770 576/766/1770 575/764/1770 553/746/1770
f 556/747/1771 579/767/1771 576/766/1771 555/745/1771
f 558/748/1772 580/768/1772 579/767/1772 556/747/1772
f 559/751/1773 583/758/1773 580/768/1773 558/748/1773
f 579/772/1774 602/773/1774 600/774/1774 576/775/1774
f 580/776/1775 603/777/1775 602/773/1775 579/772/1775
f 583/782/1776 605/783/1776 603/777/1776 580/776/1776
f 585/786/1777 607/787/1777 605/783/1777 583/782/1777
f 586/790/1778 609/791/1778 607/787/1778 585/786/1778
f 572/792/1779 596/793/1779 1712/1057/1779 1710/1058/1779 1711/1059/1779
f 589/794/1780 611/795/1780 609/791/1780 586/790/1780
f 575/796/1781 599/797/1781 596/793/1781 572/792/1781
f 497/798/1782 611/795/1782 589/794/1782
f 576/775/1783 600/774/1783 599/797/1783 575/796/1783
f 609/791/1784 630/801/1784 628/802/1784 607/787/1784
f 596/793/1785 616/803/1785 1718/1060/1785 1713/1061/1785 1712/1057/1785
f 611/795/1786 632/804/1786 630/801/1786 609/791/1786
f 599/797/1787 619/805/1787 616/803/1787 596/793/1787
f 497/806/1788 632/804/1789 611/795/1790
f 600/774/1791 620/807/1791 619/805/1791 599/797/1791
f 602/773/1792 623/808/1792 620/807/1792 600/774/1792
f 603/777/1793 625/809/1793 623/808/1793 602/773/1793
f 605/783/1794 627/813/1794 625/809/1794 603/777/1794
f 607/787/1795 628/802/1795 627/813/1795 605/783/1795
f 623/808/1796 646/814/1796 644/815/1796 620/807/1796
f 625/809/1797 648/816/1797 646/814/1797 623/808/1797
f 627/813/1798 651/819/1798 648/816/1798 625/809/1798
f 628/802/1799 653/821/1799 651/819/1799 627/813/1799
f 630/801/1800 654/823/1800 653/821/1800 628/802/1800
f 1718/1060/1801 616/803/1801 640/824/1801 1721/1062/1801 1719/1063/1801
f 632/804/1802 657/825/1802 654/823/1802 630/801/1802
f 619/805/1803 643/826/1803 640/824/1803 616/803/1803
f 497/827/1788 657/825/1804 632/804/1789
f 620/807/1805 644/815/1805 643/826/1805 619/805/1805
f 654/823/1806 677/828/1806 675/829/1806 653/821/1806
f 640/824/1807 664/830/1807 1727/1064/1807 1724/1065/1807 1720/1066/1807 1721/1062/1807
f 657/825/1808 679/832/1808 677/828/1808 654/823/1808
f 643/826/1809 667/833/1809 664/830/1809 640/824/1809
f 497/834/1810 679/832/1810 657/825/1810
f 644/815/1811 668/835/1811 667/833/1811 643/826/1811
f 646/814/1812 671/836/1812 668/835/1812 644/815/1812
f 648/816/1813 672/837/1813 671/836/1813 646/814/1813
f 651/819/1814 673/839/1814 672/837/1814 648/816/1814
f 653/821/1815 675/829/1815 673/839/1815 651/819/1815
f 672/837/1816 695/842/1816 692/843/1816 671/836/1816
f 673/839/1817 697/844/1817 695/842/1817 672/837/1817
f 675/829/1818 699/848/1818 697/844/1818 673/839/1818
f 677/828/1819 700/850/1819 699/848/1819 675/829/1819
f 1727/1064/1820 664/830/1820 687/851/1820 1729/1067/1820
f 679/832/1821 703/852/1821 700/850/1821 677/828/1821
f 667/833/1822 688/853/1822 687/851/1822 664/830/1822
f 497/854/1823 703/852/1823 679/832/1823
f 668/835/1824 691/855/1824 688/853/1824 667/833/1824
f 671/836/1825 692/843/1825 691/855/1825 668/835/1825
f 1729/1067/1826 687/851/1826 710/856/1826 1728/1068/1826
f 703/852/1827 726/858/1827 724/859/1827 700/850/1827
f 688/853/1828 713/860/1828 710/856/1828 687/851/1828
f 497/861/1829 726/858/1829 703/852/1829
f 691/855/1830 715/862/1830 713/860/1830 688/853/1830
f 692/843/1831 717/863/1831 715/862/1831 691/855/1831
f 695/842/1832 718/864/1832 717/863/1832 692/843/1832
f 697/844/1833 720/865/1833 718/864/1833 695/842/1833
f 699/848/1834 722/868/1834 720/865/1834 697/844/1834
f 700/850/1835 724/859/1835 722/868/1835 699/848/1835
f 718/864/1836 743/869/1836 740/870/1836 717/863/1836
f 720/865/1837 745/871/1837 743/869/1837 718/864/1837
f 722/868/1838 746/874/1838 745/871/1838 720/865/1838
f 724/859/1839 748/876/1839 746/874/1839 722/868/1839
f 1728/1068/1840 710/856/1840 735/877/1840 1731/1069/1840 1726/1070/1840 1725/1071/1840
f 726/858/1841 749/878/1842 748/876/1843 724/859/1841
f 713/860/1844 736/879/1844 735/877/1844 710/856/1844
f 497/880/1845 749/878/1846 726/858/1847
f 715/862/1848 738/881/1848 736/879/1848 713/860/1848
f 717/863/1849 740/870/1849 738/881/1849 715/862/1849
f 749/878/1842 764/436/1519 761/439/1521 748/876/1843
f 736/879/1850 5/440/1850 4/443/1850 735/877/1850
f 497/882/1845 764/436/1851 749/878/1846
f 738/881/1852 8/445/1852 5/440/1852 736/879/1852
f 740/870/1853 755/447/1853 8/445/1853 738/881/1853
f 743/869/1854 10/449/1854 755/447/1854 740/870/1854
f 745/871/1855 758/451/1855 10/449/1855 743/869/1855
f 746/874/1856 760/457/1856 758/451/1856 745/871/1856
f 748/876/1857 761/439/1857 760/457/1857 746/874/1857
f 1731/1069/1858 735/877/1858 4/443/1858 1741/1006/1858 1730/1072/1858
