# Blender 5.0.1
# www.blender.org
mtllib MiddleTissueShallow.mtl
o MiddleTissueShallow
v -2.200000 0.820000 2.200000
v -2.200000 0.820000 -2.200000
v -2.200000 -0.750000 2.200000
v -2.200000 -0.750000 -2.200000
v 2.200000 0.820000 2.200000
v 2.200000 -0.750000 2.200000
v 2.200000 0.820000 -2.200000
v 2.200000 -0.750000 -2.200000
v 0.232699 0.820000 -2.000000
v -2.000000 0.820000 -2.000000
v -2.000000 0.820000 2.000000
v 0.016168 0.820000 2.000000
v 0.279321 0.820000 2.000000
v 0.024690 0.820000 0.398860
v 0.020015 0.820000 0.448460
v -0.018506 0.820000 -0.611780
v -0.158917 0.820000 -0.540276
v -0.001470 0.820000 -0.590117
v -0.114347 0.820000 -0.429691
v 0.017688 0.820000 -0.568194
v 0.378109 0.820000 -0.134923
v 0.374955 0.820000 -0.157631
v 0.001371 0.820000 -0.069811
v -0.034037 0.820000 -0.633926
v -0.048287 0.820000 -0.656794
v -0.202190 0.820000 -0.646341
v -0.061336 0.820000 -0.680498
v -0.083899 0.820000 -0.350318
v 0.049453 0.820000 -0.535669
v 0.025204 0.820000 -0.560131
v 0.014353 0.820000 0.498759
v 0.007790 0.820000 0.549795
v 0.000414 0.820000 0.601609
v -0.007693 0.820000 0.654323
v -0.026773 0.820000 0.769069
v -0.051061 0.820000 0.909433
v 0.378788 0.820000 -0.050557
v 0.379384 0.820000 -0.059084
v 0.010821 0.820000 -0.022445
v 0.380364 0.820000 -0.085808
v 0.379923 0.820000 -0.111033
v 0.375694 0.820000 -0.020392
v 0.018103 0.820000 0.022389
v 0.370753 0.820000 0.012569
v 0.023816 0.820000 0.067702
v 0.363675 0.820000 0.049046
v 0.028025 0.820000 0.113670
v 0.354051 0.820000 0.090030
v -0.073221 0.820000 -0.705120
v -0.083949 0.820000 -0.730731
v -0.233247 0.820000 -0.724574
v 0.370456 0.820000 -0.179380
v 0.369278 0.820000 -0.184067
v -0.009971 0.820000 -0.118052
v 0.363788 0.820000 -0.202736
v 0.357227 0.820000 -0.220621
v 0.176921 0.820000 0.708557
v 0.186192 0.820000 0.655445
v 0.197084 0.820000 0.602837
v 0.209621 0.820000 0.550608
v -0.070256 0.820000 1.025814
v -0.083145 0.820000 1.113177
v -0.092625 0.820000 1.188123
v 0.349568 0.820000 -0.237834
v 0.340645 0.820000 -0.254677
v -0.023708 0.820000 -0.169155
v 0.330256 0.820000 -0.271441
v 0.326351 0.820000 -0.277186
v -0.092701 0.820000 -0.754957
v -0.101038 0.820000 -0.782111
v -0.251560 0.820000 -0.772656
v -0.108093 0.820000 -0.809913
v -0.268615 0.820000 -0.819533
v -0.113887 0.820000 -0.838362
v -0.284342 0.820000 -0.865365
v 0.204221 0.820000 -0.402549
v 0.163965 0.820000 -0.436152
v -0.059922 0.820000 -0.283518
v 0.118004 0.820000 -0.474383
v 0.079041 0.820000 -0.508171
v 0.281784 0.820000 -0.330906
v -0.040180 0.820000 -0.223893
v 0.298270 0.820000 -0.312903
v 0.313132 0.820000 -0.295020
v 0.341224 0.820000 0.137236
v 0.030753 0.820000 0.159961
v 0.323912 0.820000 0.194154
v 0.032077 0.820000 0.206671
v 0.297751 0.820000 0.273316
v 0.263706 0.820000 -0.349105
v 0.244179 0.820000 -0.367490
v 0.239380 0.820000 -0.371854
v 0.158740 0.820000 0.872010
v 0.163201 0.820000 0.816718
v 0.169260 0.820000 0.762276
v -0.026623 0.820000 1.904229
v -0.010519 0.820000 1.943149
v 0.007680 0.820000 1.982758
v 0.300164 0.820000 -1.961808
v 0.328964 0.820000 -1.993280
v 0.335419 0.820000 -2.000000
v 2.000000 0.820000 -2.000000
v 2.000000 0.820000 2.000000
v -0.099549 0.820000 1.255461
v -0.104321 0.820000 1.317417
v -0.107181 0.820000 1.375301
v 0.158442 0.820000 1.135194
v 0.155436 0.820000 1.065291
v 0.154540 0.820000 1.004851
v 0.223952 0.820000 0.498225
v 0.240299 0.820000 0.444464
v 0.028305 0.820000 0.349920
v 0.267237 0.820000 0.362715
v 0.030786 0.820000 0.301603
v 0.032066 0.820000 0.253868
v -0.118438 0.820000 -0.867455
v -0.121758 0.820000 -0.897188
v -0.298655 0.820000 -0.910243
v -0.123860 0.820000 -0.927567
v -0.311475 0.820000 -0.954247
v -0.124786 0.820000 -0.964588
v -0.322726 0.820000 -0.997448
v -0.124113 0.820000 -0.999914
v -0.332335 0.820000 -1.039912
v -0.121986 0.820000 -1.035726
v -0.339449 0.820000 -1.077141
v -0.118441 0.820000 -1.072011
v -0.108243 0.820000 1.423830
v -0.107874 0.820000 1.476413
v -0.105876 0.820000 1.527261
v 0.155297 0.820000 0.946454
v 0.155874 0.820000 0.928297
v 0.272879 0.820000 1.952938
v 0.256919 0.820000 1.846821
v 0.238986 0.820000 1.736828
v -0.102265 0.820000 1.576567
v -0.097051 0.820000 1.624498
v -0.090237 0.820000 1.671206
v 0.181232 0.820000 1.369580
v 0.171180 0.820000 1.286136
v 0.163648 0.820000 1.208487
v -0.080619 0.820000 -1.259517
v -0.349048 0.820000 -1.309138
v -0.092386 0.820000 -1.214739
v -0.351858 0.820000 -1.277232
v -0.099612 0.820000 -1.183565
v -0.067224 0.820000 -1.304484
v -0.341733 0.820000 -1.358071
v -0.346835 0.820000 -1.326822
v 0.270581 0.820000 -1.927045
v 0.186390 0.820000 -1.973454
v 0.237396 0.820000 -1.885207
v 0.131329 0.820000 -1.940149
v 0.204520 0.820000 -1.840807
v 0.081111 0.820000 -1.907643
v 0.172221 0.820000 -1.794239
v 0.034372 0.820000 -1.875218
v 0.140739 0.820000 -1.745860
v -0.081820 0.820000 1.716826
v -0.071791 0.820000 1.761479
v -0.060132 0.820000 1.805279
v 0.219247 0.820000 1.618858
v 0.197834 0.820000 1.485719
v 0.194116 0.820000 1.461146
v -0.353224 0.820000 -1.244949
v -0.353175 0.820000 -1.212266
v -0.107227 0.820000 -1.145949
v -0.351742 0.820000 -1.179163
v -0.113512 0.820000 -1.108757
v -0.348954 0.820000 -1.145620
v -0.344846 0.820000 -1.111619
v -0.046818 0.820000 1.848327
v -0.031815 0.820000 1.890718
v -0.052251 0.820000 -1.349618
v -0.327224 0.820000 -1.418733
v -0.335194 0.820000 -1.388686
v -0.009326 0.820000 -1.842641
v -0.046175 0.820000 -1.813135
v 0.110288 0.820000 -1.696001
v -0.035745 0.820000 -1.394896
v -0.306941 0.820000 -1.477444
v -0.317813 0.820000 -1.448292
v 0.001726 0.820000 -1.485774
v -0.264144 0.820000 -1.564986
v -0.017743 0.820000 -1.440292
v -0.280691 0.820000 -1.534794
v -0.294580 0.820000 -1.506258
v 0.022637 0.820000 -1.531309
v -0.224787 0.820000 -1.625722
v -0.245377 0.820000 -1.595550
v -0.080281 0.820000 -1.783836
v -0.092625 0.820000 -1.772686
v 0.081076 0.820000 -1.644982
v -0.123150 0.820000 -1.743670
v 0.068730 0.820000 -1.622367
v -0.151566 0.820000 -1.714500
v 0.044976 0.820000 -1.576856
v -0.177937 0.820000 -1.685145
v -0.202325 0.820000 -1.655568
v 1.253590 0.620000 -1.253590
v 1.253590 0.620000 1.253590
v 0.291443 0.819303 1.997401
v 0.289486 0.819515 1.998192
v 0.284043 0.819898 1.999620
v 0.282047 0.819966 1.999875
v 0.280033 0.819998 1.999992
v 0.287523 0.819687 1.998835
v 0.286030 0.819792 1.999226
v 0.303915 0.816907 1.988459
v 0.301664 0.817486 1.990618
v 0.299423 0.817994 1.992514
v 0.297187 0.818437 1.994168
v 0.295369 0.818752 1.995344
v 0.293402 0.819050 1.996456
v 0.461487 0.768033 1.806059
v 0.347363 0.803586 1.938742
v 0.306181 0.816252 1.986012
v 0.834711 0.650391 1.367010
v 0.779465 0.667651 1.431428
v 0.627265 0.715690 1.610711
v 0.933486 0.620000 1.253590
v 0.875183 0.637854 1.320222
v 0.543182 0.644679 -0.961705
v 0.632661 0.620000 -0.983590
v 0.634800 0.620000 -0.974062
v 0.544063 0.644679 -0.962564
v 0.451990 0.669358 -0.960150
v 0.452198 0.669358 -0.954812
v 0.607404 0.627712 -0.963106
v 0.613152 0.626170 -0.963413
v 0.613118 0.626170 -0.964374
v 0.632909 0.620868 -0.964571
v 0.632550 0.620964 -0.964557
v 0.632552 0.620964 -0.964450
v 0.632190 0.621060 -0.964543
v 0.631831 0.621157 -0.964528
v 0.631834 0.621157 -0.964411
v 0.567244 0.638509 -0.959646
v 0.544290 0.644679 -0.957822
v 0.544394 0.644679 -0.956606
v 0.509300 0.654223 -0.950350
v 0.509654 0.654126 -0.950417
v 0.509616 0.654126 -0.950652
v 0.461226 0.667430 -0.939519
v 0.462615 0.667044 -0.939895
v 0.462582 0.667044 -0.940029
v 0.542439 0.644679 -0.964297
v 0.628875 0.620000 -0.996377
v 0.367396 0.694036 -0.907141
v 0.366788 0.694036 -0.908877
v 0.279446 0.718715 -0.879651
v 0.445942 0.671671 -0.935363
v 0.443213 0.672442 -0.934450
v 0.443051 0.672442 -0.934909
v 0.422786 0.678226 -0.927471
v 0.424137 0.677841 -0.927967
v 0.424107 0.677841 -0.928057
v 0.405223 0.683239 -0.921025
v 0.399819 0.684782 -0.919042
v 0.399996 0.684782 -0.918554
v 0.410835 0.681601 -0.923316
v 0.410508 0.681697 -0.923165
v 0.410067 0.681697 -0.924032
v 0.397125 0.685650 -0.916965
v 0.396798 0.685746 -0.916814
v 0.396693 0.685746 -0.917001
v 0.379995 0.690855 -0.907835
v 0.379686 0.690951 -0.907651
v 0.379746 0.690951 -0.907593
v 0.370948 0.694036 -0.900166
v 0.370580 0.694036 -0.900631
v 0.297341 0.718715 -0.844784
v 0.375158 0.692494 -0.904121
v 0.478754 0.656247 -0.991059
v 0.478856 0.656247 -0.990948
v 0.480976 0.655476 -0.992895
v 0.477415 0.656729 -0.989858
v 0.477683 0.656633 -0.990098
v 0.477799 0.656633 -0.989967
v 0.456531 0.664248 -0.971113
v 0.456799 0.664152 -0.971354
v 0.456691 0.664152 -0.971476
v 0.459397 0.663188 -0.973846
v 0.476717 0.657018 -0.989019
v 0.477046 0.657018 -0.988638
v 0.435463 0.671671 -0.953122
v 0.433274 0.672442 -0.951253
v 0.433418 0.672442 -0.951087
v 0.563681 0.625109 -1.070382
v 0.563421 0.625206 -1.070133
v 0.563347 0.625206 -1.070216
v 0.563161 0.625302 -1.069885
v 0.562901 0.625399 -1.069637
v 0.562830 0.625399 -1.069715
v 0.561859 0.625784 -1.068643
v 0.562071 0.625784 -1.068414
v 0.561022 0.626170 -1.067429
v 0.525618 0.639280 -1.033668
v 0.527686 0.638509 -1.035670
v 0.527451 0.638509 -1.035905
v 0.093803 0.816252 -1.608881
v 0.082554 0.816252 -1.587668
v 0.684536 0.642669 -1.338190
v -0.080337 0.816252 -0.816250
v 0.273925 0.718715 -0.900059
v 0.271594 0.718715 -0.912568
v 0.277931 0.718715 -0.884413
v 0.276475 0.718715 -0.889504
v -0.073622 0.816252 -0.789786
v -0.010291 0.816252 -0.649631
v 0.293782 0.718715 -0.849746
v 0.290721 0.718715 -0.854544
v 0.215809 0.816252 1.412472
v 0.209461 0.816252 1.365881
v 0.199482 0.816252 1.283049
v 0.222274 0.816252 1.456941
v 0.225976 0.816252 1.481407
v 0.241891 0.816252 1.581277
v 0.247332 0.816252 1.614189
v 0.267068 0.816252 1.732147
v 0.285040 0.816252 1.842378
v 0.301068 0.816252 1.948947
v 0.930680 0.620000 1.230676
v 0.928320 0.620000 1.210199
v 0.192017 0.816252 1.206096
v 0.923556 0.620000 1.163797
v 0.189913 0.816252 1.179653
v 0.920295 0.620000 1.125017
v 0.186866 0.816252 1.133568
v 0.918777 0.620000 1.103060
v 0.184198 0.816252 1.074451
v 0.916133 0.620000 1.047382
v 0.183895 0.816252 1.064486
v 0.915451 0.620000 0.995506
v 0.183010 0.816252 1.004822
v 0.183213 0.816252 0.973592
v 0.915562 0.620000 0.983907
v 0.183756 0.816252 0.947229
v 0.916616 0.620000 0.947058
v 0.184325 0.816252 0.929332
v 0.187149 0.816252 0.873877
v 0.917889 0.620000 0.923347
v 0.191542 0.816252 0.819436
v 0.919518 0.620000 0.901373
v 0.195536 0.816252 0.781976
v 0.922940 0.620000 0.867419
v 0.197504 0.816252 0.765860
v 0.924179 0.620000 0.857333
v 0.205040 0.816252 0.713014
v 0.930566 0.620000 0.814770
v 0.208741 0.816252 0.690628
v 0.214158 0.816252 0.660779
v 0.938662 0.620000 0.773290
v 0.224869 0.816252 0.609046
v 0.226910 0.816252 0.600027
v 0.940807 0.620000 0.763706
v 0.237197 0.816252 0.557687
v 0.948762 0.620000 0.731598
v 0.251295 0.816252 0.506155
v 0.953547 0.620000 0.714276
v 0.267442 0.816252 0.453055
v 0.961364 0.620000 0.688018
v 0.278084 0.816252 0.420077
v 0.973980 0.620000 0.648486
v 0.294200 0.816252 0.371855
v 0.982927 0.620000 0.621585
v 0.324710 0.816252 0.282466
v 1.033846 0.620000 0.471486
v 1.054327 0.620000 0.408021
v 0.351043 0.816252 0.202779
v 1.058701 0.620000 0.393895
v 0.368579 0.816252 0.145123
v 1.076655 0.620000 0.332881
v 1.091562 0.620000 0.277301
v 0.377272 0.816252 0.113841
v 0.381648 0.816252 0.097027
v 1.104212 0.620000 0.224628
v 0.390048 0.816252 0.061718
v 1.105233 0.620000 0.220058
v 0.391508 0.816252 0.055019
v 1.114957 0.620000 0.173097
v 0.398809 0.816252 0.017398
v 1.120548 0.620000 0.142332
v 0.403939 0.816252 -0.016821
v 1.123927 0.620000 0.121820
v 0.404185 0.816252 -0.018791
v 1.130902 0.620000 0.072459
v 1.136077 0.620000 0.024232
v 0.407172 0.816252 -0.048358
v 1.137776 0.620000 0.003434
v 0.407799 0.816252 -0.057316
v 1.139487 0.620000 -0.023507
v 0.408717 0.816252 -0.078609
v 1.140938 0.620000 -0.061454
v 0.408833 0.816252 -0.085523
v 1.141117 0.620000 -0.070471
v 0.408679 0.816252 -0.103736
v 1.141004 0.620000 -0.116724
v 0.408362 0.816252 -0.112349
v 1.139141 0.620000 -0.162496
v 0.407465 0.816252 -0.126682
v 1.137598 0.620000 -0.184596
v 0.406418 0.816252 -0.137948
v 1.135522 0.620000 -0.207758
v 0.405244 0.816252 -0.147776
v 1.130156 0.620000 -0.252512
v 0.403013 0.816252 -0.162462
v 1.123020 0.620000 -0.296843
v 0.402123 0.816252 -0.167423
v 1.114132 0.620000 -0.340623
v 0.398120 0.816252 -0.186104
v 1.110046 0.620000 -0.358144
v 0.396835 0.816252 -0.191219
v 1.103538 0.620000 -0.383664
v 0.393517 0.816252 -0.203098
v 1.095147 0.620000 -0.413233
v 0.390826 0.816252 -0.211655
v 1.091160 0.620000 -0.426236
v 0.388468 0.816252 -0.218538
v 1.076904 0.620000 -0.468494
v 0.383614 0.816252 -0.231313
v 0.382286 0.816252 -0.234540
v 1.060870 0.620000 -0.510116
v 1.043180 0.620000 -0.550821
v 0.375172 0.816252 -0.250284
v 1.034563 0.620000 -0.569082
v 1.023623 0.620000 -0.591024
v 0.367158 0.816252 -0.265636
v 1.006538 0.620000 -0.622891
v 0.365330 0.816252 -0.268862
v 1.001254 0.620000 -0.632236
v 0.358516 0.816252 -0.280172
v 0.979221 0.620000 -0.668976
v 0.353967 0.816252 -0.287199
v 0.955413 0.620000 -0.705269
v 0.349730 0.816252 -0.293432
v 0.946427 0.620000 -0.718191
v 0.929866 0.620000 -0.741030
v 0.335505 0.816252 -0.312625
v 0.710313 0.620000 -0.970940
v 0.232637 0.816252 -0.415717
v 0.731414 0.620000 -0.952564
v 0.258471 0.816252 -0.392974
v 0.770465 0.620000 -0.917192
v 0.910898 0.620000 -0.765798
v 0.902289 0.620000 -0.776606
v 0.319702 0.816252 -0.331641
v 0.872831 0.620000 -0.811777
v 0.302365 0.816252 -0.350577
v 0.841634 0.620000 -0.846313
v 0.299652 0.816252 -0.353400
v 0.826103 0.620000 -0.862616
v 0.283545 0.816252 -0.369525
v 0.807479 0.620000 -0.881505
v 0.272492 0.816252 -0.380071
v 0.263397 0.816252 -0.388494
v 0.573232 0.621543 -1.079666
v 0.569252 0.623085 -1.075505
v 0.577470 0.620000 -1.083569
v 0.582373 0.620000 -1.078887
v 0.577277 0.620000 -1.083761
v 0.577245 0.620012 -1.083730
v 0.577023 0.620096 -1.083507
v 0.576768 0.620193 -1.083253
v 0.563138 0.625399 -1.069408
v 0.561100 0.626170 -1.067376
v 0.045872 0.816252 -0.579710
v 0.069249 0.816252 -0.556130
v 0.316512 0.718715 -0.823507
v 0.312684 0.718715 -0.827398
v 0.309239 0.718715 -0.831003
v 0.038674 0.816252 -0.587434
v 0.004349 0.816252 -0.628757
v 0.020433 0.816252 -0.608304
v -0.023724 0.816251 -0.671193
v 0.287791 0.718715 -0.859751
v -0.036035 0.816251 -0.693555
v 0.285161 0.718715 -0.865096
v -0.047260 0.816251 -0.716811
v -0.065705 0.816252 -0.763998
v -0.057410 0.816252 -0.741039
v 0.268251 0.718715 -0.944983
v -0.093403 0.816252 -0.899744
v 0.269639 0.718715 -0.927353
v -0.090219 0.816252 -0.871228
v -0.085866 0.816252 -0.843397
v -0.096317 0.816252 -0.964642
v -0.095424 0.816252 -0.928953
v 0.267843 0.718715 -0.955323
v -0.085365 0.816252 -1.104485
v -0.090162 0.816252 -1.068726
v 0.637192 0.620000 -0.982522
v -0.093604 0.816252 -1.033488
v 0.636322 0.620000 -0.972591
v 0.638238 0.620000 -0.990865
v 0.639392 0.620000 -0.998506
v -0.079236 0.816252 -1.140746
v 0.642789 0.620000 -1.016682
v -0.071800 0.816252 -1.177482
v -0.064732 0.816252 -1.207971
v 0.650236 0.620000 -1.047582
v -0.053207 0.816252 -1.251827
v -0.040069 0.816252 -1.295931
v 0.660922 0.620000 -1.083372
v -0.033539 0.816252 -1.316169
v -0.025366 0.816252 -1.340255
v 0.675271 0.620000 -1.123770
v -0.009140 0.816252 -1.384768
v -0.004303 0.816253 -1.397328
v 0.678208 0.620000 -1.131380
v 0.008574 0.816253 -1.429439
v 0.692657 0.620000 -1.166547
v 0.027747 0.816252 -1.474229
v 0.035879 0.816252 -1.492301
v 0.702269 0.620000 -1.188259
v 0.048354 0.816252 -1.519098
v 0.712418 0.620000 -1.209999
v 0.070377 0.816252 -1.563999
v 0.731633 0.620000 -1.248339
v 0.734398 0.620000 -1.253590
v 0.668249 0.650275 -1.366576
v 0.134791 0.816252 -1.681508
v 0.105979 0.816252 -1.631186
v 0.634414 0.666392 -1.426728
v 0.618036 0.674352 -1.456433
v 0.164821 0.816252 -1.730677
v 0.190435 0.816252 -1.770252
v 0.592626 0.686911 -1.503304
v 0.569442 0.698605 -1.546947
v 0.292569 0.816252 -1.908960
v 0.259998 0.816252 -1.867896
v 0.509787 0.729812 -1.663415
v 0.244347 0.816252 -1.847123
v 0.522512 0.723015 -1.638046
v 0.227664 0.816252 -1.824227
v 0.195854 0.816252 -1.778364
v 0.466590 0.753515 -1.751875
v 0.429846 0.774542 -1.830349
v 0.321517 0.816252 -1.942979
v 0.392155 0.797086 -1.914482
v 0.349586 0.816252 -1.973652
v 0.361563 0.816252 -1.986012
v 0.563120 0.625399 -1.069399
v 0.544236 0.632339 -1.051667
v 0.544224 0.632339 -1.051691
v 0.560763 0.626170 -1.067712
v 0.477094 0.657018 -0.988620
v 0.444993 0.669358 -0.955566
v 0.485487 0.653933 -0.996501
v 0.493880 0.650849 -1.004382
v 0.562396 0.625591 -1.069133
v 0.562652 0.625495 -1.069385
v 0.562572 0.625495 -1.069464
v 0.563088 0.625302 -1.069965
v 0.562909 0.625399 -1.069637
v 0.563166 0.625302 -1.069890
v 0.569415 0.623085 -1.075310
v 0.565218 0.624627 -1.071370
v 0.564983 0.624627 -1.071624
v 0.563942 0.625013 -1.070630
v 0.563864 0.625013 -1.070716
v 0.563605 0.625109 -1.070466
v 0.563679 0.625109 -1.070394
v 0.561883 0.625784 -1.068629
v 0.562313 0.625591 -1.069214
v 0.562640 0.625495 -1.069388
v 0.569032 0.623085 -1.075723
v 0.564897 0.624627 -1.071717
v 0.565176 0.624627 -1.071440
v 0.563935 0.625013 -1.070646
v 0.564157 0.625013 -1.070424
v 0.524960 0.639473 -1.033296
v 0.524566 0.639570 -1.033197
v 0.524828 0.639473 -1.033443
v 0.524843 0.639570 -1.032917
v 0.525101 0.639473 -1.033167
v 0.512182 0.644679 -1.018602
v 0.524373 0.639666 -1.032881
v 0.524585 0.639666 -1.032666
v 0.562380 0.625591 -1.069140
v 0.561796 0.625784 -1.068714
v 0.560857 0.626170 -1.067620
v 0.544794 0.632339 -1.051118
v 0.446959 0.669358 -0.953570
v 0.511147 0.644679 -1.019649
v 0.577633 0.620000 -1.083378
v 0.575246 0.620771 -1.081722
v 0.576260 0.620386 -1.082744
v 0.577283 0.620000 -1.083753
v 0.577270 0.620000 -1.083768
v 0.577150 0.620048 -1.083634
v 0.577214 0.620024 -1.083698
v 0.563422 0.625206 -1.070142
v 0.577268 0.620000 -1.083770
v 0.436831 0.671189 -0.954291
v 0.436665 0.671286 -0.953932
v 0.436936 0.671189 -0.954169
v 0.442340 0.669358 -0.958377
v 0.437210 0.671093 -0.954397
v 0.437104 0.671093 -0.954524
v 0.437206 0.671093 -0.954406
v 0.456802 0.664152 -0.971347
v 0.456528 0.664248 -0.971114
v 0.456420 0.664248 -0.971238
v 0.456150 0.664345 -0.971002
v 0.456263 0.664345 -0.970873
v 0.455192 0.664730 -0.969912
v 0.456254 0.664345 -0.970880
v 0.455160 0.664730 -0.969946
v 0.455067 0.664730 -0.970053
v 0.450737 0.666273 -0.966260
v 0.450908 0.666273 -0.966067
v 0.459537 0.663188 -0.973684
v 0.457232 0.663959 -0.971950
v 0.457334 0.663959 -0.971834
v 0.481046 0.655476 -0.992812
v 0.478881 0.656247 -0.990916
v 0.459476 0.663188 -0.973757
v 0.476612 0.657018 -0.989137
v 0.477258 0.656826 -0.989493
v 0.512064 0.644679 -1.018546
v 0.494036 0.650849 -1.004192
v 0.511356 0.644679 -1.019365
v 0.493748 0.650849 -1.004517
v 0.480896 0.655476 -0.992982
v 0.485215 0.653933 -0.996789
v 0.485180 0.653933 -0.996827
v 0.485376 0.653933 -0.996606
v 0.477531 0.656729 -0.989731
v 0.477797 0.656633 -0.989974
v 0.477267 0.656826 -0.989487
v 0.477528 0.656729 -0.989730
v 0.477147 0.656826 -0.989618
v 0.476736 0.657018 -0.989001
v 0.443523 0.669358 -0.957097
v 0.521250 0.640823 -1.029888
v 0.519058 0.641594 -1.028025
v 0.521156 0.640823 -1.029995
v 0.519167 0.641594 -1.027914
v 0.521250 0.640823 -1.029901
v 0.519416 0.641594 -1.027660
v 0.523551 0.640052 -1.031665
v 0.523779 0.639859 -1.032458
v 0.524165 0.639762 -1.032566
v 0.523900 0.639859 -1.032322
v 0.528019 0.638509 -1.035277
v 0.523332 0.640052 -1.031888
v 0.522291 0.640437 -1.030895
v 0.523254 0.640052 -1.031965
v 0.522205 0.640437 -1.030980
v 0.523370 0.640052 -1.031835
v 0.522310 0.640437 -1.030862
v 0.519451 0.641594 -1.027587
v 0.523593 0.639955 -1.032136
v 0.523517 0.639955 -1.032211
v 0.523635 0.639955 -1.032079
v 0.523853 0.639859 -1.032385
v 0.524041 0.639762 -1.032704
v 0.524430 0.639666 -1.032809
v 0.519130 0.641594 -1.027941
v 0.510665 0.644679 -1.020144
v 0.524113 0.639762 -1.032633
v 0.524303 0.639666 -1.032950
v 0.524695 0.639570 -1.033052
v 0.527609 0.638509 -1.035730
v 0.525490 0.639280 -1.033782
v 0.525353 0.639280 -1.033935
v 0.510883 0.644679 -1.019897
v 0.373797 0.694036 -0.896857
v 0.098047 0.816252 -0.529368
v 0.598682 0.620000 -1.064452
v 0.120898 0.816252 -0.509318
v 0.614356 0.620000 -1.051154
v 0.136369 0.816252 -0.496137
v 0.672779 0.620000 -1.002688
v 0.182106 0.816252 -0.458093
v 0.222645 0.816252 -0.424254
v 0.377446 0.691723 -0.905867
v 0.377661 0.691723 -0.905596
v 0.378591 0.691337 -0.906739
v 0.378780 0.691337 -0.906501
v 0.378877 0.691241 -0.906957
v 0.379163 0.691144 -0.907175
v 0.379340 0.691144 -0.906954
v 0.379448 0.691048 -0.907393
v 0.379619 0.691048 -0.907180
v 0.379735 0.690951 -0.907612
v 0.379899 0.690951 -0.907406
v 0.384312 0.689409 -0.911102
v 0.382024 0.690180 -0.909357
v 0.380879 0.690566 -0.908484
v 0.380307 0.690759 -0.908048
v 0.380021 0.690855 -0.907830
v 0.371993 0.694036 -0.898914
v 0.379060 0.691241 -0.906728
v 0.375424 0.692494 -0.903786
v 0.435550 0.671671 -0.953017
v 0.433337 0.672442 -0.951177
v 0.433604 0.672442 -0.950851
v 0.436657 0.671286 -0.953937
v 0.435583 0.671671 -0.952984
v 0.436557 0.671286 -0.954057
v 0.436934 0.671189 -0.954167
v 0.424758 0.675527 -0.943501
v 0.424520 0.675527 -0.943776
v 0.424653 0.675527 -0.943610
v 0.425510 0.675527 -0.942516
v 0.408401 0.681697 -0.926876
v 0.388890 0.687867 -0.914593
v 0.407200 0.681697 -0.928554
v 0.388850 0.687867 -0.914647
v 0.407011 0.681697 -0.928822
v 0.389502 0.687867 -0.913868
v 0.407438 0.681697 -0.928328
v 0.372799 0.694036 -0.897982
v 0.301958 0.718715 -0.839098
v 0.305254 0.718715 -0.835336
v 0.442555 0.669358 -0.958091
v 0.437763 0.670900 -0.954858
v 0.442189 0.669358 -0.958539
v 0.437651 0.670900 -0.954992
v 0.442102 0.669358 -0.958644
v 0.437748 0.670900 -0.954880
v 0.442077 0.669358 -0.958674
v 0.389298 0.687867 -0.914021
v 0.384522 0.689409 -0.910807
v 0.379377 0.691048 -0.907466
v 0.379149 0.691144 -0.907192
v 0.379068 0.691144 -0.907282
v 0.378851 0.691241 -0.906991
v 0.377358 0.691723 -0.905986
v 0.377215 0.691723 -0.906176
v 0.374970 0.692494 -0.904380
v 0.374743 0.692494 -0.904701
v 0.370195 0.694036 -0.901166
v 0.380940 0.690566 -0.908397
v 0.381537 0.690373 -0.908798
v 0.381539 0.690373 -0.908757
v 0.382432 0.690084 -0.909401
v 0.382134 0.690180 -0.909200
v 0.382466 0.690084 -0.909310
v 0.381727 0.690277 -0.909133
v 0.381849 0.690277 -0.908942
v 0.381835 0.690277 -0.908999
v 0.381408 0.690373 -0.908966
v 0.380922 0.690566 -0.908388
v 0.380343 0.690759 -0.907995
v 0.379498 0.690951 -0.907961
v 0.388644 0.688156 -0.912999
v 0.388335 0.688252 -0.912814
v 0.388732 0.688156 -0.912816
v 0.369801 0.694036 -0.901750
v 0.369308 0.694036 -0.902605
v 0.378552 0.691337 -0.906790
v 0.378451 0.691337 -0.906913
v 0.387100 0.688638 -0.912076
v 0.388414 0.688252 -0.912649
v 0.388638 0.688156 -0.913033
v 0.388311 0.688252 -0.912882
v 0.387140 0.688638 -0.911979
v 0.384629 0.689409 -0.910601
v 0.383925 0.689602 -0.910405
v 0.380044 0.690855 -0.907794
v 0.380304 0.690759 -0.908020
v 0.380772 0.690566 -0.908631
v 0.379171 0.690951 -0.908648
v 0.382157 0.690180 -0.909126
v 0.382364 0.690084 -0.909468
v 0.382046 0.690180 -0.909301
v 0.383084 0.689891 -0.909679
v 0.383319 0.689795 -0.909970
v 0.383001 0.689891 -0.909803
v 0.384394 0.689409 -0.911067
v 0.382731 0.689988 -0.909602
v 0.382775 0.689988 -0.909495
v 0.382683 0.689988 -0.909635
v 0.383029 0.689891 -0.909803
v 0.383393 0.689795 -0.909864
v 0.383956 0.689602 -0.910305
v 0.409341 0.681697 -0.925353
v 0.397648 0.685457 -0.917503
v 0.397330 0.685553 -0.917336
v 0.397777 0.685457 -0.917267
v 0.397992 0.685360 -0.917751
v 0.398104 0.685360 -0.917419
v 0.397967 0.685360 -0.917670
v 0.394653 0.686324 -0.916412
v 0.389310 0.687867 -0.914270
v 0.389617 0.687867 -0.913487
v 0.388964 0.688060 -0.913184
v 0.389688 0.687867 -0.913318
v 0.389051 0.688060 -0.912983
v 0.388953 0.688060 -0.913183
v 0.409855 0.681890 -0.922863
v 0.409203 0.682083 -0.922560
v 0.407897 0.682468 -0.921955
v 0.368726 0.694036 -0.903809
v 0.431399 0.675527 -0.932843
v 0.420954 0.678612 -0.928004
v 0.450825 0.669358 -0.945459
v 0.396763 0.685746 -0.916925
v 0.397093 0.685650 -0.917067
v 0.396657 0.685746 -0.917215
v 0.395989 0.685939 -0.916948
v 0.396145 0.685939 -0.916511
v 0.396056 0.685939 -0.916666
v 0.398285 0.685264 -0.917838
v 0.398431 0.685264 -0.917570
v 0.398326 0.685264 -0.917885
v 0.389571 0.687867 -0.913552
v 0.394783 0.686324 -0.915996
v 0.394840 0.686324 -0.915906
v 0.398660 0.685168 -0.918018
v 0.398757 0.685168 -0.917721
v 0.400063 0.684782 -0.918326
v 0.398604 0.685168 -0.918005
v 0.383328 0.689795 -0.910004
v 0.384011 0.689602 -0.910233
v 0.384593 0.689409 -0.910640
v 0.387005 0.688638 -0.912277
v 0.411350 0.681504 -0.923105
v 0.411297 0.681504 -0.923196
v 0.411684 0.681408 -0.923239
v 0.411627 0.681408 -0.923339
v 0.412018 0.681311 -0.923373
v 0.411958 0.681311 -0.923481
v 0.412352 0.681215 -0.923507
v 0.412288 0.681215 -0.923624
v 0.412686 0.681119 -0.923640
v 0.411016 0.681601 -0.922971
v 0.411161 0.681504 -0.923468
v 0.411814 0.681311 -0.923770
v 0.413354 0.680926 -0.923908
v 0.412618 0.681119 -0.923766
v 0.420084 0.678998 -0.926480
v 0.420032 0.678998 -0.926585
v 0.420700 0.678805 -0.926853
v 0.421034 0.678709 -0.926987
v 0.422704 0.678226 -0.927656
v 0.422036 0.678419 -0.927389
v 0.432054 0.675527 -0.931404
v 0.426711 0.677070 -0.929263
v 0.424040 0.677841 -0.928192
v 0.421702 0.678516 -0.927255
v 0.421368 0.678612 -0.927121
v 0.282449 0.718715 -0.871435
v 0.367938 0.694036 -0.905703
v 0.399877 0.684782 -0.918675
v 0.405285 0.683239 -0.920745
v 0.405339 0.683239 -0.920696
v 0.396991 0.685650 -0.917349
v 0.397325 0.685553 -0.917483
v 0.397451 0.685553 -0.917116
v 0.397658 0.685457 -0.917617
v 0.397012 0.685650 -0.917168
v 0.389012 0.687867 -0.915075
v 0.407925 0.682468 -0.922017
v 0.409276 0.682083 -0.922513
v 0.410459 0.681697 -0.923490
v 0.409952 0.681890 -0.922761
v 0.410627 0.681697 -0.923009
v 0.410965 0.681601 -0.923133
v 0.411303 0.681504 -0.923257
v 0.411640 0.681408 -0.923381
v 0.411978 0.681311 -0.923504
v 0.412316 0.681215 -0.923629
v 0.412654 0.681119 -0.923752
v 0.413329 0.680926 -0.924000
v 0.422742 0.678226 -0.927600
v 0.422110 0.678419 -0.927223
v 0.422059 0.678419 -0.927372
v 0.421773 0.678516 -0.927099
v 0.421718 0.678516 -0.927258
v 0.421435 0.678612 -0.926975
v 0.421377 0.678612 -0.927144
v 0.421097 0.678709 -0.926852
v 0.421036 0.678709 -0.927029
v 0.420759 0.678805 -0.926728
v 0.433318 0.675238 -0.931139
v 0.432977 0.675335 -0.931025
v 0.432918 0.675335 -0.931190
v 0.432295 0.675527 -0.930797
v 0.432243 0.675527 -0.930942
v 0.426836 0.677070 -0.928970
v 0.426839 0.677070 -0.928959
v 0.413120 0.680926 -0.924375
v 0.415731 0.680155 -0.925585
v 0.418697 0.679384 -0.926050
v 0.418733 0.679384 -0.925984
v 0.420012 0.678998 -0.926687
v 0.418648 0.679384 -0.926230
v 0.416031 0.680155 -0.924992
v 0.416025 0.680155 -0.924979
v 0.413279 0.680926 -0.924051
v 0.446283 0.671575 -0.935477
v 0.454130 0.669358 -0.938103
v 0.448672 0.670900 -0.936277
v 0.453858 0.669358 -0.938876
v 0.447307 0.671286 -0.935820
v 0.446625 0.671479 -0.935592
v 0.410682 0.681697 -0.922837
v 0.410014 0.681890 -0.922570
v 0.409346 0.682083 -0.922302
v 0.408010 0.682468 -0.921767
v 0.433660 0.675142 -0.931253
v 0.433256 0.675238 -0.931314
v 0.433594 0.675142 -0.931438
v 0.433605 0.675142 -0.931428
v 0.435024 0.674756 -0.931710
v 0.434945 0.674756 -0.931934
v 0.446004 0.671671 -0.935173
v 0.446348 0.671575 -0.935277
v 0.446293 0.671575 -0.935476
v 0.443167 0.672442 -0.934630
v 0.443249 0.672442 -0.934341
v 0.445946 0.671671 -0.935382
v 0.433261 0.675238 -0.931324
v 0.432055 0.675527 -0.931622
v 0.432916 0.675335 -0.931220
v 0.432227 0.675527 -0.931012
v 0.410185 0.681697 -0.924355
v 0.409829 0.681697 -0.925605
v 0.366101 0.694036 -0.911041
v 0.452290 0.669358 -0.942521
v 0.453426 0.669358 -0.939971
v 0.437647 0.673985 -0.932926
v 0.437754 0.673985 -0.932623
v 0.434983 0.674756 -0.931844
v 0.420695 0.678805 -0.926915
v 0.415918 0.680155 -0.925317
v 0.460531 0.667622 -0.939331
v 0.460469 0.667622 -0.939542
v 0.461158 0.667430 -0.939750
v 0.460184 0.667719 -0.939237
v 0.459836 0.667815 -0.939143
v 0.459780 0.667815 -0.939334
v 0.454280 0.669358 -0.937638
v 0.454270 0.669358 -0.937669
v 0.448724 0.670900 -0.936134
v 0.448759 0.670900 -0.936005
v 0.498731 0.657018 -0.949672
v 0.498354 0.657018 -0.950983
v 0.454190 0.669358 -0.937996
v 0.459785 0.667815 -0.939351
v 0.454021 0.669358 -0.938744
v 0.460134 0.667719 -0.939436
v 0.460484 0.667622 -0.939520
v 0.461183 0.667430 -0.939690
v 0.465277 0.666273 -0.941162
v 0.487728 0.660103 -0.946319
v 0.476411 0.663188 -0.944203
v 0.476533 0.663188 -0.943580
v 0.476506 0.663188 -0.943655
v 0.521558 0.650849 -0.953251
v 0.510301 0.653933 -0.950833
v 0.498947 0.657018 -0.948838
v 0.509598 0.654126 -0.950682
v 0.509246 0.654223 -0.950607
v 0.508894 0.654319 -0.950531
v 0.365378 0.694036 -0.913571
v 0.446693 0.671479 -0.935381
v 0.447381 0.671286 -0.935589
v 0.446640 0.671479 -0.935570
v 0.447335 0.671286 -0.935758
v 0.487618 0.660103 -0.946664
v 0.490555 0.659332 -0.946805
v 0.487758 0.660103 -0.946128
v 0.490603 0.659332 -0.946602
v 0.487789 0.660103 -0.945998
v 0.490557 0.659332 -0.946847
v 0.476312 0.663188 -0.944326
v 0.491307 0.659139 -0.946753
v 0.491971 0.658946 -0.947112
v 0.491264 0.659139 -0.946980
v 0.498958 0.657018 -0.948947
v 0.490905 0.659236 -0.946890
v 0.490955 0.659236 -0.946678
v 0.490911 0.659236 -0.946913
v 0.491254 0.659139 -0.946975
v 0.492010 0.658946 -0.946904
v 0.493386 0.658561 -0.947376
v 0.510326 0.653933 -0.950766
v 0.510361 0.653933 -0.950549
v 0.521678 0.650849 -0.952664
v 0.507487 0.654705 -0.950229
v 0.504673 0.655476 -0.949624
v 0.507532 0.654705 -0.950020
v 0.504703 0.655476 -0.949491
v 0.507484 0.654705 -0.950311
v 0.493352 0.658561 -0.947483
v 0.499045 0.657018 -0.948416
v 0.499044 0.657018 -0.948434
v 0.504642 0.655476 -0.949857
v 0.528799 0.648921 -0.953722
v 0.528397 0.649017 -0.953920
v 0.528751 0.648921 -0.953986
v 0.453777 0.669358 -0.939973
v 0.544070 0.644679 -0.958087
v 0.529104 0.648824 -0.954052
v 0.529155 0.648824 -0.953779
v 0.529114 0.648824 -0.954068
v 0.529458 0.648728 -0.954118
v 0.529510 0.648728 -0.953836
v 0.529471 0.648728 -0.954116
v 0.528758 0.648921 -0.954021
v 0.528401 0.649017 -0.953974
v 0.528444 0.649017 -0.953665
v 0.527337 0.649306 -0.953721
v 0.527379 0.649306 -0.953495
v 0.521694 0.650849 -0.952585
v 0.527331 0.649306 -0.953832
v 0.521625 0.650849 -0.953074
v 0.532946 0.647764 -0.955387
v 0.530185 0.648535 -0.954210
v 0.533038 0.647764 -0.954589
v 0.530221 0.648535 -0.953949
v 0.533063 0.647764 -0.954404
v 0.530166 0.648535 -0.954250
v 0.508593 0.654415 -0.950218
v 0.508905 0.654319 -0.950539
v 0.508550 0.654415 -0.950482
v 0.508191 0.654512 -0.950380
v 0.508239 0.654512 -0.950152
v 0.508195 0.654512 -0.950425
v 0.508543 0.654415 -0.950455
v 0.508947 0.654319 -0.950284
v 0.509260 0.654223 -0.950596
v 0.453485 0.669358 -0.941671
v 0.498601 0.657018 -0.951731
v 0.521498 0.650849 -0.954168
v 0.528045 0.649113 -0.953926
v 0.528089 0.649113 -0.953608
v 0.528044 0.649113 -0.953854
v 0.574409 0.636581 -0.960080
v 0.575122 0.636388 -0.960175
v 0.575161 0.636388 -0.959882
v 0.567167 0.638509 -0.959861
v 0.572982 0.636967 -0.959891
v 0.567276 0.638509 -0.959133
v 0.573014 0.636967 -0.959653
v 0.578720 0.635424 -0.960557
v 0.577307 0.635810 -0.960110
v 0.578738 0.635424 -0.960263
v 0.577262 0.635810 -0.960459
v 0.574445 0.636581 -0.959806
v 0.575134 0.636388 -0.960273
v 0.574417 0.636581 -0.960216
v 0.544172 0.644679 -0.959727
v 0.567290 0.638509 -0.959044
v 0.572982 0.636967 -0.960102
v 0.589903 0.632339 -0.963499
v 0.575835 0.636196 -0.960269
v 0.575479 0.636292 -0.960222
v 0.575876 0.636196 -0.959958
v 0.575519 0.636292 -0.959920
v 0.575851 0.636196 -0.960330
v 0.575493 0.636292 -0.960301
v 0.576592 0.636003 -0.960034
v 0.576927 0.635906 -0.960415
v 0.576568 0.636003 -0.960387
v 0.590158 0.632339 -0.962184
v 0.576192 0.636099 -0.960317
v 0.576234 0.636099 -0.959996
v 0.576210 0.636099 -0.960358
v 0.576549 0.636003 -0.960364
v 0.576950 0.635906 -0.960072
v 0.577286 0.635810 -0.960443
v 0.630397 0.621543 -0.964334
v 0.630366 0.621543 -0.964661
v 0.631115 0.621350 -0.964373
v 0.631083 0.621350 -0.964718
v 0.603467 0.628772 -0.962524
v 0.603424 0.628772 -0.962891
v 0.603826 0.628676 -0.962552
v 0.603781 0.628676 -0.962929
v 0.604184 0.628580 -0.962581
v 0.602391 0.629062 -0.962438
v 0.602350 0.629062 -0.962777
v 0.602750 0.628965 -0.962467
v 0.602708 0.628965 -0.962815
v 0.603108 0.628869 -0.962495
v 0.604543 0.628483 -0.962609
v 0.604497 0.628483 -0.963005
v 0.607412 0.627712 -0.962837
v 0.607359 0.627712 -0.963310
v 0.613151 0.626170 -0.963293
v 0.590197 0.632339 -0.961469
v 0.590187 0.632339 -0.961482
v 0.578689 0.635424 -0.960648
v 0.452809 0.669358 -0.946855
v 0.631112 0.621350 -0.964500
v 0.633259 0.620771 -0.964902
v 0.630382 0.621543 -0.964827
v 0.630393 0.621543 -0.964471
v 0.632911 0.620868 -0.964469
v 0.633264 0.620770 -0.964615
v 0.632877 0.620868 -0.964861
v 0.633235 0.620771 -0.964889
v 0.624628 0.623085 -0.964205
v 0.624648 0.623085 -0.964027
v 0.624627 0.623085 -0.964676
v 0.636123 0.620000 -0.965658
v 0.601655 0.629255 -0.962799
v 0.590100 0.632339 -0.963771
v 0.602373 0.629062 -0.962837
v 0.602733 0.628965 -0.962856
v 0.603092 0.628869 -0.962875
v 0.603451 0.628772 -0.962895
v 0.603811 0.628676 -0.962914
v 0.604170 0.628580 -0.962933
v 0.604529 0.628483 -0.962952
v -0.095665 0.816252 -0.998789
v 0.532995 0.647764 -0.954779
v 0.544431 0.644679 -0.956223
v 0.579426 0.620000 -1.081417
v 0.545155 0.632339 -1.050657
v 0.606307 0.620000 -1.044597
v 0.446607 0.669358 -0.952585
v 0.596472 0.620000 -1.059736
v 0.443820 0.669358 -0.956478
v 0.584846 0.620000 -1.075076
v 0.582099 0.620000 -1.078362
v 0.457349 0.663959 -0.971815
v 0.577807 0.620000 -1.083191
v 0.448881 0.669358 -0.948956
v 0.616174 0.620000 -1.026657
v 0.623671 0.620000 -1.010297
v 0.465393 0.666273 -0.940647
v 0.462535 0.667044 -0.940166
v 0.465291 0.666273 -0.940998
v 0.460124 0.667719 -0.939438
v 0.465379 0.666273 -0.940706
v 0.437738 0.673985 -0.932677
v 0.491953 0.658946 -0.947144
v 0.493417 0.658561 -0.947206
v 0.544312 0.644679 -0.956894
v 0.604139 0.628580 -0.962967
v 0.590101 0.632339 -0.962163
v 0.613083 0.626170 -0.963920
v 0.576905 0.635906 -0.960411
v 0.601635 0.629255 -0.962701
v 0.601674 0.629255 -0.962381
v 0.603066 0.628869 -0.962853
v 0.632193 0.621060 -0.964430
v 0.631801 0.621157 -0.964775
v 0.632159 0.621060 -0.964804
v 0.635968 0.620000 -0.966457
v 0.632518 0.620964 -0.964832
v 0.636121 0.620000 -0.964926
v 0.636144 0.620000 -0.964649
v 0.636145 0.620000 -0.964642
v 0.636146 0.620000 -0.964639
v 0.636146 0.620000 -0.964660
v 0.636146 0.620000 -0.964636
v 0.636136 0.620000 -0.964978
v 0.633269 0.620771 -0.964585
v 0.352599 0.818982 -1.996199
v 0.353867 0.818774 -1.995423
v 0.355050 0.818548 -1.994581
v 0.355912 0.818361 -1.993884
v 0.357006 0.818092 -1.992877
v 0.361160 0.816496 -1.986921
v 0.342868 0.819851 -1.999444
v 0.344998 0.819742 -1.999038
v 0.346977 0.819607 -1.998532
v 0.348821 0.819446 -1.997932
v 0.349777 0.819347 -1.997563
v 0.351238 0.819173 -1.996913
v 0.338095 0.819983 -1.999934
v 0.340572 0.819932 -1.999746
v 0.358012 0.817803 -1.991801
v 0.358937 0.817495 -1.990652
v 0.359787 0.817166 -1.989422
v 0.360405 0.816889 -1.988390
v 0.230794 0.819996 -1.999985
v -0.496340 0.747738 -1.730315
v -0.439463 0.755974 -1.761050
v -0.381259 0.763851 -1.790447
v 0.176194 0.817912 -1.992205
v 0.199541 0.819150 -1.996827
v 0.207877 0.819487 -1.998085
v 0.216444 0.819760 -1.999104
v 0.220403 0.819857 -1.999464
v -0.901577 0.671991 -1.447622
v -0.847445 0.683901 -1.492070
v -0.714543 0.710787 -1.592411
v -0.660988 0.720671 -1.629299
v -0.606892 0.730111 -1.664530
v -0.321448 0.771398 -1.818615
v -0.259775 0.778643 -1.845653
v -0.195978 0.785611 -1.871657
v -0.591919 0.732628 -1.673925
v -0.552090 0.739124 -1.698167
v -0.792879 0.695347 -1.534790
v -0.767650 0.700448 -1.553827
v -1.253590 0.620000 -1.253590
v -1.114075 0.620000 -1.253590
v -1.061482 0.633629 -1.304455
v -1.008568 0.646843 -1.353770
v -0.129775 0.792329 -1.896729
v -0.053237 0.799516 -1.923551
v 0.022451 0.806084 -1.948064
v 0.101656 0.812457 -1.971850
v 0.151717 0.816252 -1.986012
v -0.974458 0.655092 -1.384554
v -0.955284 0.659634 -1.401505
v -0.132733 0.816252 1.315617
v -0.131712 0.816252 1.300320
v -0.862356 0.620000 1.249046
v -0.380269 0.816252 -1.279076
v -0.377342 0.816252 -1.312297
v -0.375035 0.816252 -1.330733
v -0.371179 0.816252 -1.355279
v -0.369712 0.816252 -1.363339
v -0.362883 0.816252 -1.395311
v -0.333369 0.816252 -1.488035
v -0.344723 0.816252 -1.457589
v -0.354555 0.816252 -1.426704
v -0.305990 0.816252 -1.547852
v -0.311918 0.816252 -1.536100
v -0.320469 0.816252 -1.518105
v -0.199510 0.816252 -1.703723
v -0.224683 0.816252 -1.673193
v -0.247921 0.816252 -1.642316
v -0.269270 0.816252 -1.611033
v -0.288767 0.816252 -1.579278
v -0.172352 0.816252 -1.733955
v -0.150434 0.816252 -1.756672
v -0.143153 0.816252 -1.763929
v -0.111856 0.816252 -1.793679
v -0.099217 0.816252 -1.805095
v -0.064349 0.816252 -1.835050
v -0.026749 0.816252 -1.865157
v -0.001945 0.816252 -1.883949
v 0.017753 0.816252 -1.898334
v 0.116225 0.816252 -1.964282
v 0.065264 0.816252 -1.931295
v -0.381688 0.816252 -1.245522
v -0.381807 0.816252 -1.237576
v -1.114188 0.620000 -1.244823
v -0.381638 0.816252 -1.211621
v -1.112841 0.620000 -1.163580
v -0.381091 0.816252 -1.194943
v -0.380154 0.816252 -1.177359
v -0.377277 0.816252 -1.142723
v -1.106964 0.620000 -1.078927
v -0.373044 0.816252 -1.107700
v -1.096024 0.620000 -0.989720
v -0.371601 0.816252 -1.097679
v -0.338917 0.816252 -0.946663
v -0.346854 0.816252 -0.976539
v -1.056616 0.620000 -0.795754
v -0.350386 0.816252 -0.990703
v -1.078283 0.620000 -0.889774
v -0.360208 0.816252 -1.034112
v -0.367500 0.816252 -1.072271
v -0.325882 0.816252 -0.901922
v -1.029505 0.620000 -0.698326
v -0.311365 0.816252 -0.856405
v -0.996695 0.620000 -0.596620
v -0.303860 0.816252 -0.834153
v -0.957703 0.620000 -0.488704
v -0.278235 0.816252 -0.762708
v -0.295453 0.816252 -0.810031
v -0.838635 0.620000 -0.191694
v -0.185269 0.816252 -0.529504
v -0.908153 0.620000 -0.362477
v -0.228587 0.816252 -0.635676
v -0.259788 0.816252 -0.714273
v -0.795366 0.620000 -0.080492
v -0.110587 0.816252 -0.340402
v -0.140834 0.816252 -0.419255
v -0.770198 0.620000 -0.008573
v -0.086834 0.816252 -0.274228
v -0.108320 0.816252 -0.334284
v -0.753596 0.620000 0.046041
v -0.051088 0.816252 -0.161352
v -0.067325 0.816252 -0.215311
v -0.737213 0.620000 0.116989
v -0.026448 0.816252 -0.063756
v -0.743516 0.620000 0.085711
v -0.037578 0.816252 -0.111094
v -0.047909 0.816252 -0.150058
v -0.730299 0.620000 0.176803
v -0.004487 0.816252 0.070775
v -0.733271 0.620000 0.144189
v -0.010077 0.816252 0.026448
v -0.017195 0.816252 -0.017379
v -0.728746 0.620000 0.217454
v 0.002309 0.816252 0.161193
v -0.000366 0.816252 0.115797
v -0.729533 0.620000 0.271393
v 0.003599 0.816252 0.253474
v 0.003610 0.816252 0.207062
v -0.733695 0.620000 0.337044
v -0.000108 0.816252 0.348132
v 0.002339 0.816252 0.300482
v -0.742236 0.620000 0.417017
v -0.008304 0.816252 0.445522
v -0.003679 0.816252 0.396465
v -0.035811 0.816252 0.649862
v -0.027747 0.816252 0.597428
v -0.756449 0.620000 0.517563
v -0.020420 0.816252 0.545963
v -0.013910 0.816252 0.495341
v -0.054832 0.816252 0.764247
v -0.779733 0.620000 0.657844
v -0.057989 0.816252 0.782567
v -0.079123 0.816252 0.904630
v -0.815764 0.620000 0.869057
v -0.098383 0.816252 1.021409
v -0.838320 0.620000 1.019458
v -0.111350 0.816252 1.109307
v -0.120909 0.816252 1.184875
v -0.852495 0.620000 1.137220
v -0.124070 0.816252 1.213634
v -0.127904 0.816252 1.252907
v -0.862673 0.620000 1.253590
v -0.792442 0.639912 1.327904
v -0.135633 0.816252 1.374308
v -0.761126 0.648626 1.360424
v -0.136711 0.816252 1.423589
v -0.722513 0.659223 1.399972
v -0.136694 0.816252 1.455171
v -0.652826 0.677918 1.469743
v -0.136337 0.816252 1.477067
v -0.134302 0.816252 1.528856
v -0.583346 0.695976 1.537136
v -0.540743 0.706744 1.577322
v -0.130619 0.816252 1.579143
v -0.486104 0.720198 1.627534
v -0.125293 0.816252 1.628090
v -0.431331 0.733268 1.676310
v -0.121321 0.816252 1.656807
v -0.405089 0.739376 1.699108
v -0.118327 0.816252 1.675842
v -0.376371 0.745945 1.723622
v -0.109714 0.816252 1.722527
v -0.321169 0.758222 1.769440
v -0.265662 0.770091 1.813736
v -0.099442 0.816252 1.768260
v -0.087494 0.816252 1.813146
v -0.209786 0.781544 1.856482
v -0.080386 0.816252 1.836906
v -0.073843 0.816252 1.857283
v -0.153473 0.792576 1.897653
v -0.060932 0.816252 1.894125
v -0.125088 0.797940 1.917671
v -0.058456 0.816252 1.900757
v -0.053131 0.816252 1.914614
v -0.096645 0.803182 1.937233
v -0.036615 0.816252 1.954530
v -0.039236 0.813356 1.975206
v -0.022318 0.816252 1.986012
v 0.010462 0.819889 1.999588
v 0.013475 0.819974 1.999905
v 0.006682 0.819708 1.998910
v 0.002643 0.819431 1.997878
v 0.001810 0.819364 1.997628
v -0.003134 0.818905 1.995913
v -0.008942 0.818238 1.993424
v -0.011706 0.817876 1.992075
v -0.016444 0.817196 1.989535
v -1.253590 0.620000 1.253590
v 0.334175 0.819765 -1.988320
v 0.294127 0.817886 1.949930
v 0.287095 0.819059 1.950926
v 0.280003 0.819764 1.951930
v 0.339364 0.819059 -1.983382
v 0.344508 0.817887 -1.978485
v 0.278116 0.817886 1.843472
v 0.260154 0.817886 1.733300
v 0.240416 0.817886 1.615339
v 0.219047 0.817886 1.482469
v 0.215341 0.817886 1.457976
v 0.202510 0.817886 1.366792
v 0.192514 0.817886 1.283810
v 0.185032 0.817886 1.206684
v 0.179867 0.817886 1.133968
v 0.176887 0.817886 1.064684
v 0.176000 0.817886 1.004829
v 0.176749 0.817886 0.947038
v 0.177320 0.817886 0.929077
v 0.180154 0.817886 0.873417
v 0.190550 0.817886 0.764978
v 0.184564 0.817886 0.818766
v 0.198116 0.817886 0.711917
v 0.207272 0.817886 0.659466
v 0.218027 0.817886 0.607518
v 0.230407 0.817886 0.555944
v 0.244562 0.817886 0.504203
v 0.260759 0.817886 0.450940
v 0.287561 0.817886 0.369605
v 0.318072 0.817886 0.280213
v 0.344362 0.817887 0.200655
v 0.361844 0.817886 0.143181
v 0.374853 0.817886 0.095304
v 0.384655 0.817887 0.053548
v 0.391901 0.817887 0.016209
v 0.396984 0.817886 -0.017701
v 0.400183 0.817886 -0.048900
v 0.400802 0.817886 -0.057751
v 0.401823 0.817886 -0.085593
v 0.401360 0.817886 -0.112025
v 0.399447 0.817886 -0.137203
v 0.396104 0.817886 -0.161273
v 0.391309 0.817886 -0.184448
v 0.384168 0.817886 -0.209459
v 0.390050 0.817886 -0.189458
v 0.377117 0.817886 -0.228681
v 0.368868 0.817886 -0.247218
v 0.359252 0.817886 -0.265369
v 0.348129 0.817886 -0.283319
v 0.343973 0.817886 -0.289432
v 0.329996 0.817886 -0.308290
v 0.314425 0.817886 -0.327027
v 0.297298 0.817886 -0.345734
v 0.278660 0.817886 -0.364497
v 0.258666 0.817886 -0.383322
v 0.218108 0.817886 -0.418910
v 0.253770 0.817886 -0.387774
v 0.177639 0.817886 -0.452690
v 0.131847 0.817886 -0.490781
v 0.093367 0.817886 -0.524149
v 0.064375 0.817886 -0.551092
v 0.040783 0.817886 -0.574889
v 0.033506 0.817886 -0.582696
v 0.015040 0.817886 -0.603826
v -0.001278 0.817886 -0.624576
v -0.016138 0.817886 -0.645764
v -0.029772 0.817886 -0.667647
v -0.042265 0.817886 -0.690340
v -0.053652 0.817886 -0.713932
v -0.063945 0.817886 -0.738501
v -0.072352 0.817886 -0.761772
v -0.080373 0.817886 -0.787896
v -0.087172 0.817886 -0.814689
v -0.092766 0.817886 -0.842157
v -0.097167 0.817886 -0.870299
v -0.100385 0.817887 -0.899115
v -0.102426 0.817887 -0.928612
v -0.103327 0.817887 -0.964629
v -0.102670 0.817886 -0.999066
v -0.100592 0.817886 -1.034039
v -0.097125 0.817887 -1.069535
v -0.092295 0.817887 -1.105537
v -0.086128 0.817886 -1.142027
v -0.078648 0.817886 -1.178980
v -0.071542 0.817887 -1.209637
v -0.059957 0.817887 -1.253721
v -0.046755 0.817886 -1.298037
v -0.031986 0.817887 -1.342560
v -0.015691 0.817887 -1.387262
v 0.002094 0.817887 -1.432111
v 0.021340 0.817887 -1.477072
v 0.042022 0.817887 -1.522104
v 0.064123 0.817886 -1.567165
v 0.087629 0.817887 -1.612201
v 0.099847 0.817887 -1.634583
v 0.128758 0.817887 -1.685076
v 0.190035 0.817887 -1.782273
v 0.158891 0.817887 -1.734416
v 0.221965 0.817886 -1.828310
v 0.254432 0.817887 -1.872159
v 0.287155 0.817886 -1.913413
v 0.316260 0.817887 -1.947615
v 0.310933 0.819059 -1.952312
v 0.281670 0.819059 -1.917924
v 0.248794 0.819059 -1.876477
v 0.216192 0.819059 -1.832446
v 0.184140 0.819059 -1.786233
v 0.152884 0.819059 -1.738203
v 0.122646 0.819059 -1.688692
v 0.093635 0.819059 -1.638024
v 0.081375 0.819059 -1.615566
v 0.057786 0.819059 -1.570372
v 0.035607 0.819059 -1.525151
v 0.014849 0.819059 -1.479952
v -0.004471 0.819059 -1.434819
v -0.022328 0.819059 -1.389789
v -0.038692 0.819059 -1.344896
v -0.053529 0.819059 -1.300171
v -0.066795 0.819059 -1.255639
v -0.078440 0.819059 -1.211326
v -0.085586 0.819059 -1.180497
v -0.093111 0.819059 -1.143325
v -0.099317 0.819059 -1.106603
v -0.104179 0.819059 -1.070354
v -0.107672 0.819059 -1.034597
v -0.109766 0.819059 -0.999346
v -0.110429 0.819059 -0.964615
v -0.109519 0.819059 -0.928266
v -0.107458 0.819059 -0.898477
v -0.104207 0.819059 -0.869358
v -0.099756 0.819059 -0.840901
v -0.094096 0.819059 -0.813109
v -0.087212 0.819059 -0.785981
v -0.079087 0.819059 -0.759517
v -0.070565 0.819059 -0.735929
v -0.060128 0.819059 -0.711016
v -0.048576 0.819059 -0.687083
v -0.035900 0.819059 -0.664055
v -0.022062 0.819059 -0.641846
v -0.006980 0.819059 -0.620341
v 0.009576 0.819059 -0.599289
v 0.028271 0.819059 -0.577897
v 0.035627 0.819059 -0.570005
v 0.059436 0.819059 -0.545988
v 0.088625 0.819059 -0.518861
v 0.127266 0.819059 -0.485354
v 0.173114 0.819059 -0.447217
v 0.213512 0.819059 -0.413495
v 0.249008 0.819059 -0.382505
v 0.253871 0.819059 -0.378083
v 0.273711 0.819059 -0.359403
v 0.292164 0.819059 -0.340827
v 0.309079 0.819059 -0.322353
v 0.324415 0.819059 -0.303898
v 0.338141 0.819059 -0.285379
v 0.342214 0.819059 -0.279388
v 0.353094 0.819059 -0.261831
v 0.362481 0.819059 -0.244113
v 0.370534 0.819059 -0.226014
v 0.377424 0.819059 -0.207234
v 0.383176 0.819059 -0.187674
v 0.384407 0.819059 -0.182771
v 0.389105 0.819059 -0.160068
v 0.392385 0.819059 -0.136448
v 0.394265 0.819059 -0.111697
v 0.394722 0.819059 -0.085664
v 0.393714 0.819059 -0.058192
v 0.393103 0.819059 -0.049448
v 0.389938 0.819059 -0.018591
v 0.384902 0.819059 0.015004
v 0.377712 0.819059 0.052058
v 0.367969 0.819059 0.093559
v 0.355019 0.819059 0.141213
v 0.337594 0.819059 0.198504
v 0.311347 0.819059 0.277930
v 0.280835 0.819059 0.367325
v 0.253988 0.819059 0.448797
v 0.237741 0.819059 0.502224
v 0.223528 0.819059 0.554178
v 0.211096 0.819059 0.605968
v 0.200295 0.819059 0.658135
v 0.191102 0.819059 0.710805
v 0.183504 0.819059 0.764084
v 0.177494 0.819059 0.818089
v 0.173067 0.819059 0.872951
v 0.170223 0.819059 0.928819
v 0.169649 0.819059 0.946845
v 0.168898 0.819059 1.004837
v 0.169788 0.819059 1.064885
v 0.172776 0.819059 1.134373
v 0.177955 0.819059 1.207281
v 0.185454 0.819059 1.284580
v 0.195468 0.819059 1.367714
v 0.208317 0.819059 1.459026
v 0.212027 0.819059 1.483544
v 0.233411 0.819059 1.616503
v 0.253148 0.819059 1.734468
v 0.271101 0.819059 1.844580
v 0.305560 0.819765 -1.957050
v 0.276138 0.819765 -1.922475
v 0.243107 0.819765 -1.880833
v 0.210368 0.819765 -1.836618
v 0.178193 0.819765 -1.790227
v 0.146824 0.819765 -1.742023
v 0.116480 0.819765 -1.692338
v 0.087369 0.819765 -1.641496
v 0.075066 0.819765 -1.618959
v 0.051394 0.819765 -1.573607
v 0.029136 0.819765 -1.528223
v 0.008301 0.819765 -1.482857
v -0.011093 0.819765 -1.437549
v -0.029022 0.819765 -1.392337
v -0.045457 0.819765 -1.347252
v -0.060362 0.819765 -1.302323
v -0.073692 0.819765 -1.257574
v -0.085398 0.819765 -1.213028
v -0.092584 0.819765 -1.182028
v -0.100154 0.819765 -1.144634
v -0.106399 0.819765 -1.107677
v -0.111295 0.819765 -1.071181
v -0.114814 0.819765 -1.035160
v -0.116925 0.819765 -0.999629
v -0.117592 0.819765 -0.964601
v -0.116674 0.819765 -0.927917
v -0.114593 0.819765 -0.897834
v -0.111307 0.819765 -0.868408
v -0.106806 0.819765 -0.839634
v -0.101079 0.819764 -0.811514
v -0.094110 0.819764 -0.784050
v -0.085880 0.819764 -0.757242
v -0.077242 0.819764 -0.733336
v -0.066661 0.819764 -0.708074
v -0.054943 0.819764 -0.683797
v -0.042080 0.819764 -0.660433
v -0.028037 0.819764 -0.637894
v -0.012730 0.819764 -0.616070
v 0.004065 0.819764 -0.594712
v 0.022991 0.819764 -0.573056
v 0.030427 0.819764 -0.565079
v 0.054455 0.819764 -0.540840
v 0.083843 0.819764 -0.513528
v 0.122645 0.819764 -0.479880
v 0.168549 0.819764 -0.441696
v 0.208877 0.819764 -0.408034
v 0.244204 0.819764 -0.377191
v 0.249036 0.819764 -0.372797
v 0.268719 0.819764 -0.354265
v 0.286985 0.819764 -0.335877
v 0.303686 0.819764 -0.317638
v 0.318785 0.819764 -0.299469
v 0.332259 0.819764 -0.281291
v 0.336248 0.819764 -0.275423
v 0.346883 0.819764 -0.258262
v 0.356038 0.819764 -0.240980
v 0.363895 0.819764 -0.223323
v 0.370620 0.819764 -0.204990
v 0.376241 0.819764 -0.185874
v 0.377446 0.819764 -0.181079
v 0.382046 0.819764 -0.158852
v 0.385262 0.819764 -0.135687
v 0.387109 0.819764 -0.111366
v 0.387558 0.819764 -0.085736
v 0.386564 0.819764 -0.058637
v 0.385961 0.819764 -0.050001
v 0.382831 0.819764 -0.019490
v 0.377842 0.819764 0.013789
v 0.370708 0.819764 0.050555
v 0.361025 0.819764 0.091798
v 0.348136 0.819764 0.139229
v 0.330768 0.819764 0.196333
v 0.304564 0.819764 0.275628
v 0.274051 0.819764 0.365025
v 0.247158 0.819764 0.446635
v 0.230861 0.819764 0.500229
v 0.216590 0.819764 0.552397
v 0.204105 0.819764 0.604406
v 0.193258 0.819764 0.656793
v 0.184026 0.819764 0.709683
v 0.176397 0.819764 0.763182
v 0.170363 0.819764 0.817405
v 0.165919 0.819764 0.872482
v 0.163064 0.819764 0.928558
v 0.162489 0.819764 0.946650
v 0.161734 0.819764 1.004844
v 0.162627 0.819764 1.065087
v 0.165625 0.819764 1.134783
v 0.170817 0.819764 1.207882
v 0.178332 0.819764 1.285356
v 0.188366 0.819764 1.368645
v 0.201231 0.819764 1.460084
v 0.204946 0.819764 1.484629
v 0.226344 0.819764 1.617678
v 0.246082 0.819764 1.735645
v 0.264025 0.819764 1.845698
v -0.030190 0.817886 1.951728
v -0.005248 0.819059 1.989004
v 0.119944 0.817886 -1.958339
v 0.175553 0.817886 -1.991977
v 0.179140 0.819059 -1.985847
v 0.182757 0.819765 -1.979664
v 0.001202 0.819764 1.985888
v 0.069167 0.817886 -1.925471
v 0.021845 0.817886 -1.892642
v -0.022459 0.817886 -1.859613
v -0.059874 0.817886 -1.829654
v -0.094554 0.817886 -1.799861
v -0.107121 0.817886 -1.788510
v -0.138228 0.817886 -1.758940
v -0.167234 0.817886 -1.729165
v -0.194199 0.817886 -1.699149
v -0.219178 0.817886 -1.668853
v -0.242225 0.817886 -1.638230
v -0.263387 0.817886 -1.607221
v -0.282704 0.817886 -1.575759
v -0.299761 0.817886 -1.544637
v -0.314094 0.817886 -1.515188
v -0.326862 0.817886 -1.485427
v -0.338097 0.817886 -1.455300
v -0.347826 0.817886 -1.424741
v -0.356065 0.817886 -1.393680
v -0.362823 0.817886 -1.362042
v -0.368092 0.817886 -1.329770
v -0.370375 0.817886 -1.311519
v -0.373273 0.817886 -1.278622
v -0.374680 0.817886 -1.245381
v -0.374630 0.817886 -1.211780
v -0.373158 0.817886 -1.177803
v -0.370303 0.817886 -1.143437
v -0.366101 0.817886 -1.108665
v -0.360593 0.817886 -1.073471
v -0.353345 0.817887 -1.035540
v -0.343575 0.817886 -0.992364
v -0.332160 0.817886 -0.948530
v -0.319178 0.817887 -0.903971
v -0.304711 0.817886 -0.858611
v -0.288845 0.817886 -0.812371
v -0.271667 0.817886 -0.765157
v -0.253253 0.817886 -0.716809
v -0.222087 0.817886 -0.638302
v -0.178781 0.817886 -0.532156
v -0.134312 0.817887 -0.421824
v -0.104016 0.817886 -0.342844
v -0.080207 0.817886 -0.276515
v -0.060641 0.817886 -0.217424
v -0.044346 0.817886 -0.163274
v -0.030781 0.817886 -0.112807
v -0.019598 0.817886 -0.065247
v -0.010297 0.817886 -0.018626
v -0.003138 0.817886 0.025448
v 0.002482 0.817886 0.070018
v 0.006625 0.817886 0.115273
v 0.009313 0.817886 0.160890
v 0.010619 0.817886 0.206966
v 0.010608 0.817886 0.253571
v 0.009344 0.817886 0.300758
v 0.006888 0.817886 0.348572
v 0.003306 0.817886 0.397055
v -0.001331 0.817886 0.446245
v -0.006951 0.817886 0.496183
v -0.013474 0.817886 0.546906
v -0.020813 0.817886 0.598457
v -0.028888 0.817886 0.650960
v -0.047923 0.817886 0.765435
v -0.072213 0.817886 0.905813
v -0.091458 0.817886 1.022494
v -0.104405 0.817886 1.110260
v -0.113944 0.817886 1.185675
v -0.120922 0.817886 1.253536
v -0.125737 0.817886 1.316060
v -0.128627 0.817886 1.374552
v -0.129328 0.817886 1.476906
v -0.129702 0.817886 1.423648
v -0.127303 0.817886 1.528463
v -0.123637 0.817886 1.578508
v -0.111410 0.817886 1.674700
v -0.118339 0.817886 1.627206
v -0.102846 0.817886 1.721123
v -0.092634 0.817886 1.766590
v -0.080757 0.817886 1.811209
v -0.067189 0.817886 1.855078
v -0.051896 0.817886 1.898285
v -0.046604 0.817886 1.912057
v -0.023680 0.819059 1.948889
v -0.039991 0.819059 1.909467
v -0.045250 0.819059 1.895781
v -0.060447 0.819059 1.852844
v -0.073931 0.819059 1.809246
v -0.085736 0.819059 1.764899
v -0.095887 0.819059 1.719701
v -0.104403 0.819059 1.673544
v -0.111294 0.819059 1.626310
v -0.116565 0.819059 1.577866
v -0.120212 0.819059 1.528065
v -0.122228 0.819059 1.476743
v -0.122600 0.819059 1.423708
v -0.121530 0.819059 1.374800
v -0.118650 0.819059 1.316509
v -0.113849 0.819059 1.254174
v -0.106889 0.819059 1.186485
v -0.097369 0.819059 1.111225
v -0.084441 0.819059 1.023592
v -0.065213 0.819059 0.907011
v -0.040924 0.819059 0.766637
v -0.021873 0.819059 0.652073
v -0.013788 0.819059 0.599500
v -0.006436 0.819059 0.547862
v 0.000100 0.819059 0.497036
v 0.005733 0.819059 0.446978
v 0.010383 0.819059 0.397652
v 0.013976 0.819059 0.349018
v 0.016440 0.819059 0.301037
v 0.017710 0.819059 0.253669
v 0.017720 0.819059 0.206869
v 0.016408 0.819059 0.160582
v 0.013707 0.819059 0.114742
v 0.009542 0.819059 0.069252
v 0.003891 0.819059 0.024436
v -0.003308 0.819059 -0.019890
v -0.012658 0.819059 -0.066757
v -0.023894 0.819059 -0.114542
v -0.037516 0.819059 -0.165220
v -0.053869 0.819059 -0.219565
v -0.073494 0.819059 -0.278833
v -0.097358 0.819059 -0.345317
v -0.127705 0.819059 -0.424428
v -0.172207 0.819059 -0.534843
v -0.215502 0.819059 -0.640962
v -0.246632 0.819059 -0.719379
v -0.265013 0.819059 -0.767639
v -0.282150 0.819059 -0.814741
v -0.297970 0.819059 -0.860846
v -0.312386 0.819059 -0.906047
v -0.325314 0.819059 -0.950422
v -0.336675 0.819059 -0.994047
v -0.346392 0.819059 -1.036987
v -0.353595 0.819059 -1.074685
v -0.359067 0.819059 -1.109643
v -0.363238 0.819059 -1.144159
v -0.366071 0.819059 -1.178253
v -0.367529 0.819059 -1.211941
v -0.367579 0.819059 -1.245238
v -0.366186 0.819059 -1.278162
v -0.363317 0.819059 -1.310731
v -0.361057 0.819059 -1.328795
v -0.355843 0.819059 -1.360728
v -0.349158 0.819059 -1.392027
v -0.341007 0.819059 -1.422753
v -0.331384 0.819059 -1.452981
v -0.320269 0.819059 -1.482785
v -0.307636 0.819059 -1.512232
v -0.293450 0.819059 -1.541379
v -0.276562 0.819059 -1.572194
v -0.257427 0.819059 -1.603358
v -0.236454 0.819059 -1.634090
v -0.213600 0.819059 -1.664456
v -0.188817 0.819059 -1.694515
v -0.162049 0.819059 -1.724312
v -0.133238 0.819059 -1.753887
v -0.102324 0.819059 -1.783273
v -0.089830 0.819059 -1.794557
v -0.055341 0.819059 -1.824187
v -0.018113 0.819059 -1.853996
v 0.025991 0.819059 -1.886876
v 0.073119 0.819059 -1.919571
v 0.123712 0.819059 -1.952319
v -0.017113 0.819764 1.946026
v -0.033321 0.819764 1.906853
v -0.038547 0.819764 1.893255
v -0.053647 0.819764 1.850590
v -0.067047 0.819764 1.807267
v -0.078779 0.819764 1.763192
v -0.088869 0.819764 1.718266
v -0.097335 0.819764 1.672378
v -0.104188 0.819764 1.625406
v -0.109430 0.819764 1.577218
v -0.113060 0.819764 1.527664
v -0.115067 0.819764 1.476578
v -0.115437 0.819764 1.423769
v -0.114371 0.819764 1.375050
v -0.111501 0.819764 1.316962
v -0.106714 0.819764 1.254816
v -0.099772 0.819764 1.187302
v -0.090272 0.819764 1.112199
v -0.077364 0.819764 1.024701
v -0.058152 0.819764 0.908219
v -0.033864 0.819764 0.767850
v -0.014798 0.819764 0.653196
v -0.006703 0.819764 0.600552
v 0.000662 0.819764 0.548826
v 0.007211 0.819764 0.497895
v 0.012858 0.819764 0.447718
v 0.017522 0.819764 0.398254
v 0.021125 0.819764 0.349468
v 0.023598 0.819764 0.301319
v 0.024872 0.819764 0.253768
v 0.024883 0.819764 0.206770
v 0.023565 0.819764 0.160272
v 0.020851 0.819764 0.114207
v 0.016664 0.819764 0.068478
v 0.010982 0.819764 0.023415
v 0.003741 0.819764 -0.021165
v -0.005659 0.819764 -0.068281
v -0.016948 0.819764 -0.116293
v -0.030627 0.819764 -0.167183
v -0.047039 0.819764 -0.221725
v -0.066723 0.819764 -0.281170
v -0.090643 0.819764 -0.347812
v -0.121040 0.819764 -0.427054
v -0.165576 0.819764 -0.537554
v -0.208860 0.819764 -0.643646
v -0.239953 0.819764 -0.721971
v -0.258301 0.819764 -0.770142
v -0.275397 0.819764 -0.817132
v -0.291171 0.819765 -0.863101
v -0.305535 0.819765 -0.908140
v -0.318410 0.819765 -0.952331
v -0.329716 0.819765 -0.995744
v -0.339378 0.819765 -1.038447
v -0.346537 0.819765 -1.075911
v -0.351971 0.819765 -1.110629
v -0.356111 0.819765 -1.144888
v -0.358922 0.819765 -1.178707
v -0.360368 0.819765 -1.212103
v -0.360417 0.819765 -1.245094
v -0.359037 0.819765 -1.277698
v -0.356197 0.819765 -1.309936
v -0.353961 0.819765 -1.327811
v -0.348803 0.819765 -1.359402
v -0.342191 0.819765 -1.390360
v -0.334130 0.819765 -1.420747
v -0.324613 0.819765 -1.450641
v -0.313619 0.819765 -1.480120
v -0.301122 0.819765 -1.509251
v -0.287084 0.819765 -1.538094
v -0.270366 0.819765 -1.568598
v -0.251415 0.819765 -1.599463
v -0.230633 0.819765 -1.629915
v -0.207975 0.819765 -1.660022
v -0.183389 0.819765 -1.689840
v -0.156819 0.819765 -1.719416
v -0.128205 0.819765 -1.748789
v -0.097485 0.819765 -1.777991
v -0.085066 0.819765 -1.789208
v -0.050768 0.819765 -1.818673
v -0.013729 0.819765 -1.848331
v 0.030172 0.819765 -1.881059
v 0.077107 0.819765 -1.913620
v 0.127512 0.819765 -1.946247
vn -1.0000 -0.0000 -0.0000
vn -0.0000 -0.0000 1.0000
vn 1.0000 -0.0000 -0.0000
vn -0.0000 -0.0000 -1.0000
vn -0.0000 1.0000 -0.0000
vn -0.0000 1.0000 0.0001
vn -0.0000 -1.0000 -0.0000
vn -0.2588 0.9659 -0.0000
vn -0.0000 0.9658 -0.2591
vn -0.0000 0.9657 -0.2595
vn -0.0000 0.9658 -0.2593
vn -0.0000 0.9654 -0.2608
vn -0.0000 0.9661 -0.2583
vn -0.0000 0.9660 -0.2586
vn -0.0000 0.9659 -0.2589
vn -0.0000 0.9660 -0.2587
vn -0.0000 0.9659 -0.2588
vn -0.2525 -0.9659 0.0567
vn 0.2586 0.9659 -0.0101
vn 0.2587 0.9659 -0.0091
vn 0.2583 0.9660 -0.0074
vn 0.2586 0.9659 -0.0074
vn 0.2579 0.9659 -0.0220
vn 0.2550 0.9660 -0.0415
vn 0.2520 0.9659 -0.0599
vn -0.2485 -0.9658 0.0736
vn 0.2442 0.9659 -0.0855
vn -0.2441 -0.9659 0.0861
vn 0.2444 0.9660 -0.0840
vn 0.2433 0.9660 -0.0881
vn -0.2312 -0.9658 0.1175
vn -0.2265 -0.9657 0.1266
vn 0.1847 0.9639 -0.1918
vn 0.2029 0.9659 -0.1608
vn 0.2031 0.9659 -0.1605
vn 0.1914 0.9657 -0.1754
vn -0.1936 -0.9656 0.1734
vn 0.1947 0.9656 -0.1720
vn -0.1957 -0.9660 0.1692
vn 0.1954 0.9659 -0.1696
vn -0.1909 -0.9662 0.1732
vn -0.1927 -0.9658 0.1736
vn -0.1903 -0.9659 0.1758
vn 0.1831 0.9659 -0.1830
vn 0.2284 0.9660 0.1211
vn 0.2547 0.9659 -0.0474
vn 0.2488 0.9659 -0.0712
vn 0.2182 0.9659 -0.1392
vn 0.2561 0.9659 -0.0373
vn 0.2565 0.9659 -0.0349
vn 0.2565 0.9659 -0.0344
vn 0.2570 0.9659 -0.0310
vn 0.2561 0.9659 -0.0372
vn 0.2559 0.9659 -0.0387
vn 0.2558 0.9659 -0.0395
vn 0.2556 0.9659 -0.0407
vn 0.2553 0.9660 -0.0421
vn 0.2553 0.9659 -0.0422
vn 0.2558 0.9658 -0.0428
vn 0.2554 0.9659 -0.0416
vn 0.2560 0.9659 -0.0386
vn 0.2558 0.9660 -0.0385
vn 0.2565 0.9659 -0.0354
vn 0.2570 0.9659 -0.0315
vn 0.2571 0.9659 -0.0296
vn 0.2576 0.9659 -0.0250
vn 0.2576 0.9659 -0.0265
vn 0.2580 0.9659 -0.0205
vn 0.2579 0.9659 -0.0217
vn 0.2583 0.9659 -0.0171
vn 0.2583 0.9659 -0.0179
vn 0.2585 0.9659 -0.0117
vn 0.2585 0.9659 -0.0123
vn 0.2587 0.9659 -0.0079
vn 0.2588 0.9659 -0.0034
vn 0.2588 0.9659 -0.0038
vn 0.2588 0.9659 0.0017
vn 0.2588 0.9659 0.0025
vn 0.2588 0.9659 0.0053
vn 0.2587 0.9659 0.0074
vn 0.2587 0.9659 0.0082
vn 0.2585 0.9659 0.0132
vn 0.2585 0.9659 0.0139
vn 0.2580 0.9659 0.0208
vn 0.2582 0.9659 0.0191
vn 0.2573 0.9659 0.0274
vn 0.2576 0.9659 0.0260
vn 0.2569 0.9659 0.0314
vn 0.2569 0.9659 0.0315
vn 0.2563 0.9659 0.0365
vn 0.2559 0.9659 0.0384
vn 0.2554 0.9659 0.0422
vn 0.2547 0.9659 0.0462
vn 0.2540 0.9659 0.0496
vn 0.2535 0.9659 0.0525
vn 0.2524 0.9659 0.0571
vn 0.2526 0.9659 0.0565
vn 0.2515 0.9659 0.0611
vn 0.2512 0.9659 0.0622
vn 0.2497 0.9659 0.0683
vn 0.2495 0.9659 0.0689
vn 0.2476 0.9659 0.0753
vn 0.2482 0.9659 0.0739
vn 0.2463 0.9659 0.0795
vn 0.2466 0.9659 0.0787
vn 0.2455 0.9659 0.0820
vn 0.2456 0.9659 0.0817
vn 0.2449 0.9659 0.0836
vn 0.2451 0.9659 0.0832
vn 0.2462 0.9660 0.0794
vn 0.2458 0.9659 0.0812
vn 0.2472 0.9659 0.0765
vn 0.2475 0.9659 0.0753
vn 0.2483 0.9659 0.0731
vn 0.2499 0.9659 0.0670
vn 0.2495 0.9659 0.0693
vn 0.2505 0.9659 0.0652
vn 0.2517 0.9659 0.0604
vn 0.2518 0.9659 0.0599
vn 0.2526 0.9659 0.0564
vn 0.2528 0.9659 0.0551
vn 0.2540 0.9659 0.0493
vn 0.2546 0.9659 0.0463
vn 0.2560 0.9659 0.0384
vn 0.2552 0.9660 0.0420
vn 0.2571 0.9659 0.0323
vn 0.2563 0.9659 0.0362
vn 0.2574 0.9659 0.0276
vn 0.2575 0.9659 0.0260
vn 0.2580 0.9659 0.0211
vn 0.2582 0.9659 0.0181
vn 0.2583 0.9659 0.0164
vn 0.2586 0.9659 0.0112
vn 0.2587 0.9659 0.0099
vn 0.2588 0.9659 0.0043
vn 0.2588 0.9659 0.0051
vn 0.2589 0.9659 -0.0022
vn 0.2588 0.9659 -0.0006
vn 0.2587 0.9659 -0.0095
vn 0.2587 0.9659 -0.0105
vn 0.2583 0.9659 -0.0162
vn 0.2582 0.9659 -0.0180
vn 0.2577 0.9659 -0.0240
vn 0.2578 0.9659 -0.0231
vn 0.2570 0.9659 -0.0307
vn 0.2570 0.9659 -0.0308
vn 0.2559 0.9659 -0.0389
vn 0.2556 0.9659 -0.0411
vn 0.2547 0.9659 -0.0457
vn 0.2537 0.9659 -0.0515
vn 0.2531 0.9659 -0.0542
vn 0.2521 0.9659 -0.0588
vn 0.2510 0.9659 -0.0630
vn 0.2508 0.9659 -0.0640
vn 0.2493 0.9659 -0.0696
vn 0.2490 0.9659 -0.0707
vn 0.2469 0.9659 -0.0777
vn 0.2474 0.9659 -0.0759
vn 0.2449 0.9659 -0.0839
vn 0.2453 0.9659 -0.0828
vn 0.2420 0.9659 -0.0919
vn 0.2396 0.9658 -0.0987
vn 0.2416 0.9659 -0.0931
vn 0.2374 0.9659 -0.1032
vn 0.2358 0.9659 -0.1065
vn 0.2341 0.9659 -0.1105
vn 0.2316 0.9659 -0.1155
vn 0.2294 0.9659 -0.1197
vn 0.2281 0.9659 -0.1223
vn 0.2252 0.9659 -0.1276
vn 0.2253 0.9659 -0.1274
vn 0.2217 0.9659 -0.1336
vn 0.2220 0.9659 -0.1331
vn 0.2173 0.9659 -0.1407
vn 0.2165 0.9659 -0.1420
vn 0.2140 0.9659 -0.1455
vn 0.2125 0.9659 -0.1478
vn 0.2095 0.9659 -0.1519
vn 0.2079 0.9659 -0.1541
vn 0.1700 0.9659 -0.1952
vn 0.1710 0.9659 -0.1942
vn 0.1738 0.9659 -0.1919
vn 0.2055 0.9659 -0.1574
vn 0.2024 0.9659 -0.1612
vn 0.1991 0.9659 -0.1654
vn 0.1984 0.9659 -0.1662
vn 0.1909 0.9659 -0.1748
vn 0.1920 0.9659 -0.1735
vn 0.1866 0.9659 -0.1794
vn 0.1874 0.9659 -0.1785
vn 0.1831 0.9659 -0.1829
vn 0.1843 0.9659 -0.1817
vn 0.1788 0.9659 -0.1873
vn 0.1797 0.9659 -0.1863
vn 0.1759 0.9659 -0.1899
vn 0.1742 0.9659 -0.1915
vn 0.1829 0.9660 -0.1825
vn 0.1845 0.9649 -0.1870
vn 0.1832 0.9660 -0.1826
vn 0.1789 0.9659 -0.1870
vn 0.1839 0.9659 -0.1823
vn 0.1846 0.9659 -0.1816
vn 0.1871 0.9659 -0.1788
vn 0.1893 0.9659 -0.1765
vn 0.2035 0.9659 -0.1601
vn 0.2198 0.9659 -0.1369
vn 0.2256 0.9659 -0.1270
vn 0.2268 0.9659 -0.1249
vn 0.2323 0.9659 -0.1143
vn 0.2332 0.9659 -0.1126
vn 0.2435 0.9659 -0.0880
vn 0.2475 0.9659 -0.0760
vn 0.2580 0.9659 -0.0203
vn 0.2573 0.9659 -0.0287
vn 0.2565 0.9659 -0.0339
vn 0.2558 0.9659 -0.0400
vn 0.2536 0.9659 -0.0516
vn 0.2589 0.9659 -0.0065
vn 0.2565 0.9659 0.0344
vn 0.2576 0.9659 0.0252
vn 0.2578 0.9659 0.0226
vn 0.2569 0.9659 0.0322
vn 0.2559 0.9659 0.0387
vn 0.2552 0.9659 0.0431
vn 0.2544 0.9659 0.0475
vn 0.2537 0.9659 0.0514
vn 0.2521 0.9659 0.0584
vn 0.2515 0.9659 0.0606
vn 0.2504 0.9659 0.0658
vn 0.2480 0.9659 0.0739
vn 0.2480 0.9659 0.0740
vn 0.2438 0.9659 0.0866
vn 0.2432 0.9659 0.0887
vn 0.2415 0.9659 0.0930
vn 0.2414 0.9659 0.0932
vn 0.2402 0.9659 0.0963
vn 0.2393 0.9659 0.0983
vn 0.2380 0.9659 0.1019
vn 0.2360 0.9659 0.1062
vn 0.2367 0.9659 0.1048
vn 0.2346 0.9659 0.1092
vn 0.2345 0.9659 0.1095
vn 0.2324 0.9659 0.1140
vn 0.2313 0.9659 0.1159
vn 0.2302 0.9659 0.1184
vn 0.2290 0.9659 0.1206
vn 0.2266 0.9659 0.1252
vn 0.2234 0.9659 0.1306
vn 0.2247 0.9659 0.1286
vn 0.2270 0.9660 0.1240
vn 0.2212 0.9659 0.1344
vn 0.2194 0.9658 0.1378
vn 0.2208 0.9659 0.1349
vn 0.2173 0.9659 0.1406
vn 0.2169 0.9659 0.1412
vn 0.2145 0.9659 0.1449
vn 0.2027 0.9660 0.1608
vn 0.2067 0.9659 0.1558
vn 0.2074 0.9659 0.1548
vn 0.2092 0.9659 0.1524
vn 0.2105 0.9660 0.1504
vn 0.2128 0.9659 0.1476
vn 0.2152 0.9659 0.1437
vn 0.2049 0.9658 0.1587
vn 0.1985 0.9660 0.1659
vn 0.1973 0.9659 0.1679
vn 0.1925 0.9660 0.1726
vn 0.1914 0.9658 0.1751
vn 0.1853 0.9661 0.1796
vn -0.1890 -0.9661 0.1758
vn 0.1833 0.9658 -0.1832
vn -0.2393 -0.9635 0.1204
vn -0.2377 -0.9633 0.1251
vn -0.1910 -0.9659 0.1747
vn -0.1911 -0.9658 0.1752
vn 0.1868 0.9659 -0.1791
vn 0.1865 0.9659 -0.1797
vn 0.1815 0.9659 -0.1848
vn -0.1926 -0.9655 0.1751
vn 0.1819 0.9656 -0.1860
vn 0.1811 0.9659 -0.1853
vn 0.1809 0.9660 -0.1847
vn -0.1923 -0.9658 0.1741
vn -0.1922 -0.9662 0.1717
vn -0.1901 -0.9658 0.1762
vn -0.1899 -0.9660 0.1757
vn -0.1897 -0.9660 0.1756
vn -0.1899 -0.9659 0.1761
vn -0.1915 -0.9660 0.1738
vn -0.1920 -0.9659 0.1737
vn 0.1819 0.9657 -0.1855
vn 0.1830 0.9661 -0.1823
vn 0.1830 0.9659 -0.1829
vn 0.1831 0.9659 -0.1831
vn 0.1821 0.9657 -0.1853
vn 0.1820 0.9659 -0.1841
vn -0.1927 -0.9657 0.1739
vn 0.1825 0.9660 -0.1833
vn 0.1824 0.9659 -0.1839
vn 0.1834 0.9659 -0.1825
vn -0.1936 -0.9657 0.1729
vn 0.1846 0.9655 -0.1834
vn 0.1841 0.9659 -0.1822
vn 0.1893 0.9665 -0.1731
vn 0.1845 0.9657 -0.1829
vn 0.1847 0.9660 -0.1811
vn 0.1828 0.9657 -0.1846
vn -0.1928 -0.9660 0.1722
vn -0.1926 -0.9660 0.1725
vn 0.1809 0.9662 -0.1835
vn 0.1816 0.9658 -0.1853
vn 0.1834 0.9659 -0.1827
vn 0.1835 0.9658 -0.1831
vn 0.1788 0.9659 -0.1872
vn 0.1788 0.9659 -0.1871
vn 0.1841 0.9659 -0.1819
vn -0.1898 -0.9659 0.1761
vn -0.1897 -0.9660 0.1758
vn -0.1916 -0.9656 0.1756
vn -0.1906 -0.9659 0.1752
vn 0.1806 0.9658 -0.1861
vn 0.1803 0.9660 -0.1852
vn 0.1836 0.9658 -0.1831
vn 0.1813 0.9669 -0.1798
vn -0.1890 -0.9660 0.1764
vn 0.1497 0.9648 -0.2162
vn -0.1919 -0.9661 0.1725
vn 0.1746 0.9642 -0.1995
vn 0.1811 0.9658 -0.1855
vn 0.1824 0.9661 -0.1829
vn 0.1834 0.9659 -0.1829
vn 0.1789 0.9659 -0.1874
vn 0.1787 0.9660 -0.1870
vn 0.1789 0.9659 -0.1872
vn 0.1821 0.9659 -0.1842
vn 0.1817 0.9657 -0.1855
vn 0.1818 0.9661 -0.1835
vn 0.1829 0.9661 -0.1820
vn 0.1829 0.9656 -0.1850
vn 0.1860 0.9626 -0.1969
vn 0.1464 0.9758 -0.1626
vn 0.1619 0.9629 -0.2158
vn 0.1830 0.9650 -0.1877
vn 0.1828 0.9676 -0.1742
vn 0.1643 0.9590 -0.2309
vn 0.1602 0.9691 -0.1876
vn 0.1962 0.9658 -0.1698
vn 0.1962 0.9679 -0.1570
vn -0.1984 -0.9660 0.1656
vn 0.1957 0.9658 -0.1702
vn 0.1958 0.9660 -0.1690
vn 0.1909 0.9648 -0.1809
vn -0.1962 -0.9659 0.1691
vn -0.1958 -0.9663 0.1670
vn 0.1936 0.9661 -0.1709
vn 0.1943 0.9658 -0.1715
vn -0.1960 -0.9660 0.1685
vn -0.1960 -0.9661 0.1683
vn 0.1936 0.9659 -0.1718
vn 0.1939 0.9658 -0.1720
vn -0.1961 -0.9659 0.1691
vn -0.1961 -0.9660 0.1686
vn 0.1933 0.9661 -0.1709
vn -0.1934 -0.9660 0.1714
vn 0.1946 0.9657 -0.1718
vn 0.1946 0.9657 -0.1720
vn -0.1938 -0.9658 0.1723
vn -0.1928 -0.9662 0.1712
vn -0.1959 -0.9659 0.1692
vn -0.1958 -0.9659 0.1693
vn -0.1936 -0.9659 0.1717
vn -0.1934 -0.9658 0.1728
vn 0.1899 0.9659 -0.1758
vn 0.1911 0.9656 -0.1762
vn 0.1879 0.9666 -0.1746
vn -0.1935 -0.9659 0.1718
vn -0.1961 -0.9659 0.1692
vn -0.1958 -0.9659 0.1692
vn 0.1907 0.9656 -0.1765
vn 0.1894 0.9657 -0.1775
vn 0.1911 0.9659 -0.1745
vn 0.1914 0.9658 -0.1748
vn 0.1882 0.9660 -0.1771
vn -0.1933 -0.9661 0.1709
vn -0.1937 -0.9660 0.1711
vn 0.1906 0.9660 -0.1746
vn 0.1907 0.9659 -0.1752
vn 0.1887 0.9659 -0.1774
vn 0.1886 0.9659 -0.1774
vn 0.1868 0.9659 -0.1792
vn 0.1882 0.9678 -0.1673
vn 0.1907 0.9660 -0.1745
vn 0.1912 0.9636 -0.1867
vn 0.1939 0.9660 -0.1713
vn 0.1935 0.9659 -0.1719
vn -0.1958 -0.9659 0.1697
vn -0.1938 -0.9662 0.1702
vn 0.1839 0.9660 -0.1815
vn 0.1837 0.9659 -0.1825
vn 0.1848 0.9659 -0.1812
vn 0.1849 0.9658 -0.1816
vn -0.1932 -0.9660 0.1715
vn -0.1914 -0.9665 0.1711
vn 0.1847 0.9659 -0.1814
vn 0.1816 0.9661 -0.1837
vn 0.1836 0.9657 -0.1836
vn -0.1936 -0.9659 0.1719
vn -0.1942 -0.9657 0.1724
vn -0.1914 -0.9662 0.1729
vn 0.1826 0.9657 -0.1845
vn -0.1938 -0.9657 0.1730
vn -0.1930 -0.9660 0.1718
vn -0.1907 -0.9656 0.1767
vn 0.1824 0.9656 -0.1852
vn 0.1819 0.9658 -0.1846
vn -0.1931 -0.9658 0.1730
vn -0.1932 -0.9661 0.1713
vn -0.1939 -0.9650 0.1766
vn -0.1958 -0.9659 0.1694
vn 0.1845 0.9658 -0.1821
vn 0.1854 0.9660 -0.1804
vn 0.1848 0.9659 -0.1811
vn 0.1841 0.9659 -0.1820
vn 0.1844 0.9658 -0.1820
vn 0.1830 0.9663 -0.1812
vn 0.1848 0.9659 -0.1815
vn 0.1845 0.9660 -0.1809
vn 0.1815 0.9659 -0.1849
vn 0.1811 0.9659 -0.1849
vn -0.1930 -0.9660 0.1719
vn -0.1932 -0.9658 0.1727
vn -0.1931 -0.9658 0.1729
vn 0.1849 0.9661 -0.1804
vn 0.1837 0.9657 -0.1837
vn 0.1825 0.9661 -0.1828
vn -0.1936 -0.9659 0.1721
vn -0.1932 -0.9661 0.1714
vn -0.1918 -0.9660 0.1736
vn -0.1920 -0.9658 0.1741
vn -0.1919 -0.9659 0.1736
vn -0.1943 -0.9658 0.1719
vn -0.1941 -0.9659 0.1713
vn 0.1853 0.9660 -0.1804
vn 0.1861 0.9660 -0.1797
vn 0.1844 0.9659 -0.1817
vn 0.1904 0.9659 -0.1753
vn 0.1867 0.9659 -0.1793
vn 0.1845 0.9659 -0.1815
vn 0.1816 0.9659 -0.1844
vn 0.1800 0.9659 -0.1860
vn 0.1762 0.9659 -0.1896
vn 0.1715 0.9659 -0.1938
vn 0.1707 0.9659 -0.1946
vn 0.1674 0.9659 -0.1974
vn 0.1678 0.9659 -0.1970
vn 0.1653 0.9659 -0.1992
vn 0.1655 0.9659 -0.1990
vn 0.1671 0.9659 -0.1975
vn 0.1659 0.9659 -0.1988
vn 0.1681 0.9659 -0.1968
vn 0.2024 0.9660 -0.1612
vn 0.2025 0.9659 -0.1614
vn 0.2030 0.9657 -0.1622
vn 0.2013 0.9658 -0.1632
vn 0.2007 0.9662 -0.1617
vn 0.2029 0.9656 -0.1626
vn 0.2017 0.9660 -0.1618
vn 0.2022 0.9660 -0.1610
vn 0.2022 0.9662 -0.1600
vn 0.2023 0.9659 -0.1613
vn 0.2023 0.9658 -0.1619
vn 0.2005 0.9649 -0.1695
vn 0.1988 0.9662 -0.1639
vn 0.1987 0.9661 -0.1651
vn 0.2023 0.9659 -0.1615
vn 0.2027 0.9659 -0.1608
vn 0.1986 0.9659 -0.1659
vn 0.1987 0.9660 -0.1656
vn 0.1995 0.9655 -0.1674
vn 0.2024 0.9659 -0.1617
vn 0.2022 0.9659 -0.1615
vn -0.1996 -0.9656 0.1667
vn -0.2002 -0.9660 0.1637
vn -0.1984 -0.9661 0.1652
vn -0.1988 -0.9661 0.1650
vn -0.2007 -0.9660 0.1633
vn 0.1955 0.9661 -0.1684
vn 0.1953 0.9660 -0.1696
vn -0.1987 -0.9658 0.1665
vn -0.1991 -0.9658 0.1662
vn -0.2022 -0.9657 0.1630
vn -0.2011 -0.9663 0.1609
vn -0.1987 -0.9658 0.1666
vn -0.1988 -0.9659 0.1658
vn 0.1955 0.9658 -0.1702
vn 0.1963 0.9659 -0.1689
vn 0.1940 0.9651 -0.1758
vn 0.1944 0.9663 -0.1689
vn 0.1959 0.9658 -0.1697
vn 0.1956 0.9659 -0.1697
vn -0.1990 -0.9660 0.1652
vn -0.2022 -0.9658 0.1625
vn -0.2003 -0.9659 0.1638
vn -0.2038 -0.9659 0.1596
vn -0.2106 -0.9659 0.1506
vn -0.2086 -0.9660 0.1530
vn -0.2112 -0.9660 0.1489
vn 0.1984 0.9660 -0.1659
vn 0.1959 0.9659 -0.1694
vn 0.1957 0.9659 -0.1695
vn 0.1937 0.9659 -0.1717
vn 0.2025 0.9660 -0.1609
vn 0.2026 0.9659 -0.1611
vn 0.1988 0.9659 -0.1659
vn 0.1989 0.9659 -0.1659
vn 0.2010 0.9659 -0.1632
vn 0.2009 0.9659 -0.1631
vn 0.1947 0.9659 -0.1707
vn 0.1950 0.9659 -0.1704
vn -0.2005 -0.9659 0.1640
vn -0.1979 -0.9662 0.1654
vn -0.1994 -0.9656 0.1669
vn 0.1956 0.9660 -0.1689
vn -0.2031 -0.9663 0.1582
vn -0.2110 -0.9659 0.1502
vn 0.1901 0.9651 -0.1803
vn 0.1962 0.9647 -0.1756
vn 0.1946 0.9652 -0.1745
vn 0.2067 0.9659 -0.1561
vn 0.2119 0.9657 -0.1501
vn 0.2115 0.9658 -0.1498
vn -0.2938 -0.9558 0.0140
vn -0.2115 -0.9659 0.1496
vn -0.2499 -0.9638 0.0929
vn 0.2188 0.9659 -0.1383
vn -0.2874 -0.9577 0.0171
vn -0.2697 -0.9609 0.0619
vn 0.2195 0.9659 -0.1377
vn 0.2193 0.9659 -0.1372
vn -0.3731 0.4224 -0.8260
vn -0.3363 0.5692 -0.7503
vn 0.2212 0.9659 -0.1345
vn -0.2233 -0.9662 0.1286
vn -0.2338 -0.9659 0.1116
vn 0.2147 0.9659 -0.1444
vn 0.2150 0.9658 -0.1447
vn 0.2243 0.9659 -0.1294
vn 0.2244 0.9659 -0.1289
vn 0.2011 0.9656 -0.1648
vn 0.1997 0.9650 -0.1699
vn 0.2213 0.9660 -0.1339
vn 0.2217 0.9658 -0.1342
vn 0.2212 0.9660 -0.1335
vn 0.1927 0.9641 -0.1829
vn 0.1836 0.9645 -0.1897
vn -0.2263 -0.9658 0.1267
vn -0.2238 -0.9658 0.1311
vn -0.2347 -0.9657 0.1113
vn -0.2336 -0.9658 0.1126
vn 0.2375 0.9658 -0.1038
vn 0.2365 0.9660 -0.1046
vn 0.2376 0.9657 -0.1051
vn -0.2401 -0.9656 0.0996
vn -0.2417 -0.9652 0.1003
vn -0.2300 -0.9658 0.1196
vn -0.2308 -0.9656 0.1201
vn -0.2114 -0.9659 0.1496
vn 0.1721 0.9629 -0.2080
vn 0.1753 0.9619 -0.2096
vn 0.2215 0.9657 -0.1355
vn 0.2213 0.9658 -0.1350
vn 0.2338 0.9659 -0.1113
vn 0.2190 0.9657 -0.1398
vn 0.2336 0.9656 -0.1138
vn -0.2652 -0.9623 0.0609
vn 0.2178 0.9659 -0.1402
vn 0.2196 0.9656 -0.1393
vn 0.2339 0.9660 -0.1105
vn 0.2344 0.9656 -0.1122
vn 0.2337 0.9658 -0.1122
vn 0.2211 0.9656 -0.1366
vn 0.2196 0.9661 -0.1360
vn 0.1541 0.9577 -0.2432
vn 0.1466 0.9597 -0.2399
vn 0.2159 0.9654 -0.1460
vn 0.2355 0.9658 -0.1085
vn -0.2413 -0.9653 0.0998
vn 0.2148 0.9659 -0.1443
vn 0.2170 0.9656 -0.1435
vn 0.2358 0.9655 -0.1102
vn -0.2400 -0.9650 0.1060
vn -0.2382 -0.9652 0.1077
vn 0.2135 0.9658 -0.1474
vn 0.2145 0.9654 -0.1481
vn 0.2349 0.9659 -0.1088
vn -0.2274 -0.9654 0.1274
vn -0.2270 -0.9659 0.1247
vn 0.2471 0.9654 -0.0834
vn -0.2275 -0.9658 0.1244
vn -0.2274 -0.9658 0.1247
vn -0.2294 -0.9661 0.1182
vn 0.2411 0.9659 -0.0945
vn 0.2411 0.9659 -0.0947
vn 0.2387 0.9661 -0.0986
vn 0.2384 0.9657 -0.1033
vn -0.2326 -0.9659 0.1136
vn -0.2306 -0.9659 0.1175
vn -0.2309 -0.9658 0.1176
vn -0.2309 -0.9658 0.1175
vn 0.2183 0.9659 -0.1393
vn 0.2243 0.9659 -0.1292
vn 0.2257 0.9659 -0.1270
vn 0.2331 0.9659 -0.1128
vn -0.2317 -0.9659 0.1157
vn -0.2312 -0.9659 0.1163
vn -0.2269 -0.9659 0.1247
vn 0.2485 0.9652 -0.0819
vn 0.2480 0.9658 -0.0762
vn 0.2436 0.9659 -0.0881
vn 0.2432 0.9659 -0.0891
vn 0.2431 0.9661 -0.0873
vn 0.2484 0.9654 -0.0792
vn -0.2251 -0.9656 0.1301
vn -0.2257 -0.9660 0.1260
vn -0.2242 -0.9661 0.1277
vn -0.2275 -0.9660 0.1232
vn -0.2273 -0.9660 0.1235
vn 0.2464 0.9657 -0.0816
vn 0.2455 0.9659 -0.0824
vn -0.2320 -0.9658 0.1154
vn -0.2316 -0.9659 0.1156
vn 0.2396 0.9656 -0.1007
vn -0.2208 -0.9653 0.1396
vn 0.2435 0.9657 -0.0899
vn 0.2436 0.9659 -0.0882
vn 0.2467 0.9658 -0.0801
vn 0.2514 0.9651 -0.0733
vn -0.2283 -0.9658 0.1232
vn -0.2375 -0.9652 0.1096
vn -0.2358 -0.9657 0.1091
vn 0.2072 0.9655 -0.1574
vn 0.2089 0.9652 -0.1572
vn 0.2349 0.9658 -0.1094
vn 0.2348 0.9659 -0.1091
vn 0.2415 0.9658 -0.0942
vn -0.2253 -0.9653 0.1321
vn -0.2266 -0.9653 0.1297
vn -0.2279 -0.9656 0.1256
vn -0.2284 -0.9657 0.1236
vn -0.2283 -0.9657 0.1241
vn -0.2256 -0.9652 0.1321
vn -0.2362 -0.9645 0.1181
vn -0.2314 -0.9660 0.1156
vn -0.2318 -0.9659 0.1158
vn -0.2297 -0.9655 0.1225
vn -0.2291 -0.9657 0.1224
vn -0.2320 -0.9660 0.1138
vn -0.2323 -0.9657 0.1164
vn -0.2317 -0.9659 0.1152
vn -0.2271 -0.9654 0.1280
vn -0.2269 -0.9654 0.1286
vn -0.2331 -0.9659 0.1129
vn -0.2347 -0.9658 0.1100
vn -0.2346 -0.9658 0.1100
vn -0.2346 -0.9658 0.1104
vn -0.2358 -0.9659 0.1073
vn -0.2351 -0.9659 0.1083
vn -0.2346 -0.9658 0.1103
vn -0.2348 -0.9659 0.1095
vn -0.2345 -0.9659 0.1096
vn -0.2349 -0.9657 0.1106
vn 0.2388 0.9659 -0.1000
vn 0.2380 0.9659 -0.1018
vn 0.2392 0.9659 -0.0994
vn 0.2330 0.9659 -0.1128
vn 0.2230 0.9658 -0.1322
vn 0.2211 0.9660 -0.1342
vn 0.2076 0.9655 -0.1571
vn 0.2009 0.9656 -0.1651
vn -0.2286 -0.9660 0.1212
vn -0.2288 -0.9658 0.1217
vn -0.1937 -0.9587 0.2082
vn 0.2443 0.9659 -0.0860
vn 0.2421 0.9660 -0.0910
vn 0.2449 0.9659 -0.0842
vn 0.2450 0.9658 -0.0846
vn 0.2428 0.9662 -0.0860
vn 0.2157 0.9661 -0.1422
vn -0.2458 -0.9649 0.0923
vn -0.2434 -0.9648 0.0994
vn -0.2121 -0.9661 0.1474
vn -0.2109 -0.9660 0.1497
vn -0.2116 -0.9658 0.1496
vn -0.2128 -0.9654 0.1506
vn -0.2106 -0.9660 0.1497
vn -0.2336 -0.9654 0.1161
vn -0.2326 -0.9657 0.1150
vn 0.1950 0.9643 -0.1792
vn 0.1958 0.9639 -0.1805
vn 0.2362 0.9658 -0.1069
vn 0.2358 0.9659 -0.1067
vn 0.2414 0.9658 -0.0951
vn 0.2421 0.9657 -0.0943
vn 0.2418 0.9657 -0.0949
vn 0.2378 0.9657 -0.1039
vn 0.2382 0.9657 -0.1028
vn -0.2334 -0.9658 0.1126
vn -0.2335 -0.9657 0.1140
vn -0.2231 -0.9660 0.1307
vn -0.2237 -0.9659 0.1304
vn -0.2237 -0.9659 0.1301
vn -0.2283 -0.9658 0.1226
vn -0.2259 -0.9661 0.1251
vn -0.2274 -0.9658 0.1245
vn 0.2464 0.9655 -0.0839
vn 0.2450 0.9659 -0.0835
vn 0.2439 0.9655 -0.0910
vn 0.2429 0.9661 -0.0881
vn 0.2438 0.9659 -0.0875
vn 0.2464 0.9657 -0.0815
vn 0.2478 0.9654 -0.0807
vn -0.2282 -0.9658 0.1234
vn -0.2279 -0.9659 0.1228
vn -0.2281 -0.9656 0.1246
vn -0.2268 -0.9659 0.1246
vn -0.2302 -0.9659 0.1186
vn -0.2308 -0.9659 0.1172
vn -0.1895 -0.9603 0.2046
vn 0.2430 0.9659 -0.0890
vn 0.2429 0.9657 -0.0914
vn 0.2432 0.9661 -0.0867
vn 0.2435 0.9658 -0.0886
vn 0.2473 0.9648 -0.0901
vn 0.2491 0.9655 -0.0763
vn -0.2262 -0.9658 0.1268
vn -0.2318 -0.9675 0.1008
vn -0.2315 -0.9663 0.1128
vn -0.2322 -0.9657 0.1164
vn -0.2246 -0.9658 0.1293
vn -0.2207 -0.9651 0.1412
vn 0.2446 0.9656 -0.0879
vn 0.2428 0.9659 -0.0897
vn 0.2432 0.9658 -0.0902
vn 0.2427 0.9659 -0.0901
vn 0.2428 0.9659 -0.0900
vn 0.2401 0.9659 -0.0967
vn 0.2392 0.9659 -0.0993
vn 0.2341 0.9659 -0.1102
vn 0.2342 0.9663 -0.1072
vn 0.2176 0.9657 -0.1418
vn 0.2174 0.9658 -0.1415
vn -0.2537 -0.9639 0.0802
vn -0.2562 -0.9634 0.0790
vn -0.2121 -0.9657 0.1498
vn -0.2117 -0.9657 0.1507
vn -0.2120 -0.9660 0.1479
vn -0.2136 -0.9654 0.1496
vn -0.2130 -0.9660 0.1464
vn -0.2134 -0.9660 0.1457
vn -0.2155 -0.9656 0.1456
vn -0.2174 -0.9661 0.1391
vn -0.2240 -0.9648 0.1378
vn -0.2242 -0.9658 0.1303
vn 0.1987 0.9663 -0.1636
vn 0.2018 0.9652 -0.1661
vn 0.2056 0.9651 -0.1621
vn 0.2038 0.9661 -0.1584
vn 0.2051 0.9662 -0.1559
vn 0.2068 0.9658 -0.1567
vn 0.2090 0.9660 -0.1522
vn 0.2089 0.9658 -0.1533
vn 0.2095 0.9659 -0.1521
vn 0.2098 0.9658 -0.1522
vn 0.2101 0.9659 -0.1514
vn 0.2099 0.9659 -0.1513
vn 0.2104 0.9659 -0.1509
vn 0.2103 0.9659 -0.1508
vn 0.2120 0.9659 -0.1487
vn 0.2443 0.9659 -0.0855
vn 0.2443 0.9660 -0.0848
vn 0.2447 0.9659 -0.0852
vn 0.2444 0.9659 -0.0851
vn 0.2442 0.9660 -0.0848
vn 0.2443 0.9661 -0.0839
vn 0.2447 0.9656 -0.0884
vn 0.2442 0.9662 -0.0823
vn 0.2445 0.9660 -0.0843
vn 0.2440 0.9660 -0.0855
vn 0.2448 0.9659 -0.0841
vn 0.2446 0.9660 -0.0836
vn 0.2444 0.9660 -0.0845
vn 0.2444 0.9660 -0.0841
vn 0.2445 0.9659 -0.0847
vn 0.2449 0.9658 -0.0845
vn 0.2443 0.9661 -0.0836
vn -0.2438 -0.9658 0.0884
vn -0.2434 -0.9660 0.0877
vn -0.2437 -0.9659 0.0874
vn -0.2436 -0.9659 0.0879
vn 0.2529 0.9650 -0.0696
vn -0.2308 -0.9659 0.1174
vn -0.2336 -0.9659 0.1116
vn -0.2288 -0.9652 0.1264
vn -0.2336 -0.9657 0.1132
vn 0.2447 0.9659 -0.0847
vn 0.2447 0.9659 -0.0844
vn 0.2449 0.9658 -0.0849
vn -0.2297 -0.9649 0.1272
vn 0.3358 0.9310 0.1434
vn -0.2334 -0.9657 0.1135
vn -0.2330 -0.9659 0.1133
vn -0.2322 -0.9659 0.1143
vn -0.2441 -0.9654 0.0917
vn -0.2442 -0.9659 0.0860
vn -0.2439 -0.9659 0.0865
vn -0.2442 -0.9659 0.0864
vn -0.2447 -0.9656 0.0875
vn -0.2431 -0.9666 0.0814
vn 0.2517 0.9654 -0.0675
vn 0.2489 0.9660 -0.0704
vn 0.2499 0.9656 -0.0722
vn 0.2489 0.9657 -0.0737
vn 0.2492 0.9657 -0.0725
vn 0.2489 0.9656 -0.0755
vn 0.2486 0.9657 -0.0743
vn 0.2476 0.9659 -0.0763
vn 0.2481 0.9658 -0.0755
vn 0.2472 0.9659 -0.0775
vn 0.2479 0.9657 -0.0767
vn 0.2473 0.9658 -0.0785
vn 0.2475 0.9657 -0.0787
vn 0.2469 0.9658 -0.0793
vn 0.2471 0.9657 -0.0794
vn 0.2456 0.9661 -0.0799
vn 0.2464 0.9658 -0.0809
vn 0.2454 0.9660 -0.0818
vn 0.2461 0.9658 -0.0821
vn 0.2452 0.9659 -0.0836
vn -0.2440 -0.9659 0.0869
vn -0.2400 -0.9658 0.0985
vn 0.2467 0.9661 -0.0769
vn -0.2436 -0.9660 0.0871
vn -0.2439 -0.9659 0.0868
vn -0.2399 -0.9659 0.0979
vn 0.2492 0.9660 -0.0689
vn 0.2490 0.9660 -0.0698
vn 0.2492 0.9659 -0.0702
vn 0.2491 0.9659 -0.0704
vn 0.2490 0.9659 -0.0706
vn 0.2489 0.9659 -0.0710
vn 0.2490 0.9659 -0.0709
vn -0.2317 -0.9659 0.1155
vn -0.2365 -0.9659 0.1054
vn -0.2359 -0.9658 0.1073
vn -0.2401 -0.9659 0.0966
vn -0.2399 -0.9658 0.0979
vn -0.2440 -0.9659 0.0866
vn -0.2437 -0.9659 0.0869
vn 0.2473 0.9659 -0.0769
vn 0.2478 0.9657 -0.0770
vn 0.2442 0.9662 -0.0828
vn 0.2467 0.9666 -0.0692
vn 0.2472 0.9654 -0.0824
vn 0.2449 0.9659 -0.0843
vn 0.2469 0.9647 -0.0919
vn 0.2585 0.9634 -0.0705
vn 0.2469 0.9659 -0.0778
vn 0.2458 0.9659 -0.0810
vn 0.2452 0.9666 -0.0750
vn 0.2450 0.9658 -0.0848
vn 0.2470 0.9659 -0.0778
vn 0.2471 0.9659 -0.0778
vn 0.2473 0.9658 -0.0777
vn 0.2462 0.9658 -0.0813
vn 0.2522 0.9660 -0.0568
vn 0.2452 0.9660 -0.0819
vn 0.2446 0.9659 -0.0852
vn 0.2467 0.9659 -0.0780
vn 0.2468 0.9659 -0.0782
vn 0.2467 0.9659 -0.0784
vn -0.2482 -0.9658 0.0745
vn -0.2483 -0.9660 0.0722
vn -0.2485 -0.9659 0.0722
vn -0.2485 -0.9659 0.0733
vn -0.2485 -0.9659 0.0725
vn -0.2451 -0.9660 0.0826
vn -0.2448 -0.9666 0.0753
vn 0.2493 0.9661 -0.0676
vn -0.2488 -0.9659 0.0715
vn 0.2525 0.9659 -0.0570
vn 0.2504 0.9662 -0.0619
vn 0.2544 0.9655 -0.0550
vn 0.2513 0.9659 -0.0620
vn 0.2512 0.9659 -0.0632
vn 0.2527 0.9658 -0.0582
vn 0.2540 0.9659 -0.0498
vn 0.2539 0.9660 -0.0498
vn -0.2450 -0.9655 0.0887
vn -0.2521 -0.9659 0.0585
vn -0.2511 -0.9652 0.0726
vn -0.2571 -0.9653 0.0463
vn -0.2466 -0.9675 0.0550
vn 0.2489 0.9659 -0.0712
vn 0.2517 0.9659 -0.0608
vn 0.2518 0.9659 -0.0608
vn 0.2509 0.9659 -0.0637
vn 0.2494 0.9660 -0.0685
vn 0.2495 0.9659 -0.0697
vn 0.2505 0.9664 -0.0568
vn 0.2495 0.9658 -0.0703
vn 0.2512 0.9660 -0.0618
vn 0.2499 0.9658 -0.0691
vn 0.2489 0.9661 -0.0685
vn 0.2516 0.9656 -0.0658
vn 0.2512 0.9659 -0.0627
vn 0.2510 0.9659 -0.0631
vn 0.2514 0.9659 -0.0626
vn 0.2517 0.9659 -0.0616
vn 0.2513 0.9659 -0.0623
vn -0.2505 -0.9659 0.0648
vn -0.2519 -0.9659 0.0604
vn -0.2516 -0.9659 0.0613
vn 0.2544 0.9659 -0.0484
vn 0.2542 0.9659 -0.0492
vn 0.2543 0.9659 -0.0492
vn -0.2519 -0.9658 0.0614
vn -0.2447 -0.9654 0.0896
vn -0.2505 -0.9659 0.0651
vn -0.2488 -0.9659 0.0717
vn 0.2541 0.9660 -0.0484
vn 0.2560 0.9658 -0.0403
vn -0.2519 -0.9658 0.0609
vn 0.2543 0.9659 -0.0485
vn 0.2544 0.9659 -0.0485
vn 0.2553 0.9660 -0.0400
vn -0.2517 -0.9660 0.0596
vn -0.2522 -0.9658 0.0605
vn 0.2549 0.9658 -0.0478
vn 0.2541 0.9660 -0.0481
vn 0.2550 0.9659 -0.0453
vn 0.2559 0.9658 -0.0412
vn 0.2556 0.9659 -0.0409
vn 0.2556 0.9659 -0.0417
vn -0.2518 -0.9660 0.0582
vn -0.2534 -0.9658 0.0546
vn -0.2526 -0.9660 0.0553
vn 0.2553 0.9659 -0.0423
vn -0.2522 -0.9659 0.0592
vn -0.2522 -0.9659 0.0589
vn 0.2608 0.9652 -0.0183
vn -0.2529 -0.9659 0.0559
vn 0.2555 0.9659 -0.0426
vn 0.2555 0.9659 -0.0421
vn -0.2534 -0.9660 0.0519
vn -0.2534 -0.9659 0.0536
vn -0.2537 -0.9658 0.0530
vn -0.2535 -0.9658 0.0538
vn -0.2528 -0.9661 0.0519
vn -0.2529 -0.9660 0.0544
vn -0.2537 -0.9658 0.0539
vn -0.2545 -0.9660 0.0464
vn -0.2556 -0.9658 0.0437
vn 0.2541 0.9659 -0.0505
vn 0.2545 0.9659 -0.0474
vn 0.2524 0.9659 -0.0570
vn 0.2515 0.9659 -0.0619
vn 0.2467 0.9668 -0.0672
vn 0.2496 0.9659 -0.0693
vn -0.2521 -0.9659 0.0589
vn -0.2537 -0.9659 0.0519
vn -0.2531 -0.9661 0.0507
vn -0.2548 -0.9659 0.0469
vn -0.2544 -0.9660 0.0465
vn 0.2563 0.9659 -0.0358
vn -0.2551 -0.9659 0.0456
vn -0.2547 -0.9659 0.0467
vn -0.2546 -0.9659 0.0466
vn 0.2567 0.9659 -0.0350
vn 0.2561 0.9660 -0.0358
vn 0.2565 0.9659 -0.0356
vn -0.2544 -0.9659 0.0476
vn 0.2565 0.9659 -0.0361
vn 0.2562 0.9660 -0.0362
vn 0.2569 0.9658 -0.0359
vn 0.2573 0.9659 -0.0296
vn 0.2563 0.9659 -0.0352
vn 0.2564 0.9660 -0.0342
vn -0.2545 -0.9660 0.0462
vn 0.2524 0.9674 -0.0210
vn -0.2535 -0.9658 0.0542
vn 0.2554 0.9659 -0.0418
vn 0.2551 0.9660 -0.0415
vn 0.2548 0.9661 -0.0425
vn -0.2530 -0.9660 0.0531
vn -0.2533 -0.9659 0.0527
vn 0.2556 0.9659 -0.0415
vn 0.2552 0.9660 -0.0413
vn 0.2611 0.9644 -0.0426
vn 0.2569 0.9659 -0.0329
vn 0.2570 0.9659 -0.0300
vn 0.2571 0.9659 -0.0299
vn 0.2573 0.9659 -0.0290
vn 0.2566 0.9658 -0.0358
vn 0.2558 0.9661 -0.0357
vn -0.2545 -0.9660 0.0466
vn -0.2543 -0.9660 0.0472
vn -0.2562 -0.9660 0.0339
vn -0.2560 -0.9659 0.0383
vn -0.2562 -0.9660 0.0344
vn 0.2585 0.9659 -0.0161
vn -0.2566 -0.9659 0.0337
vn -0.2568 -0.9659 0.0344
vn 0.2582 0.9659 -0.0178
vn 0.2581 0.9659 -0.0184
vn -0.2566 -0.9659 0.0351
vn -0.2564 -0.9660 0.0337
vn -0.2563 -0.9659 0.0383
vn -0.2551 -0.9663 0.0357
vn 0.2583 0.9659 -0.0161
vn 0.2581 0.9659 -0.0200
vn 0.2580 0.9659 -0.0204
vn 0.2583 0.9659 -0.0158
vn -0.2556 -0.9661 0.0370
vn -0.2571 -0.9658 0.0342
vn -0.2562 -0.9660 0.0338
vn 0.2586 0.9658 -0.0178
vn 0.2578 0.9660 -0.0180
vn 0.2549 0.9669 -0.0110
vn 0.2585 0.9659 -0.0172
vn 0.2581 0.9660 -0.0147
vn -0.2567 -0.9659 0.0335
vn 0.2585 0.9658 -0.0177
vn 0.2584 0.9659 -0.0172
vn 0.2588 0.9658 -0.0146
vn -0.2566 -0.9659 0.0341
vn -0.2569 -0.9659 0.0335
vn 0.2579 0.9660 -0.0170
vn 0.2581 0.9660 -0.0172
vn -0.2578 -0.9659 0.0240
vn -0.2579 -0.9659 0.0241
vn -0.2579 -0.9659 0.0236
vn -0.2574 -0.9658 0.0302
vn -0.2567 -0.9660 0.0302
vn -0.2573 -0.9658 0.0302
vn -0.2568 -0.9660 0.0308
vn -0.2567 -0.9660 0.0308
vn -0.2575 -0.9658 0.0309
vn -0.2572 -0.9659 0.0300
vn -0.2572 -0.9659 0.0289
vn -0.2572 -0.9659 0.0293
vn -0.2407 -0.9508 0.1950
vn 0.2586 0.9659 -0.0157
vn -0.2567 -0.9659 0.0332
vn -0.2567 -0.9659 0.0333
vn -0.2548 -0.9659 0.0466
vn 0.2565 0.9659 -0.0358
vn 0.2585 0.9656 -0.0261
vn 0.2571 0.9659 -0.0298
vn 0.2581 0.9659 -0.0199
vn 0.2582 0.9659 -0.0198
vn 0.2567 0.9659 -0.0335
vn 0.2590 0.9659 -0.0070
vn 0.2586 0.9660 -0.0077
vn 0.2585 0.9660 -0.0082
vn 0.2588 0.9659 -0.0088
vn 0.2588 0.9659 -0.0078
vn 0.2588 0.9659 -0.0077
vn 0.2587 0.9659 -0.0080
vn 0.2646 0.9643 -0.0049
vn -0.2582 -0.9658 0.0233
vn -0.2577 -0.9660 0.0225
vn -0.2572 -0.9659 0.0302
vn 0.2586 0.9660 -0.0084
vn 0.2587 0.9659 -0.0090
vn 0.2587 0.9659 -0.0055
vn 0.2587 0.9659 -0.0096
vn 0.2586 0.9659 -0.0126
vn 0.2596 0.9657 -0.0000
vn 0.2592 0.9658 -0.0116
vn 0.2582 0.9660 -0.0110
vn 0.2588 0.9659 -0.0000
vn 0.2587 0.9657 -0.0212
vn 0.2577 0.9662 0.0013
vn 0.2584 0.9659 0.0153
vn 0.2588 0.9659 0.0049
vn 0.2588 0.9659 0.0074
vn 0.2588 0.9659 -0.0042
vn 0.2589 0.9659 -0.0053
vn 0.2586 0.9659 -0.0093
vn 0.2588 0.9659 -0.0095
vn -0.2547 -0.9659 0.0459
vn -0.2547 -0.9659 0.0464
vn 0.2565 0.9659 -0.0342
vn 0.2579 0.9658 -0.0249
vn 0.2572 0.9659 -0.0296
vn 0.2579 0.9659 -0.0222
vn 0.2582 0.9659 -0.0210
vn 0.2583 0.9659 -0.0160
vn 0.2586 0.9659 -0.0099
vn 0.2551 0.9659 -0.0437
vn 0.2567 0.9659 -0.0339
vn 0.2581 0.9659 -0.0203
vn -0.1898 -0.9660 0.1757
vn -0.1917 -0.9656 0.1759
vn -0.1908 -0.9662 0.1734
vn -0.1913 -0.9659 0.1743
vn -0.1915 -0.9659 0.1741
vn -0.1916 -0.9659 0.1742
vn -0.1927 -0.9659 0.1732
vn -0.1925 -0.9659 0.1730
vn 0.1839 0.9659 -0.1822
vn -0.2172 -0.9659 0.1411
vn -0.2104 -0.9659 0.1507
vn -0.2065 -0.9659 0.1565
vn -0.2038 -0.9659 0.1597
vn -0.2105 -0.9659 0.1507
vn -0.2037 -0.9659 0.1596
vn -0.2037 -0.9659 0.1597
vn -0.2004 -0.9659 0.1637
vn -0.2007 -0.9663 0.1612
vn -0.1981 -0.9659 0.1666
vn -0.1988 -0.9659 0.1660
vn 0.1957 0.9660 -0.1692
vn 0.1950 0.9659 -0.1703
vn 0.1940 0.9666 -0.1677
vn 0.1939 0.9659 -0.1717
vn 0.1937 0.9659 -0.1716
vn -0.2023 -0.9660 0.1610
vn -0.1993 -0.9656 0.1673
vn -0.1972 -0.9659 0.1676
vn -0.2003 -0.9660 0.1637
vn -0.1999 -0.9656 0.1661
vn -0.1993 -0.9660 0.1650
vn -0.1916 -0.9660 0.1738
vn -0.1918 -0.9659 0.1737
vn -0.1938 -0.9659 0.1714
vn -0.1933 -0.9660 0.1719
vn -0.1959 -0.9659 0.1693
vn -0.1948 -0.9659 0.1704
vn -0.1986 -0.9659 0.1660
vn 0.1881 0.9657 -0.1787
vn -0.1935 -0.9659 0.1720
vn -0.1955 -0.9660 0.1692
vn -0.1986 -0.9659 0.1659
vn -0.1977 -0.9665 0.1635
vn -0.1953 -0.9660 0.1693
vn -0.1897 -0.9659 0.1764
vn -0.1912 -0.9659 0.1745
vn -0.1911 -0.9660 0.1743
vn -0.1920 -0.9655 0.1762
vn -0.1924 -0.9656 0.1750
vn -0.1922 -0.9658 0.1738
vn 0.1809 0.9658 -0.1856
vn 0.1836 0.9658 -0.1830
vn 0.1834 0.9658 -0.1831
vn 0.1831 0.9659 -0.1828
vn 0.1808 0.9660 -0.1849
vn 0.1810 0.9663 -0.1832
vn -0.1920 -0.9661 0.1726
vn -0.1923 -0.9660 0.1727
vn -0.1899 -0.9660 0.1754
vn -0.1896 -0.9661 0.1752
vn -0.1902 -0.9657 0.1765
vn -0.1921 -0.9662 0.1721
vn -0.1924 -0.9661 0.1720
vn 0.1817 0.9662 -0.1830
vn 0.1823 0.9656 -0.1854
vn 0.1836 0.9660 -0.1823
vn 0.1836 0.9659 -0.1824
vn 0.1839 0.9660 -0.1820
vn 0.1841 0.9658 -0.1824
vn 0.1846 0.9656 -0.1829
vn 0.1838 0.9659 -0.1824
vn 0.1836 0.9660 -0.1818
vn -0.1929 -0.9659 0.1727
vn -0.1929 -0.9659 0.1726
vn -0.1926 -0.9661 0.1721
vn -0.1901 -0.9652 0.1794
vn -0.1901 -0.9666 0.1718
vn -0.1925 -0.9660 0.1728
vn 0.1815 0.9661 -0.1835
vn 0.1821 0.9660 -0.1838
vn 0.1840 0.9660 -0.1814
vn 0.1862 0.9657 -0.1808
vn 0.1843 0.9661 -0.1808
vn 0.1812 0.9662 -0.1831
vn 0.1826 0.9657 -0.1844
vn -0.1928 -0.9660 0.1721
vn -0.1928 -0.9660 0.1723
vn -0.1936 -0.9668 0.1668
vn -0.1918 -0.9659 0.1738
vn -0.1937 -0.9660 0.1716
vn -0.1936 -0.9659 0.1718
vn -0.1935 -0.9660 0.1717
vn 0.1849 0.9659 -0.1810
vn 0.1849 0.9659 -0.1812
vn 0.1881 0.9659 -0.1778
vn 0.1882 0.9659 -0.1777
vn 0.1884 0.9659 -0.1778
vn 0.1886 0.9660 -0.1771
vn 0.1886 0.9660 -0.1769
vn 0.1901 0.9660 -0.1755
vn 0.1908 0.9660 -0.1747
vn -0.1927 -0.9662 0.1710
vn -0.1952 -0.9661 0.1690
vn -0.1964 -0.9658 0.1693
vn -0.1934 -0.9659 0.1720
vn -0.1937 -0.9660 0.1713
vn 0.1909 0.9661 -0.1738
vn 0.1911 0.9659 -0.1749
vn 0.1901 0.9659 -0.1756
vn 0.1905 0.9658 -0.1757
vn 0.1890 0.9658 -0.1774
vn 0.1934 0.9660 -0.1714
vn 0.1941 0.9657 -0.1724
vn -0.1960 -0.9659 0.1693
vn -0.1956 -0.9658 0.1700
vn -0.2034 -0.9641 0.1707
vn -0.2061 -0.9652 0.1609
vn -0.2006 -0.9629 0.1805
vn -0.1959 -0.9657 0.1706
vn -0.1961 -0.9656 0.1708
vn 0.1939 0.9658 -0.1719
vn 0.1939 0.9660 -0.1711
vn 0.1901 0.9659 -0.1757
vn 0.1900 0.9659 -0.1756
vn 0.1938 0.9659 -0.1719
vn 0.1936 0.9660 -0.1715
vn 0.1956 0.9660 -0.1693
vn -0.2014 -0.9661 0.1617
vn -0.2125 -0.9655 0.1502
vn -0.2038 -0.9659 0.1595
vn -0.2106 -0.9659 0.1508
vn -0.2105 -0.9659 0.1508
vn -0.2194 -0.9659 0.1375
vn -0.2194 -0.9659 0.1374
vn -0.2270 -0.9659 0.1248
vn 0.1905 0.9659 -0.1751
vn 0.1905 0.9659 -0.1752
vn 0.1946 0.9659 -0.1706
vn 0.1957 0.9659 -0.1694
vn 0.1957 0.9659 -0.1693
vn 0.1986 0.9659 -0.1660
vn 0.1985 0.9659 -0.1660
vn 0.2003 0.9659 -0.1641
vn -0.2081 -0.9659 0.1543
vn -0.2109 -0.9659 0.1502
vn -0.2108 -0.9659 0.1506
vn -0.2203 -0.9659 0.1361
vn -0.2202 -0.9659 0.1360
vn -0.2263 -0.9659 0.1258
vn -0.2265 -0.9658 0.1259
vn -0.2316 -0.9659 0.1155
vn -0.2355 -0.9659 0.1079
vn -0.2463 -0.9659 0.0791
vn -0.2489 -0.9659 0.0714
vn -0.2488 -0.9659 0.0713
vn -0.2467 -0.9659 0.0784
vn -0.2484 -0.9659 0.0738
vn -0.2488 -0.9661 0.0694
vn -0.2466 -0.9663 0.0745
vn -0.2468 -0.9655 0.0835
vn -0.2484 -0.9659 0.0728
vn -0.2485 -0.9659 0.0726
vn 0.2514 0.9659 -0.0618
vn 0.2521 0.9659 -0.0583
vn 0.2526 0.9659 -0.0565
vn -0.0000 0.9972 -0.0748
vn 0.2527 0.9659 -0.0568
vn -0.2487 -0.9659 0.0724
vn -0.2485 -0.9660 0.0718
vn -0.2464 -0.9659 0.0791
vn 0.2469 0.9659 -0.0785
vn 0.2489 0.9659 -0.0711
vn 0.2517 0.9659 -0.0607
vn 0.2516 0.9659 -0.0608
vn 0.2494 0.9659 -0.0698
vn -0.2461 -0.9660 0.0798
vn -0.2454 -0.9660 0.0812
vn -0.2464 -0.9659 0.0795
vn -0.2467 -0.9659 0.0787
vn -0.2465 -0.9658 0.0809
vn -0.2462 -0.9660 0.0792
vn -0.2458 -0.9660 0.0798
vn -0.2465 -0.9660 0.0785
vn -0.2461 -0.9660 0.0797
vn -0.2464 -0.9659 0.0797
vn -0.2464 -0.9659 0.0799
vn -0.2466 -0.9659 0.0787
vn -0.2463 -0.9660 0.0791
vn -0.2469 -0.9647 0.0919
vn -0.2485 -0.9659 0.0732
vn -0.2483 -0.9660 0.0720
vn 0.2511 0.9660 -0.0622
vn 0.2509 0.9660 -0.0620
vn 0.2530 0.9657 -0.0581
vn 0.2525 0.9659 -0.0564
vn 0.2538 0.9659 -0.0505
vn 0.2539 0.9659 -0.0503
vn 0.2551 0.9659 -0.0438
vn 0.2552 0.9659 -0.0440
vn 0.2551 0.9659 -0.0434
vn 0.2554 0.9658 -0.0444
vn 0.2554 0.9660 -0.0409
vn 0.2541 0.9660 -0.0480
vn 0.2541 0.9660 -0.0478
vn -0.2515 -0.9660 0.0599
vn -0.2513 -0.9661 0.0600
vn -0.2505 -0.9658 0.0663
vn -0.2497 -0.9664 0.0615
vn -0.2508 -0.9658 0.0662
vn -0.2516 -0.9660 0.0600
vn -0.2517 -0.9660 0.0599
vn 0.2544 0.9660 -0.0470
vn -0.2505 -0.9659 0.0647
vn -0.2506 -0.9659 0.0647
vn -0.2515 -0.9659 0.0616
vn -0.2518 -0.9658 0.0617
vn -0.2537 -0.9659 0.0514
vn -0.2549 -0.9659 0.0449
vn -0.2571 -0.9659 0.0296
vn -0.2560 -0.9666 0.0153
vn -0.2569 -0.9659 0.0325
vn -0.2566 -0.9660 0.0325
vn -0.2574 -0.9659 0.0279
vn -0.2567 -0.9659 0.0341
vn -0.2551 -0.9658 0.0467
vn -0.2559 -0.9660 0.0359
vn -0.2561 -0.9659 0.0379
vn -0.2568 -0.9659 0.0322
vn -0.2569 -0.9659 0.0320
vn -0.2304 -0.9516 0.2035
vn -0.2572 -0.9659 0.0315
vn -0.2572 -0.9659 0.0306
vn -0.2564 -0.9661 0.0306
vn -0.2599 -0.9651 0.0306
vn -0.2557 -0.9657 0.0458
vn -0.2568 -0.9660 0.0304
vn -0.2573 -0.9659 0.0304
vn -0.2568 -0.9660 0.0307
vn -0.2559 -0.9662 0.0306
vn -0.2560 -0.9663 0.0280
vn -0.2568 -0.9657 0.0389
vn -0.2576 -0.9658 0.0307
vn -0.2572 -0.9658 0.0316
vn -0.2579 -0.9659 0.0227
vn -0.2575 -0.9659 0.0273
vn 0.2580 0.9661 -0.0061
vn -0.2576 -0.9660 0.0231
vn -0.2574 -0.9660 0.0235
vn -0.2571 -0.9661 0.0253
vn 0.2600 0.9656 -0.0064
vn -0.2587 -0.9657 0.0233
vn -0.2577 -0.9659 0.0233
vn -0.2580 -0.9658 0.0272
vn -0.2571 -0.9661 0.0243
vn -0.2578 -0.9659 0.0258
vn -0.2578 -0.9659 0.0226
vn -0.2578 -0.9660 0.0218
vn -0.2663 -0.9636 0.0227
vn 0.2431 0.9659 -0.0889
vn 0.2432 0.9659 -0.0889
vn 0.2425 0.9658 -0.0914
vn 0.2422 0.9659 -0.0913
vn 0.2444 0.9659 -0.0855
vn 0.2442 0.9659 -0.0857
vn 0.2444 0.9659 -0.0852
vn 0.2444 0.9660 -0.0849
vn 0.2445 0.9659 -0.0849
vn 0.2443 0.9659 -0.0856
vn 0.2450 0.9659 -0.0836
vn -0.2244 -0.9651 0.1353
vn -0.2244 -0.9650 0.1355
vn -0.2266 -0.9658 0.1261
vn -0.2278 -0.9653 0.1274
vn -0.2279 -0.9659 0.1233
vn -0.2288 -0.9656 0.1237
vn -0.2290 -0.9659 0.1212
vn -0.2299 -0.9655 0.1226
vn -0.2292 -0.9659 0.1203
vn -0.2298 -0.9657 0.1209
vn -0.2311 -0.9657 0.1181
vn -0.2306 -0.9659 0.1173
vn -0.2309 -0.9659 0.1174
vn -0.2320 -0.9659 0.1147
vn -0.2324 -0.9659 0.1144
vn -0.2295 -0.9658 0.1211
vn -0.2307 -0.9657 0.1196
vn 0.2522 0.9653 -0.0676
vn 0.3265 0.9313 0.1615
vn 0.2442 0.9660 -0.0851
vn 0.2470 0.9659 -0.0780
vn 0.2464 0.9659 -0.0795
vn 0.2471 0.9657 -0.0804
vn 0.2444 0.9660 -0.0850
vn -0.2352 -0.9655 0.1115
vn -0.2350 -0.9659 0.1091
vn -0.2348 -0.9657 0.1110
vn -0.2357 -0.9658 0.1078
vn -0.2356 -0.9658 0.1086
vn -0.2359 -0.9657 0.1087
vn -0.2357 -0.9659 0.1067
vn -0.2359 -0.9658 0.1078
vn -0.2358 -0.9659 0.1068
vn -0.2365 -0.9657 0.1069
vn -0.2368 -0.9658 0.1060
vn -0.2366 -0.9659 0.1053
vn -0.2375 -0.9659 0.1032
vn -0.2376 -0.9659 0.1033
vn -0.2387 -0.9659 0.1005
vn -0.2388 -0.9658 0.1006
vn -0.2397 -0.9659 0.0982
vn -0.2400 -0.9658 0.0979
vn -0.2393 -0.9660 0.0973
vn -0.2435 -0.9660 0.0866
vn 0.2476 0.9657 -0.0779
vn 0.2467 0.9661 -0.0761
vn 0.2488 0.9659 -0.0724
vn 0.2481 0.9659 -0.0736
vn 0.2481 0.9659 -0.0738
vn -0.2440 -0.9659 0.0862
vn -0.2442 -0.9659 0.0862
vn -0.2409 -0.9659 0.0952
vn -0.2408 -0.9659 0.0950
vn -0.2407 -0.9659 0.0951
vn -0.2446 -0.9658 0.0861
vn -0.2426 -0.9659 0.0907
vn -0.2466 -0.9659 0.0789
vn -0.2466 -0.9659 0.0784
vn -0.2487 -0.9659 0.0716
vn -0.2488 -0.9659 0.0716
vn -0.2505 -0.9659 0.0649
vn -0.2508 -0.9658 0.0655
vn -0.2518 -0.9660 0.0587
vn -0.2517 -0.9660 0.0595
vn 0.2548 0.9658 -0.0475
vn 0.2592 0.9657 -0.0132
vn 0.2552 0.9659 -0.0430
vn 0.2551 0.9660 -0.0428
vn 0.2559 0.9660 -0.0359
vn 0.2565 0.9659 -0.0365
vn 0.2562 0.9658 -0.0402
vn 0.2556 0.9659 -0.0423
vn -0.2535 -0.9658 0.0543
vn -0.2529 -0.9660 0.0535
vn -0.2524 -0.9657 0.0605
vn -0.2536 -0.9661 0.0483
vn -0.2520 -0.9659 0.0600
vn -0.2533 -0.9659 0.0539
vn -0.2532 -0.9659 0.0533
vn 0.2555 0.9659 -0.0415
vn 0.2555 0.9659 -0.0416
vn 0.2538 0.9670 -0.0214
vn 0.2577 0.9656 -0.0353
vn 0.2563 0.9659 -0.0365
vn -0.2535 -0.9659 0.0530
vn -0.2544 -0.9656 0.0530
vn -0.2534 -0.9660 0.0518
vn -0.2538 -0.9661 0.0481
vn -0.2540 -0.9647 0.0701
vn -0.2545 -0.9659 0.0468
vn -0.2549 -0.9658 0.0469
vn 0.2568 0.9658 -0.0360
vn 0.2556 0.9661 -0.0352
vn 0.2566 0.9662 -0.0261
vn 0.2577 0.9657 -0.0319
vn 0.2566 0.9661 -0.0291
vn 0.2564 0.9659 -0.0353
vn 0.2561 0.9660 -0.0355
vn -0.2543 -0.9660 0.0463
vn -0.2533 -0.9658 0.0560
vn -0.2540 -0.9659 0.0496
vn -0.2537 -0.9659 0.0515
vn -0.2548 -0.9659 0.0452
vn -0.2549 -0.9659 0.0452
vn 0.2582 0.9658 -0.0247
vn -0.2562 -0.9659 0.0383
vn -0.2555 -0.9659 0.0412
vn -0.2559 -0.9658 0.0417
vn 0.2582 0.9659 -0.0185
vn 0.2583 0.9659 -0.0186
vn 0.2588 0.9658 -0.0165
vn 0.2580 0.9661 -0.0123
vn 0.2606 0.9651 -0.0259
vn 0.2587 0.9658 -0.0180
vn 0.2585 0.9658 -0.0176
vn -0.2570 -0.9658 0.0344
vn -0.2563 -0.9656 0.0427
vn -0.2561 -0.9659 0.0382
vn -0.2549 -0.9659 0.0448
vn -0.2565 -0.9658 0.0381
vn -0.2562 -0.9658 0.0393
vn -0.2569 -0.9659 0.0317
vn -0.2574 -0.9659 0.0269
vn -0.2575 -0.9659 0.0278
vn 0.2598 0.9657 0.0014
vn 0.2599 0.9656 0.0028
vn 0.2586 0.9660 -0.0092
vn 0.2591 0.9658 -0.0092
vn 0.2585 0.9660 -0.0105
vn 0.2584 0.9660 -0.0105
vn 0.2585 0.9660 -0.0107
vn 0.2586 0.9659 -0.0107
vn 0.2592 0.9658 -0.0109
vn 0.2586 0.9659 -0.0113
vn 0.2580 0.9661 -0.0110
vn 0.2590 0.9658 -0.0111
vn 0.2587 0.9659 -0.0112
vn 0.2588 0.9659 -0.0112
vn 0.2587 0.9659 -0.0113
vn 0.2591 0.9658 -0.0114
vn 0.2581 0.9661 -0.0115
vn 0.2587 0.9659 -0.0115
vn 0.2589 0.9658 -0.0118
vn 0.2586 0.9659 -0.0122
vn 0.2584 0.9659 -0.0140
vn 0.2586 0.9659 -0.0140
vn 0.2584 0.9659 -0.0147
vn 0.2584 0.9659 -0.0168
vn 0.2584 0.9659 -0.0167
vn -0.2562 -0.9660 0.0333
vn -0.2552 -0.9661 0.0390
vn -0.2565 -0.9659 0.0351
vn -0.2566 -0.9658 0.0377
vn -0.2567 -0.9659 0.0344
vn -0.2567 -0.9659 0.0334
vn 0.2582 0.9659 -0.0171
vn 0.2580 0.9660 -0.0180
vn 0.2553 0.9664 -0.0292
vn 0.2584 0.9659 -0.0152
vn 0.2588 0.9659 -0.0035
vn 0.2588 0.9659 -0.0037
vn 0.2588 0.9659 -0.0036
vn 0.2586 0.9659 -0.0102
vn 0.2586 0.9659 -0.0083
vn 0.2588 0.9659 -0.0051
vn 0.2588 0.9659 -0.0043
vn 0.2586 0.9660 -0.0053
vn 0.2587 0.9659 -0.0078
vn 0.2588 0.9659 -0.0086
vn 0.2587 0.9659 -0.0072
vn -0.2574 -0.9658 0.0294
vn -0.2578 -0.9659 0.0245
vn -0.2575 -0.9659 0.0263
vn -0.2578 -0.9658 0.0263
vn -0.2575 -0.9659 0.0253
vn -0.2577 -0.9659 0.0241
vn -0.2584 -0.9657 0.0243
vn 0.2597 0.9657 -0.0068
vn 0.2594 0.9658 -0.0059
vn 0.2581 0.9661 -0.0083
vn 0.2590 0.9659 -0.0067
vn -0.2536 -0.9642 0.0780
vn 0.2246 -0.9744 -0.0062
vn 0.2581 0.9661 -0.0011
vn 0.2568 0.9663 0.0176
vn -0.0000 0.9660 0.2587
vn -0.0000 0.9659 0.2590
vn -0.0000 0.9661 0.2583
vn -0.0000 0.9659 0.2588
vn 0.0005 0.9653 0.2610
vn 0.0001 0.9659 0.2589
vn -0.0000 0.9672 0.2539
vn -0.0001 0.9659 0.2589
vn -0.0000 0.9659 0.2591
vn -0.0000 0.9659 0.2589
vn -0.0000 0.9658 0.2591
vn -0.0000 0.9663 0.2572
vn -0.0000 0.9660 0.2586
vn -0.0004 0.9660 0.2585
vn 0.0003 0.9657 0.2596
vn -0.0000 0.9661 0.2582
vn -0.0001 0.9659 0.2590
vn -0.0001 0.9659 0.2588
vn -0.0000 1.0000 -0.0004
vn -0.0000 1.0000 0.0088
vn -0.0000 -0.9985 -0.0546
vn -0.0000 1.0000 0.0005
vn -0.0000 1.0000 -0.0003
vn -0.0000 1.0000 0.0007
vn -0.0000 -0.8944 -0.4472
vn -0.0000 1.0000 0.0002
vn -0.0000 -0.9981 -0.0624
vn -0.0000 0.9679 0.2513
vn -0.2582 0.9659 -0.0172
vn -0.2579 0.9659 -0.0227
vn -0.2569 0.9659 -0.0317
vn -0.2568 0.9659 -0.0321
vn -0.2559 0.9659 -0.0392
vn -0.2557 0.9659 -0.0402
vn -0.2546 0.9659 -0.0464
vn -0.2540 0.9659 -0.0505
vn -0.2530 0.9659 -0.0540
vn -0.2514 0.9659 -0.0623
vn -0.2487 0.9660 -0.0707
vn -0.2425 0.9659 -0.0904
vn -0.2462 0.9659 -0.0801
vn -0.2466 0.9659 -0.0785
vn -0.2503 0.9659 -0.0664
vn -0.2314 0.9658 -0.1167
vn -0.2299 0.9659 -0.1189
vn -0.2338 0.9659 -0.1111
vn -0.2330 0.9659 -0.1125
vn -0.2382 0.9658 -0.1022
vn -0.2367 0.9659 -0.1046
vn -0.2419 0.9659 -0.0924
vn -0.1998 0.9659 -0.1648
vn -0.2083 0.9659 -0.1535
vn -0.2072 0.9658 -0.1560
vn -0.2163 0.9660 -0.1415
vn -0.2145 0.9657 -0.1464
vn -0.2237 0.9661 -0.1291
vn -0.2214 0.9656 -0.1360
vn -0.2268 0.9660 -0.1243
vn -0.1934 0.9656 -0.1737
vn -0.1903 0.9660 -0.1752
vn -0.1997 0.9658 -0.1652
vn -0.1861 0.9660 -0.1796
vn -0.1829 0.9659 -0.1835
vn -0.1812 0.9657 -0.1858
vn -0.1781 0.9660 -0.1874
vn -0.1736 0.9659 -0.1922
vn -0.1718 0.9657 -0.1948
vn -0.1684 0.9660 -0.1960
vn -0.1618 0.9657 -0.2029
vn -0.1626 0.9656 -0.2030
vn -0.1561 0.9660 -0.2061
vn -0.1532 0.9657 -0.2097
vn -0.1524 0.9654 -0.2118
vn -0.1360 0.9655 -0.2222
vn -0.1416 0.9669 -0.2123
vn -0.1428 0.9649 -0.2205
vn -0.1467 0.9663 -0.2114
vn -0.2573 0.9660 -0.0263
vn -0.2583 0.9659 -0.0183
vn -0.2585 0.9659 -0.0109
vn -0.2587 0.9659 -0.0087
vn -0.2588 0.9659 -0.0039
vn -0.2588 0.9659 -0.0033
vn -0.2588 0.9659 0.0017
vn -0.2590 0.9659 0.0043
vn -0.2587 0.9659 0.0085
vn -0.2585 0.9659 0.0138
vn -0.2583 0.9658 0.0215
vn -0.2582 0.9659 0.0179
vn -0.2571 0.9659 0.0311
vn -0.2570 0.9659 0.0315
vn -0.2562 0.9659 0.0369
vn -0.2502 0.9659 0.0665
vn -0.2511 0.9659 0.0626
vn -0.2524 0.9659 0.0582
vn -0.2525 0.9659 0.0571
vn -0.2549 0.9659 0.0452
vn -0.2547 0.9658 0.0487
vn -0.2555 0.9659 0.0412
vn -0.2489 0.9658 0.0725
vn -0.2493 0.9659 0.0694
vn -0.2466 0.9659 0.0787
vn -0.2465 0.9659 0.0795
vn -0.2452 0.9659 0.0827
vn -0.2435 0.9659 0.0880
vn -0.2434 0.9659 0.0885
vn -0.2444 0.9659 0.0852
vn -0.2397 0.9659 0.0976
vn -0.2396 0.9659 0.0978
vn -0.2409 0.9659 0.0946
vn -0.2407 0.9659 0.0956
vn -0.2418 0.9659 0.0921
vn -0.2412 0.9659 0.0939
vn -0.2415 0.9660 0.0926
vn -0.2401 0.9659 0.0968
vn -0.2442 0.9660 0.0855
vn -0.2437 0.9659 0.0872
vn -0.2427 0.9659 0.0899
vn -0.2476 0.9659 0.0753
vn -0.2478 0.9659 0.0746
vn -0.2458 0.9659 0.0814
vn -0.2537 0.9659 0.0511
vn -0.2520 0.9659 0.0593
vn -0.2508 0.9659 0.0637
vn -0.2502 0.9659 0.0663
vn -0.2491 0.9659 0.0701
vn -0.2577 0.9659 0.0235
vn -0.2568 0.9659 0.0324
vn -0.2561 0.9659 0.0371
vn -0.2555 0.9659 0.0415
vn -0.2538 0.9659 0.0506
vn -0.2585 0.9659 0.0099
vn -0.2584 0.9659 0.0152
vn -0.2577 0.9659 0.0236
vn -0.2587 0.9660 -0.0038
vn -0.2588 0.9659 -0.0001
vn -0.2587 0.9659 0.0073
vn -0.2582 0.9660 -0.0164
vn -0.2585 0.9659 -0.0133
vn -0.2587 0.9659 -0.0069
vn -0.2572 0.9660 -0.0275
vn -0.2577 0.9659 -0.0243
vn -0.2581 0.9659 -0.0191
vn -0.2558 0.9659 -0.0393
vn -0.2562 0.9659 -0.0365
vn -0.2562 0.9660 -0.0362
vn -0.2567 0.9659 -0.0330
vn -0.2572 0.9659 -0.0289
vn -0.2553 0.9659 -0.0424
vn -0.2550 0.9659 -0.0439
vn -0.2550 0.9659 -0.0442
vn -0.2552 0.9659 -0.0435
vn -0.2553 0.9659 -0.0421
vn -0.2561 0.9659 -0.0384
vn -0.2561 0.9659 -0.0378
vn -0.2567 0.9659 -0.0325
vn -0.2571 0.9659 -0.0309
vn -0.2573 0.9659 -0.0283
vn -0.2583 0.9658 -0.0207
vn -0.2576 0.9659 -0.0251
vn -0.2582 0.9659 -0.0180
vn -0.2585 0.9659 -0.0146
vn -0.2584 0.9659 -0.0128
vn -0.2586 0.9659 -0.0098
vn -0.2587 0.9659 -0.0057
vn -0.2587 0.9659 -0.0063
vn -0.2589 0.9659 0.0002
vn -0.2589 0.9659 -0.0002
vn -0.2588 0.9659 0.0042
vn -0.2588 0.9659 0.0102
vn -0.2586 0.9660 0.0078
vn -0.2580 0.9660 0.0189
vn -0.2580 0.9659 0.0219
vn -0.2572 0.9660 0.0280
vn -0.2572 0.9659 0.0300
vn -0.2563 0.9659 0.0355
vn -0.2563 0.9659 0.0362
vn -0.2557 0.9659 0.0402
vn -0.2556 0.9659 0.0407
vn -0.2545 0.9659 0.0470
vn -0.2545 0.9659 0.0478
vn -0.2523 0.9659 0.0574
vn -0.2527 0.9659 0.0568
vn -0.2500 0.9659 0.0666
vn -0.2500 0.9659 0.0680
vn -0.2479 0.9660 0.0742
vn -0.2470 0.9658 0.0793
vn -0.2470 0.9658 0.0791
vn -0.2439 0.9660 0.0855
vn -0.2438 0.9659 0.0869
vn -0.2425 0.9659 0.0905
vn -0.2418 0.9659 0.0929
vn -0.2419 0.9659 0.0928
vn -0.2388 0.9660 0.0988
vn -0.2403 0.9650 0.1047
vn -0.2330 0.9667 0.1058
vn -0.0000 0.9661 -0.2581
vn 0.0001 0.9659 -0.2589
vn 0.0546 0.9971 0.0531
vn 0.2440 0.9692 -0.0337
vn 0.2206 0.9749 -0.0313
vn 0.1991 0.9796 -0.0272
vn 0.1391 0.9901 -0.0191
vn 0.1567 0.9874 -0.0224
vn 0.1015 0.9947 -0.0154
vn 0.0835 0.9964 -0.0118
vn 0.0030 1.0000 -0.0049
vn 0.0153 0.9999 -0.0049
vn 0.0335 0.9994 -0.0057
vn 0.0517 0.9986 -0.0072
vn 0.0676 0.9977 -0.0092
vn 0.0431 0.9982 0.0414
vn 0.0310 0.9990 0.0320
vn 0.0185 0.9995 0.0250
vn 0.1018 0.9899 0.0991
vn 0.0925 0.9917 0.0895
vn 0.0825 0.9933 0.0808
vn 0.0738 0.9945 0.0745
vn 0.0647 0.9956 0.0684
vn 0.1277 0.9839 0.1248
vn 0.1182 0.9860 0.1180
vn 0.1088 0.9878 0.1118
vn 0.1627 0.9731 0.1632
vn 0.1688 0.9703 0.1733
vn 0.1560 0.9757 0.1538
vn 0.1474 0.9787 0.1432
vn 0.1381 0.9813 0.1341
vn 0.2248 0.9739 -0.0324
vn 0.2246 0.9739 -0.0338
vn 0.2241 0.9739 -0.0365
vn 0.2240 0.9739 -0.0375
vn 0.2240 0.9739 -0.0370
vn 0.2287 0.9728 -0.0368
vn 0.2242 0.9739 -0.0357
vn 0.2245 0.9739 -0.0340
vn 0.2247 0.9739 -0.0327
vn 0.2313 0.9723 -0.0325
vn 0.2250 0.9739 -0.0307
vn 0.2255 0.9739 -0.0272
vn 0.2260 0.9739 -0.0219
vn 0.2264 0.9739 -0.0180
vn 0.2336 0.9722 -0.0166
vn 0.2266 0.9739 -0.0150
vn 0.2269 0.9739 -0.0098
vn 0.2315 0.9728 -0.0104
vn 0.2270 0.9739 -0.0069
vn 0.2271 0.9739 -0.0034
vn 0.2271 0.9739 0.0015
vn 0.2334 0.9724 0.0030
vn 0.2270 0.9739 0.0047
vn 0.2270 0.9739 0.0072
vn 0.2269 0.9739 0.0072
vn 0.2268 0.9739 0.0116
vn 0.2268 0.9739 0.0115
vn 0.2264 0.9739 0.0183
vn 0.2337 0.9720 0.0249
vn 0.2257 0.9739 0.0251
vn 0.2254 0.9739 0.0275
vn 0.2248 0.9739 0.0321
vn 0.2240 0.9739 0.0370
vn 0.2300 0.9724 0.0402
vn 0.2234 0.9739 0.0405
vn 0.2224 0.9739 0.0460
vn 0.2215 0.9739 0.0501
vn 0.2245 0.9730 0.0539
vn 0.2207 0.9739 0.0536
vn 0.2190 0.9739 0.0599
vn 0.2191 0.9739 0.0599
vn 0.2173 0.9739 0.0661
vn 0.2161 0.9739 0.0697
vn 0.2221 0.9723 0.0732
vn 0.2154 0.9739 0.0720
vn 0.2149 0.9739 0.0734
vn 0.2156 0.9739 0.0713
vn 0.2192 0.9739 0.0596
vn 0.2107 0.9758 0.0585
vn 0.2198 0.9739 0.0572
vn 0.2211 0.9739 0.0519
vn 0.2171 0.9748 0.0517
vn 0.2219 0.9739 0.0484
vn 0.2229 0.9739 0.0432
vn 0.2230 0.9739 0.0433
vn 0.2246 0.9739 0.0337
vn 0.2254 0.9739 0.0282
vn 0.2246 0.9742 0.0230
vn 0.2260 0.9739 0.0228
vn 0.2266 0.9739 0.0158
vn 0.2270 0.9739 0.0083
vn 0.2215 0.9751 0.0096
vn 0.2270 0.9739 0.0038
vn 0.2271 0.9739 -0.0040
vn 0.2200 0.9755 -0.0019
vn 0.2269 0.9739 -0.0084
vn 0.2265 0.9739 -0.0172
vn 0.2168 0.9761 -0.0136
vn 0.2261 0.9739 -0.0210
vn 0.2255 0.9739 -0.0269
vn 0.2194 0.9752 -0.0305
vn 0.2245 0.9739 -0.0341
vn 0.2235 0.9739 -0.0401
vn 0.2185 0.9748 -0.0452
vn 0.2221 0.9739 -0.0476
vn 0.2202 0.9739 -0.0553
vn 0.2106 0.9758 -0.0588
vn 0.2180 0.9738 -0.0641
vn 0.2166 0.9739 -0.0681
vn 0.2148 0.9739 -0.0736
vn 0.2089 0.9749 -0.0766
vn 0.2123 0.9739 -0.0806
vn 0.2100 0.9739 -0.0865
vn 0.2049 0.9745 -0.0911
vn 0.2070 0.9739 -0.0935
vn 0.2014 0.9739 -0.1051
vn 0.1979 0.9746 -0.1049
vn 0.1975 0.9739 -0.1119
vn 0.1931 0.9738 -0.1197
vn 0.1878 0.9757 -0.1132
vn 0.1906 0.9739 -0.1234
vn 0.1878 0.9739 -0.1277
vn 0.1878 0.9739 -0.1276
vn 0.1825 0.9739 -0.1353
vn 0.1747 0.9739 -0.1452
vn 0.1675 0.9739 -0.1534
vn 0.1637 0.9739 -0.1574
vn 0.1598 0.9743 -0.1587
vn 0.1607 0.9739 -0.1605
vn 0.1557 0.9739 -0.1654
vn 0.1530 0.9751 -0.1603
vn 0.1543 0.9739 -0.1666
vn 0.1528 0.9739 -0.1680
vn 0.1462 0.9752 -0.1661
vn 0.1494 0.9739 -0.1711
vn 0.1475 0.9739 -0.1726
vn 0.1455 0.9739 -0.1743
vn 0.1452 0.9739 -0.1745
vn 0.1452 0.9739 -0.1746
vn 0.1473 0.9739 -0.1728
vn 0.1524 0.9725 -0.1758
vn 0.1498 0.9739 -0.1707
vn 0.1546 0.9739 -0.1664
vn 0.1613 0.9739 -0.1599
vn 0.1661 0.9739 -0.1548
vn 0.1710 0.9739 -0.1495
vn 0.1786 0.9739 -0.1404
vn 0.1785 0.9739 -0.1404
vn 0.1860 0.9739 -0.1304
vn 0.1928 0.9739 -0.1201
vn 0.1990 0.9739 -0.1096
vn 0.2046 0.9739 -0.0988
vn 0.2046 0.9739 -0.0987
vn 0.2095 0.9739 -0.0878
vn 0.2136 0.9739 -0.0772
vn 0.2171 0.9739 -0.0667
vn 0.2202 0.9739 -0.0559
vn 0.2226 0.9739 -0.0453
vn 0.2244 0.9739 -0.0351
vn 0.2257 0.9739 -0.0252
vn 0.2266 0.9739 -0.0157
vn 0.2271 0.9739 -0.0057
vn 0.2271 0.9739 0.0043
vn 0.2267 0.9739 0.0135
vn 0.2260 0.9739 0.0221
vn 0.2251 0.9739 0.0302
vn 0.2239 0.9739 0.0378
vn 0.2226 0.9739 0.0451
vn 0.2226 0.9739 0.0450
vn 0.2212 0.9739 0.0513
vn 0.2197 0.9739 0.0577
vn 0.2177 0.9739 0.0648
vn 0.2176 0.9739 0.0648
vn 0.2207 0.9726 0.0732
vn 0.2150 0.9739 0.0730
vn 0.2133 0.9739 0.0778
vn 0.2134 0.9739 0.0778
vn 0.2119 0.9739 0.0816
vn 0.2150 0.9729 0.0852
vn 0.2107 0.9739 0.0845
vn 0.2088 0.9739 0.0894
vn 0.2087 0.9739 0.0893
vn 0.2071 0.9739 0.0932
vn 0.2107 0.9728 0.0968
vn 0.2059 0.9739 0.0958
vn 0.2039 0.9739 0.1000
vn 0.2019 0.9739 0.1039
vn 0.2057 0.9727 0.1074
vn 0.2006 0.9739 0.1064
vn 0.1993 0.9739 0.1088
vn 0.1971 0.9739 0.1129
vn 0.1938 0.9739 0.1184
vn 0.1944 0.9728 0.1258
vn 0.1903 0.9739 0.1239
vn 0.1888 0.9739 0.1261
vn 0.1866 0.9739 0.1294
vn 0.1835 0.9739 0.1337
vn 0.1880 0.9722 0.1392
vn 0.1814 0.9739 0.1366
vn 0.1779 0.9739 0.1411
vn 0.1730 0.9739 0.1471
vn 0.1730 0.9739 0.1472
vn 0.1676 0.9739 0.1533
vn 0.1631 0.9739 0.1580
vn 0.1734 0.9677 0.1828
vn 0.1151 0.9866 0.1153
vn 0.1202 0.9866 0.1100
vn 0.1241 0.9866 0.1056
vn 0.1276 0.9866 0.1012
vn 0.1309 0.9866 0.0969
vn 0.1339 0.9866 0.0928
vn 0.1365 0.9866 0.0889
vn 0.1365 0.9866 0.0888
vn 0.1390 0.9866 0.0849
vn 0.1413 0.9866 0.0809
vn 0.1414 0.9866 0.0809
vn 0.1430 0.9866 0.0780
vn 0.1430 0.9866 0.0781
vn 0.1444 0.9866 0.0754
vn 0.1463 0.9866 0.0717
vn 0.1480 0.9866 0.0680
vn 0.1498 0.9866 0.0641
vn 0.1497 0.9866 0.0641
vn 0.1514 0.9866 0.0600
vn 0.1514 0.9866 0.0601
vn 0.1531 0.9866 0.0558
vn 0.1530 0.9866 0.0558
vn 0.1546 0.9866 0.0513
vn 0.1561 0.9866 0.0465
vn 0.1575 0.9866 0.0414
vn 0.1576 0.9866 0.0414
vn 0.1587 0.9866 0.0368
vn 0.1597 0.9866 0.0323
vn 0.1606 0.9866 0.0271
vn 0.1606 0.9866 0.0272
vn 0.1615 0.9866 0.0217
vn 0.1622 0.9866 0.0158
vn 0.1621 0.9866 0.0158
vn 0.1626 0.9866 0.0097
vn 0.1629 0.9866 0.0031
vn 0.1629 0.9866 -0.0041
vn 0.1625 0.9866 -0.0112
vn 0.1625 0.9866 -0.0113
vn 0.1619 0.9866 -0.0181
vn 0.1610 0.9866 -0.0252
vn 0.1596 0.9866 -0.0325
vn 0.1597 0.9866 -0.0325
vn 0.1579 0.9866 -0.0401
vn 0.1558 0.9866 -0.0478
vn 0.1532 0.9866 -0.0554
vn 0.1503 0.9866 -0.0630
vn 0.1467 0.9866 -0.0708
vn 0.1468 0.9866 -0.0709
vn 0.1428 0.9866 -0.0786
vn 0.1427 0.9866 -0.0786
vn 0.1383 0.9866 -0.0862
vn 0.1334 0.9866 -0.0935
vn 0.1334 0.9866 -0.0936
vn 0.1281 0.9866 -0.1007
vn 0.1281 0.9866 -0.1008
vn 0.1227 0.9866 -0.1072
vn 0.1191 0.9866 -0.1111
vn 0.1157 0.9866 -0.1147
vn 0.1109 0.9866 -0.1193
vn 0.1067 0.9866 -0.1231
vn 0.1042 0.9866 -0.1252
vn 0.1044 0.9866 -0.1250
vn 0.1071 0.9866 -0.1227
vn 0.1096 0.9866 -0.1205
vn 0.1117 0.9866 -0.1186
vn 0.1156 0.9866 -0.1148
vn 0.1202 0.9866 -0.1100
vn 0.1253 0.9866 -0.1041
vn 0.1309 0.9866 -0.0970
vn 0.1347 0.9866 -0.0916
vn 0.1385 0.9866 -0.0858
vn 0.1440 0.9866 -0.0763
vn 0.1489 0.9866 -0.0663
vn 0.1530 0.9866 -0.0561
vn 0.1563 0.9866 -0.0460
vn 0.1564 0.9866 -0.0460
vn 0.1580 0.9866 -0.0397
vn 0.1596 0.9866 -0.0330
vn 0.1614 0.9866 -0.0224
vn 0.1625 0.9866 -0.0123
vn 0.1629 0.9866 -0.0029
vn 0.1628 0.9866 0.0060
vn 0.1625 0.9866 0.0113
vn 0.1625 0.9866 0.0114
vn 0.1621 0.9866 0.0166
vn 0.1611 0.9866 0.0242
vn 0.1599 0.9866 0.0310
vn 0.1586 0.9866 0.0372
vn 0.1572 0.9866 0.0427
vn 0.1558 0.9866 0.0474
vn 0.1547 0.9866 0.0511
vn 0.1542 0.9866 0.0526
vn 0.1547 0.9866 0.0510
vn 0.1559 0.9866 0.0474
vn 0.1571 0.9866 0.0430
vn 0.1584 0.9866 0.0380
vn 0.1595 0.9866 0.0330
vn 0.1605 0.9866 0.0280
vn 0.1613 0.9866 0.0230
vn 0.1619 0.9866 0.0180
vn 0.1624 0.9866 0.0131
vn 0.1627 0.9866 0.0083
vn 0.1628 0.9866 0.0052
vn 0.1629 0.9866 0.0021
vn 0.1629 0.9866 -0.0024
vn 0.1628 0.9866 -0.0070
vn 0.1625 0.9866 -0.0115
vn 0.1621 0.9866 -0.0157
vn 0.1617 0.9866 -0.0195
vn 0.1613 0.9866 -0.0227
vn 0.1611 0.9866 -0.0244
vn 0.1608 0.9866 -0.0259
vn 0.1607 0.9866 -0.0269
vn 0.1608 0.9866 -0.0262
vn 0.1611 0.9866 -0.0242
vn 0.1612 0.9866 -0.0234
vn 0.1768 0.9839 -0.0245
vn 0.0684 0.9952 0.0704
vn 0.0723 0.9952 0.0662
vn 0.0747 0.9952 0.0636
vn 0.0768 0.9952 0.0609
vn 0.0788 0.9952 0.0584
vn 0.0788 0.9952 0.0583
vn 0.0806 0.9952 0.0559
vn 0.0822 0.9952 0.0535
vn 0.0837 0.9952 0.0511
vn 0.0851 0.9952 0.0487
vn 0.0860 0.9952 0.0470
vn 0.0869 0.9952 0.0454
vn 0.0880 0.9952 0.0432
vn 0.0891 0.9952 0.0409
vn 0.0901 0.9952 0.0386
vn 0.0911 0.9952 0.0361
vn 0.0921 0.9952 0.0336
vn 0.0931 0.9952 0.0309
vn 0.0940 0.9952 0.0280
vn 0.0948 0.9952 0.0249
vn 0.0955 0.9952 0.0221
vn 0.0961 0.9952 0.0195
vn 0.0961 0.9952 0.0194
vn 0.0967 0.9952 0.0163
vn 0.0972 0.9952 0.0130
vn 0.0976 0.9952 0.0095
vn 0.0979 0.9952 0.0058
vn 0.0980 0.9952 0.0019
vn 0.0980 0.9952 -0.0025
vn 0.0980 0.9952 -0.0024
vn 0.0978 0.9952 -0.0068
vn 0.0975 0.9952 -0.0109
vn 0.0969 0.9952 -0.0152
vn 0.0961 0.9952 -0.0196
vn 0.0951 0.9952 -0.0241
vn 0.0937 0.9952 -0.0288
vn 0.0922 0.9952 -0.0333
vn 0.0905 0.9952 -0.0379
vn 0.0883 0.9952 -0.0426
vn 0.0859 0.9952 -0.0473
vn 0.0832 0.9952 -0.0519
vn 0.0803 0.9952 -0.0563
vn 0.0771 0.9952 -0.0606
vn 0.0738 0.9952 -0.0646
vn 0.0738 0.9952 -0.0645
vn 0.0717 0.9952 -0.0669
vn 0.0717 0.9952 -0.0668
vn 0.0696 0.9952 -0.0691
vn 0.0696 0.9952 -0.0690
vn 0.0667 0.9952 -0.0718
vn 0.0668 0.9952 -0.0718
vn 0.0642 0.9952 -0.0741
vn 0.0627 0.9952 -0.0754
vn 0.0628 0.9952 -0.0753
vn 0.0645 0.9952 -0.0739
vn 0.0645 0.9952 -0.0738
vn 0.0659 0.9952 -0.0725
vn 0.0660 0.9952 -0.0725
vn 0.0672 0.9952 -0.0714
vn 0.0723 0.9952 -0.0662
vn 0.0754 0.9952 -0.0627
vn 0.0788 0.9952 -0.0584
vn 0.0811 0.9952 -0.0551
vn 0.0834 0.9952 -0.0517
vn 0.0867 0.9952 -0.0459
vn 0.0896 0.9952 -0.0399
vn 0.0921 0.9952 -0.0338
vn 0.0941 0.9952 -0.0277
vn 0.0951 0.9952 -0.0239
vn 0.0951 0.9952 -0.0238
vn 0.0961 0.9952 -0.0199
vn 0.0972 0.9952 -0.0135
vn 0.0978 0.9952 -0.0074
vn 0.0981 0.9952 -0.0017
vn 0.0980 0.9952 0.0036
vn 0.0978 0.9952 0.0068
vn 0.0975 0.9952 0.0100
vn 0.0970 0.9952 0.0145
vn 0.0962 0.9952 0.0187
vn 0.0954 0.9952 0.0224
vn 0.0946 0.9952 0.0257
vn 0.0938 0.9952 0.0285
vn 0.0931 0.9952 0.0308
vn 0.0928 0.9952 0.0317
vn 0.0931 0.9952 0.0307
vn 0.0946 0.9952 0.0259
vn 0.0953 0.9952 0.0229
vn 0.0960 0.9952 0.0199
vn 0.0966 0.9952 0.0169
vn 0.0966 0.9952 0.0168
vn 0.0971 0.9952 0.0138
vn 0.0974 0.9952 0.0108
vn 0.0977 0.9952 0.0079
vn 0.0979 0.9952 0.0050
vn 0.0980 0.9952 0.0031
vn 0.0980 0.9952 0.0013
vn 0.0980 0.9952 -0.0015
vn 0.0980 0.9952 -0.0042
vn 0.0978 0.9952 -0.0069
vn 0.0976 0.9952 -0.0095
vn 0.0973 0.9952 -0.0117
vn 0.0971 0.9952 -0.0137
vn 0.0969 0.9952 -0.0147
vn 0.0968 0.9952 -0.0156
vn 0.0967 0.9952 -0.0162
vn 0.0968 0.9952 -0.0158
vn 0.0967 0.9952 -0.0158
vn 0.0969 0.9952 -0.0146
vn 0.0970 0.9952 -0.0143
vn 0.1204 0.9926 -0.0165
vn 0.0324 0.9995 -0.0044
vn 0.0324 0.9995 -0.0049
vn 0.0323 0.9995 -0.0053
vn 0.0323 0.9995 -0.0054
vn 0.0323 0.9995 -0.0052
vn 0.0323 0.9995 -0.0049
vn 0.0324 0.9995 -0.0046
vn 0.0325 0.9995 -0.0039
vn 0.0326 0.9995 -0.0032
vn 0.0326 0.9995 -0.0023
vn 0.0327 0.9995 -0.0014
vn 0.0327 0.9995 -0.0005
vn 0.0327 0.9995 0.0004
vn 0.0327 0.9995 0.0010
vn 0.0327 0.9995 0.0017
vn 0.0326 0.9995 0.0026
vn 0.0325 0.9995 0.0036
vn 0.0324 0.9995 0.0046
vn 0.0322 0.9995 0.0056
vn 0.0320 0.9995 0.0066
vn 0.0318 0.9995 0.0076
vn 0.0316 0.9995 0.0086
vn 0.0313 0.9995 0.0095
vn 0.0311 0.9995 0.0102
vn 0.0310 0.9995 0.0106
vn 0.0311 0.9995 0.0103
vn 0.0319 0.9995 0.0075
vn 0.0321 0.9995 0.0062
vn 0.0324 0.9995 0.0049
vn 0.0324 0.9995 0.0048
vn 0.0326 0.9995 0.0033
vn 0.0326 0.9995 0.0023
vn 0.0327 0.9995 0.0012
vn 0.0327 0.9995 -0.0006
vn 0.0326 0.9995 -0.0025
vn 0.0324 0.9995 -0.0045
vn 0.0321 0.9995 -0.0066
vn 0.0317 0.9995 -0.0080
vn 0.0314 0.9995 -0.0092
vn 0.0307 0.9995 -0.0113
vn 0.0299 0.9995 -0.0133
vn 0.0289 0.9995 -0.0153
vn 0.0278 0.9995 -0.0172
vn 0.0271 0.9995 -0.0184
vn 0.0263 0.9995 -0.0195
vn 0.0252 0.9995 -0.0209
vn 0.0241 0.9995 -0.0221
vn 0.0232 0.9995 -0.0231
vn 0.0224 0.9995 -0.0238
vn 0.0220 0.9995 -0.0242
vn 0.0215 0.9995 -0.0247
vn 0.0215 0.9995 -0.0246
vn 0.0210 0.9995 -0.0251
vn 0.0209 0.9995 -0.0252
vn 0.0209 0.9995 -0.0251
vn 0.0214 0.9995 -0.0247
vn 0.0223 0.9995 -0.0240
vn 0.0232 0.9995 -0.0230
vn 0.0239 0.9995 -0.0223
vn 0.0246 0.9995 -0.0215
vn 0.0257 0.9995 -0.0202
vn 0.0268 0.9995 -0.0188
vn 0.0278 0.9995 -0.0173
vn 0.0287 0.9995 -0.0158
vn 0.0295 0.9995 -0.0142
vn 0.0302 0.9995 -0.0126
vn 0.0308 0.9995 -0.0111
vn 0.0313 0.9995 -0.0096
vn 0.0317 0.9995 -0.0081
vn 0.0321 0.9995 -0.0065
vn 0.0323 0.9995 -0.0051
vn 0.0325 0.9995 -0.0036
vn 0.0327 0.9995 -0.0008
vn 0.0327 0.9995 0.0006
vn 0.0327 0.9995 0.0019
vn 0.0326 0.9995 0.0032
vn 0.0324 0.9995 0.0043
vn 0.0323 0.9995 0.0055
vn 0.0323 0.9995 0.0054
vn 0.0321 0.9995 0.0065
vn 0.0319 0.9995 0.0074
vn 0.0316 0.9995 0.0083
vn 0.0314 0.9995 0.0094
vn 0.0314 0.9995 0.0093
vn 0.0307 0.9995 0.0112
vn 0.0304 0.9995 0.0121
vn 0.0301 0.9995 0.0129
vn 0.0297 0.9995 0.0136
vn 0.0297 0.9995 0.0137
vn 0.0294 0.9995 0.0144
vn 0.0290 0.9995 0.0151
vn 0.0287 0.9995 0.0157
vn 0.0284 0.9995 0.0163
vn 0.0279 0.9995 0.0171
vn 0.0279 0.9995 0.0170
vn 0.0274 0.9995 0.0179
vn 0.0274 0.9995 0.0178
vn 0.0269 0.9995 0.0187
vn 0.0269 0.9995 0.0186
vn 0.0263 0.9995 0.0195
vn 0.0256 0.9995 0.0203
vn 0.0249 0.9995 0.0212
vn 0.0241 0.9995 0.0221
vn 0.0207 0.9995 0.0257
vn 0.0064 1.0000 0.0063
vn -0.1865 0.9787 0.0857
vn -0.1414 0.9878 0.0653
vn -0.0097 0.9999 0.0048
vn -0.1141 0.9754 -0.1886
vn -0.0802 0.9868 -0.1409
vn -0.0289 0.9983 -0.0504
vn -0.0401 0.9968 -0.0696
vn -0.0147 0.9996 -0.0247
vn -0.0021 1.0000 -0.0038
vn -0.0293 0.9995 0.0114
vn -0.1060 0.9936 0.0393
vn -0.0914 0.9951 0.0387
vn -0.0777 0.9963 0.0370
vn -0.1186 0.9739 -0.1937
vn -0.1234 0.9739 -0.1907
vn -0.1234 0.9739 -0.1906
vn -0.1294 0.9739 -0.1866
vn -0.1295 0.9739 -0.1866
vn -0.1339 0.9739 -0.1833
vn -0.1315 0.9755 -0.1764
vn -0.1371 0.9739 -0.1810
vn -0.1419 0.9739 -0.1773
vn -0.1419 0.9739 -0.1772
vn -0.1480 0.9739 -0.1722
vn -0.1480 0.9739 -0.1723
vn -0.1522 0.9739 -0.1685
vn -0.1565 0.9739 -0.1646
vn -0.1603 0.9739 -0.1608
vn -0.1594 0.9749 -0.1553
vn -0.1634 0.9739 -0.1577
vn -0.1690 0.9739 -0.1518
vn -0.1752 0.9739 -0.1445
vn -0.1815 0.9739 -0.1366
vn -0.1876 0.9739 -0.1280
vn -0.1936 0.9739 -0.1189
vn -0.1936 0.9739 -0.1188
vn -0.1992 0.9739 -0.1092
vn -0.2027 0.9739 -0.1023
vn -0.1992 0.9752 -0.0969
vn -0.2051 0.9739 -0.0974
vn -0.2088 0.9739 -0.0896
vn -0.2088 0.9739 -0.0895
vn -0.2128 0.9739 -0.0794
vn -0.2164 0.9739 -0.0689
vn -0.2195 0.9739 -0.0582
vn -0.2196 0.9739 -0.0582
vn -0.2221 0.9739 -0.0474
vn -0.2221 0.9739 -0.0475
vn -0.2234 0.9739 -0.0407
vn -0.2197 0.9749 -0.0359
vn -0.2244 0.9739 -0.0353
vn -0.2254 0.9739 -0.0282
vn -0.2253 0.9739 -0.0282
vn -0.2263 0.9739 -0.0199
vn -0.2269 0.9739 -0.0096
vn -0.2271 0.9739 -0.0034
vn -0.2232 0.9748 0.0003
vn -0.2271 0.9739 0.0015
vn -0.2270 0.9739 0.0074
vn -0.2217 0.9751 0.0096
vn -0.2268 0.9739 0.0121
vn -0.2263 0.9739 0.0188
vn -0.2255 0.9739 0.0272
vn -0.2255 0.9739 0.0273
vn -0.2248 0.9739 0.0324
vn -0.2207 0.9747 0.0345
vn -0.2242 0.9739 0.0362
vn -0.2231 0.9739 0.0426
vn -0.2215 0.9739 0.0501
vn -0.2203 0.9739 0.0549
vn -0.2153 0.9749 0.0561
vn -0.2195 0.9739 0.0583
vn -0.2180 0.9739 0.0635
vn -0.2164 0.9739 0.0690
vn -0.2163 0.9739 0.0690
vn -0.2152 0.9739 0.0726
vn -0.2113 0.9747 0.0725
vn -0.2144 0.9739 0.0747
vn -0.2134 0.9739 0.0776
vn -0.2122 0.9739 0.0808
vn -0.2111 0.9739 0.0838
vn -0.2103 0.9739 0.0858
vn -0.2102 0.9739 0.0858
vn -0.2106 0.9739 0.0849
vn -0.2120 0.9739 0.0813
vn -0.2129 0.9739 0.0789
vn -0.2157 0.9734 0.0774
vn -0.2138 0.9739 0.0765
vn -0.2156 0.9739 0.0714
vn -0.2175 0.9739 0.0654
vn -0.2186 0.9739 0.0615
vn -0.2235 0.9729 0.0601
vn -0.2195 0.9739 0.0582
vn -0.2211 0.9739 0.0520
vn -0.2227 0.9739 0.0444
vn -0.2242 0.9739 0.0364
vn -0.2253 0.9739 0.0284
vn -0.2262 0.9739 0.0207
vn -0.2267 0.9739 0.0134
vn -0.2270 0.9739 0.0064
vn -0.2271 0.9739 -0.0001
vn -0.2270 0.9739 -0.0061
vn -0.2268 0.9739 -0.0116
vn -0.2268 0.9739 -0.0117
vn -0.2265 0.9739 -0.0167
vn -0.2261 0.9739 -0.0213
vn -0.2257 0.9739 -0.0254
vn -0.2252 0.9739 -0.0290
vn -0.2248 0.9739 -0.0320
vn -0.2244 0.9739 -0.0345
vn -0.2240 0.9739 -0.0373
vn -0.2238 0.9739 -0.0386
vn -0.2241 0.9738 -0.0388
vn -0.2238 0.9739 -0.0387
vn -0.2241 0.9739 -0.0370
vn -0.2246 0.9739 -0.0331
vn -0.2253 0.9739 -0.0285
vn -0.2257 0.9739 -0.0248
vn -0.2198 0.9753 -0.0226
vn -0.2260 0.9739 -0.0221
vn -0.2264 0.9739 -0.0174
vn -0.2202 0.9753 -0.0177
vn -0.2266 0.9739 -0.0152
vn -0.2268 0.9739 -0.0112
vn -0.2270 0.9739 -0.0050
vn -0.2170 0.9762 0.0001
vn -0.2271 0.9739 0.0016
vn -0.2271 0.9739 0.0037
vn -0.2269 0.9739 0.0089
vn -0.2265 0.9739 0.0166
vn -0.2258 0.9739 0.0246
vn -0.2146 0.9762 0.0297
vn -0.2247 0.9739 0.0328
vn -0.2243 0.9739 0.0353
vn -0.2233 0.9739 0.0412
vn -0.2216 0.9739 0.0498
vn -0.2195 0.9739 0.0584
vn -0.2170 0.9739 0.0671
vn -0.2057 0.9767 0.0615
vn -0.2162 0.9739 0.0694
vn -0.2141 0.9739 0.0758
vn -0.2103 0.9749 0.0737
vn -0.2128 0.9739 0.0794
vn -0.2119 0.9739 0.0815
vn -0.2120 0.9739 0.0815
vn -0.2099 0.9739 0.0868
vn -0.2068 0.9739 0.0939
vn -0.2135 0.9723 0.0954
vn -0.1550 0.9865 0.0537
vn -0.1482 0.9866 0.0681
vn -0.1480 0.9866 0.0681
vn -0.1505 0.9866 0.0623
vn -0.1521 0.9866 0.0584
vn -0.1521 0.9866 0.0585
vn -0.1536 0.9866 0.0544
vn -0.1556 0.9866 0.0481
vn -0.1574 0.9866 0.0419
vn -0.1590 0.9866 0.0357
vn -0.1602 0.9866 0.0296
vn -0.1612 0.9866 0.0235
vn -0.1620 0.9866 0.0176
vn -0.1625 0.9866 0.0119
vn -0.1628 0.9866 0.0064
vn -0.1629 0.9866 0.0011
vn -0.1629 0.9866 -0.0036
vn -0.1627 0.9866 -0.0080
vn -0.1624 0.9866 -0.0125
vn -0.1620 0.9866 -0.0167
vn -0.1616 0.9866 -0.0204
vn -0.1612 0.9866 -0.0238
vn -0.1607 0.9866 -0.0265
vn -0.1605 0.9866 -0.0278
vn -0.1607 0.9866 -0.0267
vn -0.1610 0.9866 -0.0248
vn -0.1613 0.9866 -0.0230
vn -0.1616 0.9866 -0.0208
vn -0.1619 0.9866 -0.0182
vn -0.1622 0.9866 -0.0153
vn -0.1625 0.9866 -0.0120
vn -0.1627 0.9866 -0.0084
vn -0.1627 0.9866 -0.0083
vn -0.1629 0.9866 -0.0044
vn -0.1628 0.9866 -0.0044
vn -0.1629 0.9866 -0.0000
vn -0.1628 0.9866 0.0046
vn -0.1626 0.9866 0.0096
vn -0.1622 0.9866 0.0148
vn -0.1622 0.9866 0.0149
vn -0.1616 0.9866 0.0204
vn -0.1608 0.9866 0.0261
vn -0.1598 0.9866 0.0319
vn -0.1586 0.9866 0.0373
vn -0.1573 0.9866 0.0423
vn -0.1560 0.9866 0.0469
vn -0.1546 0.9866 0.0512
vn -0.1547 0.9866 0.0512
vn -0.1533 0.9866 0.0550
vn -0.1521 0.9866 0.0583
vn -0.1511 0.9866 0.0609
vn -0.1508 0.9866 0.0615
vn -0.1514 0.9866 0.0601
vn -0.1522 0.9866 0.0580
vn -0.1531 0.9866 0.0557
vn -0.1541 0.9866 0.0529
vn -0.1552 0.9866 0.0495
vn -0.1564 0.9866 0.0456
vn -0.1577 0.9866 0.0411
vn -0.1576 0.9866 0.0411
vn -0.1589 0.9866 0.0360
vn -0.1589 0.9866 0.0359
vn -0.1600 0.9866 0.0306
vn -0.1609 0.9866 0.0252
vn -0.1610 0.9866 0.0252
vn -0.1617 0.9866 0.0195
vn -0.1624 0.9866 0.0135
vn -0.1628 0.9866 0.0070
vn -0.1628 0.9866 0.0071
vn -0.1629 0.9866 0.0002
vn -0.1628 0.9866 -0.0069
vn -0.1623 0.9866 -0.0143
vn -0.1616 0.9866 -0.0202
vn -0.1608 0.9866 -0.0263
vn -0.1594 0.9866 -0.0340
vn -0.1575 0.9866 -0.0418
vn -0.1553 0.9866 -0.0494
vn -0.1527 0.9866 -0.0569
vn -0.1497 0.9866 -0.0643
vn -0.1498 0.9866 -0.0642
vn -0.1465 0.9866 -0.0713
vn -0.1429 0.9866 -0.0783
vn -0.1388 0.9866 -0.0852
vn -0.1389 0.9866 -0.0853
vn -0.1346 0.9866 -0.0919
vn -0.1346 0.9866 -0.0918
vn -0.1302 0.9866 -0.0979
vn -0.1302 0.9866 -0.0980
vn -0.1257 0.9866 -0.1036
vn -0.1257 0.9866 -0.1037
vn -0.1212 0.9866 -0.1089
vn -0.1167 0.9866 -0.1136
vn -0.1167 0.9866 -0.1137
vn -0.1122 0.9866 -0.1181
vn -0.1092 0.9866 -0.1209
vn -0.1062 0.9866 -0.1236
vn -0.1018 0.9866 -0.1272
vn -0.0974 0.9866 -0.1306
vn -0.0929 0.9866 -0.1338
vn -0.0885 0.9866 -0.1367
vn -0.0885 0.9866 -0.1368
vn -0.0843 0.9866 -0.1394
vn -0.0876 0.9866 -0.1375
vn -0.1317 0.9560 -0.2620
vn -0.0855 0.9952 0.0483
vn -0.0891 0.9952 0.0409
vn -0.0906 0.9952 0.0375
vn -0.0915 0.9952 0.0352
vn -0.0924 0.9952 0.0327
vn -0.0937 0.9952 0.0290
vn -0.0948 0.9952 0.0252
vn -0.0957 0.9952 0.0215
vn -0.0964 0.9952 0.0178
vn -0.0970 0.9952 0.0142
vn -0.0975 0.9952 0.0106
vn -0.0978 0.9952 0.0072
vn -0.0980 0.9952 0.0038
vn -0.0980 0.9952 0.0007
vn -0.0980 0.9952 -0.0021
vn -0.0979 0.9952 -0.0048
vn -0.0977 0.9952 -0.0075
vn -0.0978 0.9952 -0.0075
vn -0.0975 0.9952 -0.0100
vn -0.0973 0.9952 -0.0123
vn -0.0970 0.9952 -0.0143
vn -0.0967 0.9952 -0.0160
vn -0.0966 0.9952 -0.0167
vn -0.0967 0.9952 -0.0161
vn -0.0969 0.9952 -0.0149
vn -0.0970 0.9952 -0.0138
vn -0.0971 0.9952 -0.0138
vn -0.0972 0.9952 -0.0125
vn -0.0974 0.9952 -0.0110
vn -0.0976 0.9952 -0.0092
vn -0.0978 0.9952 -0.0072
vn -0.0979 0.9952 -0.0050
vn -0.0980 0.9952 -0.0026
vn -0.0980 0.9952 -0.0000
vn -0.0981 0.9952 -0.0000
vn -0.0980 0.9952 0.0028
vn -0.0979 0.9952 0.0058
vn -0.0976 0.9952 0.0089
vn -0.0973 0.9952 0.0123
vn -0.0968 0.9952 0.0157
vn -0.0962 0.9952 0.0192
vn -0.0954 0.9952 0.0224
vn -0.0947 0.9952 0.0255
vn -0.0939 0.9952 0.0283
vn -0.0939 0.9952 0.0282
vn -0.0931 0.9952 0.0308
vn -0.0923 0.9952 0.0331
vn -0.0915 0.9952 0.0351
vn -0.0909 0.9952 0.0366
vn -0.0908 0.9952 0.0370
vn -0.0911 0.9952 0.0362
vn -0.0916 0.9952 0.0349
vn -0.0921 0.9952 0.0335
vn -0.0927 0.9952 0.0318
vn -0.0934 0.9952 0.0298
vn -0.0941 0.9952 0.0274
vn -0.0949 0.9952 0.0247
vn -0.0956 0.9952 0.0216
vn -0.0963 0.9952 0.0184
vn -0.0969 0.9952 0.0152
vn -0.0973 0.9952 0.0118
vn -0.0977 0.9952 0.0081
vn -0.0980 0.9952 0.0042
vn -0.0981 0.9952 0.0001
vn -0.0980 0.9952 -0.0041
vn -0.0977 0.9952 -0.0086
vn -0.0973 0.9952 -0.0122
vn -0.0968 0.9952 -0.0158
vn -0.0959 0.9952 -0.0205
vn -0.0948 0.9952 -0.0252
vn -0.0948 0.9952 -0.0251
vn -0.0934 0.9952 -0.0298
vn -0.0934 0.9952 -0.0297
vn -0.0919 0.9952 -0.0343
vn -0.0919 0.9952 -0.0342
vn -0.0901 0.9952 -0.0387
vn -0.0882 0.9952 -0.0429
vn -0.0860 0.9952 -0.0471
vn -0.0836 0.9952 -0.0513
vn -0.0810 0.9952 -0.0553
vn -0.0784 0.9952 -0.0590
vn -0.0757 0.9952 -0.0624
vn -0.0729 0.9952 -0.0656
vn -0.0729 0.9952 -0.0655
vn -0.0702 0.9952 -0.0684
vn -0.0676 0.9952 -0.0711
vn -0.0676 0.9952 -0.0710
vn -0.0657 0.9952 -0.0728
vn -0.0657 0.9952 -0.0727
vn -0.0639 0.9952 -0.0744
vn -0.0613 0.9952 -0.0765
vn -0.0586 0.9952 -0.0786
vn -0.0559 0.9952 -0.0806
vn -0.0533 0.9952 -0.0823
vn -0.0507 0.9952 -0.0839
vn -0.0506 0.9952 -0.0840
vn -0.0541 0.9943 -0.0922
vn -0.0171 0.9995 -0.0279
vn -0.0169 0.9995 -0.0280
vn -0.0178 0.9995 -0.0274
vn -0.0178 0.9995 -0.0275
vn -0.0186 0.9995 -0.0269
vn -0.0196 0.9995 -0.0262
vn -0.0204 0.9995 -0.0256
vn -0.0205 0.9995 -0.0255
vn -0.0213 0.9995 -0.0248
vn -0.0219 0.9995 -0.0243
vn -0.0225 0.9995 -0.0237
vn -0.0234 0.9995 -0.0228
vn -0.0243 0.9995 -0.0219
vn -0.0243 0.9995 -0.0218
vn -0.0252 0.9995 -0.0208
vn -0.0261 0.9995 -0.0197
vn -0.0261 0.9995 -0.0196
vn -0.0270 0.9995 -0.0184
vn -0.0279 0.9995 -0.0172
vn -0.0279 0.9995 -0.0171
vn -0.0287 0.9995 -0.0157
vn -0.0294 0.9995 -0.0143
vn -0.0301 0.9995 -0.0129
vn -0.0307 0.9995 -0.0114
vn -0.0312 0.9995 -0.0099
vn -0.0316 0.9995 -0.0084
vn -0.0320 0.9995 -0.0068
vn -0.0323 0.9995 -0.0053
vn -0.0325 0.9995 -0.0041
vn -0.0325 0.9995 -0.0040
vn -0.0326 0.9995 -0.0029
vn -0.0327 0.9995 -0.0014
vn -0.0327 0.9995 -0.0000
vn -0.0327 0.9995 0.0014
vn -0.0326 0.9995 0.0027
vn -0.0325 0.9995 0.0039
vn -0.0323 0.9995 0.0051
vn -0.0321 0.9995 0.0061
vn -0.0319 0.9995 0.0072
vn -0.0317 0.9995 0.0083
vn -0.0317 0.9995 0.0082
vn -0.0314 0.9995 0.0092
vn -0.0312 0.9995 0.0099
vn -0.0309 0.9995 0.0106
vn -0.0307 0.9995 0.0112
vn -0.0306 0.9995 0.0116
vn -0.0304 0.9995 0.0121
vn -0.0303 0.9995 0.0124
vn -0.0303 0.9995 0.0122
vn -0.0305 0.9995 0.0117
vn -0.0308 0.9995 0.0111
vn -0.0308 0.9995 0.0110
vn -0.0311 0.9995 0.0103
vn -0.0313 0.9995 0.0094
vn -0.0316 0.9995 0.0085
vn -0.0318 0.9995 0.0075
vn -0.0321 0.9995 0.0064
vn -0.0323 0.9995 0.0052
vn -0.0325 0.9995 0.0041
vn -0.0326 0.9995 0.0030
vn -0.0327 0.9995 0.0019
vn -0.0327 0.9995 0.0009
vn -0.0327 0.9995 -0.0009
vn -0.0327 0.9995 -0.0017
vn -0.0326 0.9995 -0.0024
vn -0.0326 0.9995 -0.0031
vn -0.0325 0.9995 -0.0037
vn -0.0324 0.9995 -0.0042
vn -0.0324 0.9995 -0.0046
vn -0.0323 0.9995 -0.0050
vn -0.0323 0.9995 -0.0054
vn -0.0322 0.9995 -0.0056
vn -0.0324 0.9995 -0.0048
vn -0.0325 0.9995 -0.0034
vn -0.0325 0.9995 -0.0033
vn -0.0326 0.9995 -0.0025
vn -0.0327 0.9995 -0.0016
vn -0.0327 0.9995 -0.0007
vn -0.0327 0.9995 0.0002
vn -0.0327 0.9995 0.0013
vn -0.0326 0.9995 0.0024
vn -0.0325 0.9995 0.0035
vn -0.0324 0.9995 0.0047
vn -0.0322 0.9995 0.0059
vn -0.0316 0.9995 0.0084
vn -0.0313 0.9995 0.0097
vn -0.0308 0.9995 0.0109
vn -0.0302 0.9995 0.0125
vn -0.0297 0.9995 0.0137
vn -0.0284 0.9995 0.0163
vn -0.0507 0.9986 0.0149
s 0
f 1//1 2//1 3//1
f 3//1 2//1 4//1
f 5//2 1//2 6//2
f 6//2 1//2 3//2
f 7//3 5//3 8//3
f 8//3 5//3 6//3
f 2//4 7//4 4//4
f 4//4 7//4 8//4
f 7//5 2//5 9//5
f 9//5 2//5 10//5
f 10//5 2//5 11//5
f 11//5 2//5 1//5
f 11//5 1//5 12//5
f 12//5 1//5 5//5
f 12//5 5//5 13//5
f 13//5 14//5 15//5
f 16//5 17//5 18//5
f 18//5 17//5 19//5
f 18//5 19//5 20//5
f 21//5 22//5 23//5
f 16//5 24//5 17//5
f 17//5 24//5 25//5
f 17//5 25//5 26//5
f 26//5 25//5 27//5
f 28//5 29//5 19//5
f 19//5 29//5 30//5
f 19//5 30//5 20//5
f 15//5 31//5 13//5
f 13//5 31//5 32//5
f 13//5 32//5 33//5
f 33//5 34//5 13//5
f 13//5 34//5 35//5
f 13//5 35//5 36//5
f 37//5 38//5 39//5
f 39//5 38//5 40//5
f 39//5 40//5 23//5
f 23//5 40//5 41//5
f 23//5 41//5 21//5
f 37//5 39//5 42//5
f 42//5 39//5 43//5
f 42//5 43//5 44//5
f 44//5 43//5 45//5
f 44//5 45//5 46//5
f 46//5 45//5 47//5
f 46//5 47//5 48//5
f 27//5 49//5 26//5
f 26//5 49//5 50//5
f 26//5 50//5 51//5
f 22//5 52//5 23//5
f 23//5 52//5 53//5
f 23//5 53//5 54//5
f 54//5 53//5 55//5
f 54//5 55//5 56//5
f 57//5 58//5 14//5
f 14//5 58//5 59//5
f 14//5 59//5 60//5
f 36//5 61//5 13//5
f 13//5 61//5 62//5
f 13//5 62//5 63//5
f 56//5 64//5 54//5
f 54//5 64//5 65//5
f 54//5 65//5 66//5
f 66//5 65//5 67//5
f 66//5 67//5 68//5
f 50//5 69//5 51//5
f 51//5 69//5 70//5
f 51//5 70//5 71//5
f 71//5 70//5 72//5
f 71//5 72//5 73//5
f 73//5 72//5 74//5
f 73//5 74//5 75//5
f 76//5 77//5 78//5
f 78//5 77//5 79//5
f 78//5 79//5 28//5
f 28//5 79//5 80//5
f 28//5 80//5 29//5
f 81//5 82//5 83//5
f 83//5 82//5 66//5
f 83//5 66//5 84//5
f 84//5 66//5 68//5
f 48//5 47//5 85//5
f 85//5 47//5 86//5
f 85//5 86//5 87//5
f 87//5 86//5 88//5
f 87//5 88//5 89//5
f 81//5 90//5 82//5
f 82//5 90//5 91//5
f 82//5 91//5 78//5
f 78//5 91//5 92//5
f 78//5 92//5 76//5
f 93//5 94//5 14//5
f 14//5 94//5 95//5
f 14//5 95//5 57//5
f 96//5 97//5 13//5
f 13//5 97//5 98//5
f 13//5 98//5 12//5
f 99//5 100//5 9//5
f 9//5 100//5 101//5
f 9//5 101//5 7//5
f 7//5 101//5 102//5
f 7//5 102//5 5//5
f 5//5 102//5 103//5
f 5//5 103//5 13//5
f 63//5 104//5 13//5
f 13//5 104//5 105//5
f 13//5 105//5 106//5
f 107//5 108//5 14//5
f 14//5 108//5 109//5
f 60//5 110//5 14//5
f 14//5 110//5 111//5
f 14//5 111//5 112//5
f 112//5 111//5 113//5
f 112//5 113//5 114//5
f 114//5 113//5 89//5
f 114//5 89//5 115//5
f 115//5 89//5 88//5
f 74//5 116//5 75//5
f 75//5 116//5 117//5
f 75//5 117//5 118//5
f 118//5 117//5 119//5
f 118//5 119//5 120//5
f 120//5 119//5 121//5
f 120//5 121//5 122//5
f 122//5 121//5 123//5
f 122//5 123//5 124//5
f 124//5 123//5 125//5
f 124//5 125//5 126//5
f 126//5 125//5 127//5
f 106//5 128//5 13//5
f 13//5 128//5 129//5
f 13//5 129//5 130//5
f 109//5 131//5 14//5
f 14//5 131//5 132//5
f 14//5 132//5 93//5
f 133//5 134//5 13//5
f 13//5 134//5 135//5
f 130//5 136//5 13//5
f 13//5 136//5 137//5
f 13//5 137//5 138//5
f 139//5 140//5 14//5
f 14//5 140//5 141//5
f 14//5 141//5 107//5
f 142//5 143//5 144//5
f 144//5 143//5 145//5
f 144//5 145//5 146//5
f 147//5 148//5 142//5
f 142//5 148//5 149//5
f 142//5 149//5 143//5
f 99//5 9//5 150//5
f 150//5 9//5 151//5
f 150//5 151//5 152//5
f 152//5 151//5 153//5
f 152//5 153//5 154//5
f 154//5 153//5 155//5
f 154//5 155//5 156//5
f 156//5 155//5 157//5
f 156//5 157//5 158//5
f 138//5 159//5 13//5
f 13//5 159//5 160//5
f 13//5 160//5 161//5
f 135//5 162//5 13//5
f 13//5 162//5 163//5
f 13//6 163//6 14//6
f 14//6 163//6 164//6
f 14//5 164//5 139//5
f 145//5 165//5 146//5
f 146//5 165//5 166//5
f 146//5 166//5 167//5
f 167//5 166//5 168//5
f 167//5 168//5 169//5
f 169//5 168//5 170//5
f 169//5 170//5 127//5
f 127//5 170//5 171//5
f 127//5 171//5 126//5
f 161//5 172//5 13//5
f 13//5 172//5 173//5
f 13//5 173//5 96//5
f 174//5 175//5 147//5
f 147//5 175//5 176//5
f 147//5 176//5 148//5
f 157//5 177//5 158//5
f 158//5 177//5 178//5
f 158//5 178//5 179//5
f 180//5 181//5 174//5
f 174//5 181//5 182//5
f 174//5 182//5 175//5
f 183//5 184//5 185//5
f 185//5 184//5 186//5
f 185//5 186//5 180//5
f 180//5 186//5 187//5
f 180//5 187//5 181//5
f 188//5 189//5 183//5
f 183//5 189//5 190//5
f 183//5 190//5 184//5
f 178//5 191//5 179//5
f 179//5 191//5 192//5
f 179//5 192//5 193//5
f 193//5 192//5 194//5
f 193//5 194//5 195//5
f 195//5 194//5 196//5
f 195//5 196//5 197//5
f 197//5 196//5 198//5
f 197//5 198//5 188//5
f 188//5 198//5 199//5
f 188//5 199//5 189//5
f 8//7 6//7 4//7
f 4//7 6//7 3//7
f 200//8 201//8 102//8
f 102//8 201//8 103//8
f 202//9 203//9 103//9
f 204//10 205//10 103//10
f 103//11 205//11 206//11
f 103//12 206//12 13//12
f 203//13 207//13 103//13
f 103//11 207//11 208//11
f 103//14 208//14 204//14
f 209//15 210//15 103//15
f 103//16 210//16 211//16
f 103//15 211//15 212//15
f 212//15 213//15 103//15
f 103//16 213//16 214//16
f 103//17 214//17 202//17
f 215//17 216//17 103//17
f 103//17 216//17 217//17
f 103//17 217//17 209//17
f 218//17 219//17 103//17
f 103//17 219//17 220//17
f 103//17 220//17 215//17
f 201//17 221//17 103//17
f 103//17 221//17 222//17
f 103//17 222//17 218//17
f 223//18 224//18 225//18
f 226//19 227//19 228//19
f 229//20 230//20 231//20
f 232//21 233//21 234//21
f 235//22 236//22 237//22
f 238//23 239//23 240//23
f 241//24 242//24 243//24
f 244//25 245//25 246//25
f 247//26 248//26 224//26
f 249//27 250//27 251//27
f 252//28 253//28 254//28
f 255//29 256//29 257//29
f 258//30 259//30 260//30
f 261//31 262//31 263//31
f 264//32 265//32 266//32
f 267//33 268//33 269//33
f 270//34 271//34 272//34
f 271//35 270//35 273//35
f 274//36 275//36 276//36
f 277//37 278//37 279//37
f 280//38 281//38 282//38
f 283//39 284//39 285//39
f 286//40 287//40 288//40
f 289//41 290//41 291//41
f 292//42 293//42 294//42
f 295//43 296//43 297//43
f 298//44 299//44 300//44
f 301//45 302//45 303//45
f 304//46 305//46 306//46
f 307//47 308//47 309//47
f 310//48 311//48 312//48
f 218//49 222//49 313//49
f 313//50 222//50 314//50
f 314//51 222//51 221//51
f 314//52 221//52 315//52
f 313//53 316//53 218//53
f 218//54 316//54 317//54
f 218//55 317//55 219//55
f 219//56 317//56 318//56
f 219//57 318//57 220//57
f 220//58 318//58 319//58
f 220//58 319//58 215//58
f 319//59 320//59 215//59
f 215//60 320//60 321//60
f 215//61 321//61 216//61
f 216//62 321//62 322//62
f 216//63 322//63 217//63
f 221//64 323//64 315//64
f 315//65 323//65 324//65
f 315//66 324//66 325//66
f 325//67 324//67 326//67
f 325//68 326//68 327//68
f 327//69 326//69 328//69
f 327//70 328//70 329//70
f 329//71 328//71 330//71
f 329//72 330//72 331//72
f 331//73 330//73 332//73
f 331//74 332//74 333//74
f 333//75 332//75 334//75
f 333//76 334//76 335//76
f 335//77 334//77 336//77
f 336//78 334//78 337//78
f 336//79 337//79 338//79
f 338//80 337//80 339//80
f 338//81 339//81 340//81
f 340//82 339//82 341//82
f 341//83 339//83 342//83
f 341//84 342//84 343//84
f 343//85 342//85 344//85
f 343//86 344//86 345//86
f 345//87 344//87 346//87
f 345//88 346//88 347//88
f 347//89 346//89 348//89
f 347//90 348//90 349//90
f 349//91 348//91 350//91
f 349//92 350//92 351//92
f 351//93 350//93 352//93
f 352//94 350//94 353//94
f 352//95 353//95 354//95
f 354//96 353//96 355//96
f 355//97 353//97 356//97
f 355//98 356//98 357//98
f 357//99 356//99 358//99
f 357//100 358//100 359//100
f 359//101 358//101 360//101
f 359//102 360//102 361//102
f 361//103 360//103 362//103
f 361//104 362//104 363//104
f 363//105 362//105 364//105
f 363//106 364//106 365//106
f 365//107 364//107 366//107
f 365//108 366//108 367//108
f 366//109 368//109 367//109
f 367//110 368//110 369//110
f 367//111 369//111 370//111
f 370//112 369//112 371//112
f 370//113 371//113 372//113
f 371//114 373//114 372//114
f 372//115 373//115 374//115
f 372//116 374//116 375//116
f 375//117 374//117 376//117
f 376//118 374//118 377//118
f 376//119 377//119 378//119
f 378//120 377//120 379//120
f 378//121 379//121 380//121
f 380//95 379//95 381//95
f 380//122 381//122 382//122
f 382//123 381//123 383//123
f 382//124 383//124 384//124
f 384//125 383//125 385//125
f 384//126 385//126 386//126
f 385//127 387//127 386//127
f 386//128 387//128 388//128
f 386//129 388//129 389//129
f 389//130 388//130 390//130
f 389//131 390//131 391//131
f 391//132 390//132 392//132
f 391//133 392//133 393//133
f 393//134 392//134 394//134
f 393//135 394//135 395//135
f 395//136 394//136 396//136
f 395//137 396//137 397//137
f 397//138 396//138 398//138
f 397//139 398//139 399//139
f 399//140 398//140 400//140
f 399//141 400//141 401//141
f 401//142 400//142 402//142
f 401//143 402//143 403//143
f 403//144 402//144 404//144
f 403//145 404//145 405//145
f 405//146 404//146 406//146
f 405//147 406//147 407//147
f 407//148 406//148 408//148
f 407//149 408//149 409//149
f 409//150 408//150 410//150
f 409//151 410//151 411//151
f 411//152 410//152 412//152
f 411//153 412//153 413//153
f 413//154 412//154 414//154
f 413//155 414//155 415//155
f 415//156 414//156 416//156
f 415//157 416//157 417//157
f 417//158 416//158 418//158
f 417//159 418//159 419//159
f 419//160 418//160 420//160
f 419//161 420//161 421//161
f 421//162 420//162 422//162
f 420//163 423//163 422//163
f 422//164 423//164 424//164
f 422//165 424//165 425//165
f 424//166 426//166 425//166
f 425//167 426//167 427//167
f 425//168 427//168 428//168
f 428//169 427//169 429//169
f 428//170 429//170 430//170
f 430//171 429//171 431//171
f 430//172 431//172 432//172
f 432//173 431//173 433//173
f 432//174 433//174 434//174
f 434//175 433//175 435//175
f 434//176 435//176 436//176
f 435//177 437//177 436//177
f 436//178 437//178 438//178
f 436//179 438//179 439//179
f 440//180 441//180 442//180
f 442//181 441//181 443//181
f 442//182 443//182 444//182
f 438//183 445//183 439//183
f 439//184 445//184 446//184
f 439//185 446//185 447//185
f 447//186 446//186 448//186
f 447//187 448//187 449//187
f 449//188 448//188 450//188
f 449//189 450//189 451//189
f 451//190 450//190 452//190
f 451//191 452//191 453//191
f 453//192 452//192 454//192
f 453//193 454//193 455//193
f 455//194 454//194 444//194
f 455//195 444//195 456//195
f 456//196 444//196 443//196
f 457//197 458//197 459//197
f 459//193 458//193 460//193
f 459//198 461//198 462//198
f 459//199 463//199 464//199
f 465//200 466//200 460//200
f 467//201 468//201 469//201
f 469//202 470//202 467//202
f 467//203 470//203 471//203
f 467//204 471//204 472//204
f 272//205 473//205 474//205
f 310//206 312//206 475//206
f 475//207 312//207 476//207
f 475//208 476//208 477//208
f 477//209 476//209 478//209
f 477//210 478//210 479//210
f 251//211 480//211 481//211
f 480//212 251//212 309//212
f 482//213 483//213 484//213
f 484//214 483//214 485//214
f 484//215 485//215 306//215
f 306//216 485//216 486//216
f 306//217 486//217 304//217
f 487//218 488//218 489//218
f 490//219 491//219 492//219
f 492//220 491//220 493//220
f 492//221 493//221 494//221
f 492//222 495//222 490//222
f 490//223 495//223 496//223
f 490//224 496//224 497//224
f 497//225 496//225 498//225
f 497//226 498//226 499//226
f 499//227 498//227 500//227
f 500//228 498//228 501//228
f 500//229 501//229 502//229
f 502//230 501//230 503//230
f 503//231 501//231 504//231
f 503//104 504//104 505//104
f 505//109 504//109 506//109
f 506//232 504//232 507//232
f 506//233 507//233 508//233
f 508//234 507//234 509//234
f 509//235 507//235 510//235
f 509//236 510//236 511//236
f 511//237 510//237 512//237
f 511//238 512//238 513//238
f 513//239 512//239 514//239
f 514//240 512//240 515//240
f 514//241 515//241 516//241
f 516//242 515//242 517//242
f 516//243 517//243 518//243
f 518//244 517//244 519//244
f 518//245 519//245 302//245
f 302//246 519//246 520//246
f 302//247 520//247 303//247
f 521//248 522//248 303//248
f 303//249 522//249 523//249
f 303//250 523//250 301//250
f 521//251 524//251 522//251
f 522//252 524//252 525//252
f 522//253 525//253 526//253
f 526//254 525//254 527//254
f 527//255 525//255 528//255
f 527//256 528//256 529//256
f 530//257 531//257 532//257
f 532//258 531//258 533//258
f 532//259 533//259 534//259
f 534//260 533//260 535//260
f 534//261 535//261 529//261
f 529//262 535//262 536//262
f 529//263 536//263 527//263
f 532//264 537//264 530//264
f 530//265 537//265 538//265
f 530//266 538//266 539//266
f 539//267 538//267 540//267
f 539//268 540//268 541//268
f 541//269 540//269 542//269
f 290//270 289//270 543//270
f 300//271 299//271 544//271
f 544//272 299//272 545//272
f 544//273 545//273 297//273
f 297//274 545//274 546//274
f 297//275 546//275 295//275
f 547//276 548//276 549//276
f 549//277 548//277 550//277
f 551//278 552//278 553//278
f 292//279 294//279 554//279
f 554//280 294//280 555//280
f 554//281 555//281 556//281
f 556//282 291//282 554//282
f 554//283 291//283 290//283
f 554//284 290//284 292//284
f 292//285 290//285 543//285
f 292//286 543//286 293//286
f 557//287 558//287 559//287
f 559//288 558//288 560//288
f 559//289 560//289 561//289
f 561//290 560//290 562//290
f 561//291 562//291 563//291
f 552//292 551//292 465//292
f 466//293 465//293 564//293
f 564//294 465//294 551//294
f 564//295 551//295 565//295
f 565//296 551//296 553//296
f 565//297 553//297 566//297
f 567//298 568//298 569//298
f 569//299 568//299 570//299
f 569//300 570//300 571//300
f 572//301 573//301 574//301
f 574//302 573//302 575//302
f 574//303 575//303 576//303
f 576//304 575//304 577//304
f 573//305 578//305 575//305
f 575//306 578//306 579//306
f 575//307 579//307 577//307
f 566//308 580//308 565//308
f 565//309 580//309 581//309
f 565//310 581//310 564//310
f 564//311 581//311 582//311
f 564//312 582//312 466//312
f 466//313 582//313 583//313
f 466//314 583//314 460//314
f 460//314 583//314 577//314
f 460//315 577//315 584//315
f 584//316 577//316 585//316
f 586//317 557//317 567//317
f 567//318 557//318 559//318
f 567//319 559//319 568//319
f 568//320 559//320 561//320
f 568//321 561//321 570//321
f 570//322 561//322 563//322
f 570//323 563//323 571//323
f 567//324 587//324 588//324
f 586//325 567//325 589//325
f 589//326 567//326 588//326
f 589//327 588//327 590//327
f 590//328 591//328 592//328
f 562//329 593//329 563//329
f 563//330 593//330 465//330
f 563//331 465//331 571//331
f 571//332 465//332 460//332
f 571//333 460//333 569//333
f 569//334 460//334 458//334
f 569//335 458//335 567//335
f 567//296 458//296 457//296
f 567//336 457//336 587//336
f 587//337 457//337 459//337
f 587//338 459//338 588//338
f 588//339 459//339 464//339
f 588//340 464//340 590//340
f 590//341 464//341 463//341
f 590//342 463//342 591//342
f 591//294 463//294 459//294
f 591//343 459//343 592//343
f 592//344 459//344 462//344
f 592//345 462//345 590//345
f 590//346 462//346 461//346
f 590//5 461//5 594//5
f 595//347 596//347 597//347
f 597//348 596//348 598//348
f 599//349 595//349 600//349
f 600//350 595//350 597//350
f 600//351 597//351 601//351
f 601//352 597//352 598//352
f 602//353 603//353 604//353
f 604//354 603//354 605//354
f 604//355 605//355 606//355
f 606//356 605//356 607//356
f 608//357 609//357 610//357
f 610//358 609//358 611//358
f 610//359 611//359 612//359
f 612//360 611//360 598//360
f 285//361 613//361 283//361
f 283//362 613//362 614//362
f 283//363 614//363 615//363
f 616//364 617//364 274//364
f 615//365 618//365 283//365
f 283//366 618//366 619//366
f 283//367 619//367 284//367
f 284//368 619//368 620//368
f 284//369 620//369 285//369
f 621//370 622//370 623//370
f 623//371 622//371 624//371
f 616//372 274//372 625//372
f 625//373 274//373 276//373
f 625//374 276//374 626//374
f 626//375 627//375 625//375
f 625//364 627//364 628//364
f 625//376 628//376 616//376
f 616//377 628//377 285//377
f 616//378 285//378 617//378
f 278//379 629//379 630//379
f 630//380 629//380 547//380
f 278//381 277//381 629//381
f 629//382 277//382 631//382
f 629//383 631//383 547//383
f 279//384 632//384 277//384
f 277//385 632//385 633//385
f 277//386 633//386 631//386
f 631//387 633//387 634//387
f 631//388 634//388 547//388
f 547//389 634//389 635//389
f 547//390 635//390 548//390
f 281//391 280//391 635//391
f 607//392 635//392 606//392
f 606//393 635//393 280//393
f 606//394 280//394 604//394
f 604//395 280//395 282//395
f 604//396 282//396 602//396
f 636//397 637//397 638//397
f 638//398 637//398 639//398
f 638//399 639//399 640//399
f 640//400 639//400 641//400
f 640//401 641//401 642//401
f 643//402 644//402 645//402
f 645//403 644//403 646//403
f 642//404 647//404 648//404
f 648//405 647//405 649//405
f 648//406 649//406 650//406
f 650//407 649//407 651//407
f 650//408 651//408 652//408
f 652//409 651//409 653//409
f 654//410 643//410 655//410
f 655//411 643//411 645//411
f 655//412 645//412 656//412
f 656//413 645//413 646//413
f 654//414 657//414 643//414
f 643//415 657//415 658//415
f 643//416 658//416 644//416
f 644//417 658//417 659//417
f 644//418 659//418 646//418
f 636//369 660//369 637//369
f 637//419 660//419 661//419
f 637//420 661//420 639//420
f 639//421 661//421 585//421
f 639//422 585//422 641//422
f 641//423 585//423 577//423
f 641//424 577//424 642//424
f 642//425 577//425 579//425
f 642//426 579//426 662//426
f 662//427 579//427 578//427
f 662//428 578//428 663//428
f 663//429 578//429 573//429
f 663//430 573//430 664//430
f 664//431 573//431 572//431
f 665//432 666//432 667//432
f 642//433 648//433 640//433
f 640//434 648//434 650//434
f 640//435 650//435 638//435
f 638//436 650//436 652//436
f 638//437 652//437 636//437
f 636//438 652//438 653//438
f 636//439 653//439 660//439
f 660//440 653//440 668//440
f 660//441 668//441 661//441
f 661//442 668//442 550//442
f 661//443 550//443 585//443
f 585//444 550//444 548//444
f 585//445 548//445 584//445
f 669//446 471//446 635//446
f 635//203 471//203 470//203
f 635//447 470//447 548//447
f 548//448 470//448 469//448
f 548//445 469//445 584//445
f 584//449 469//449 468//449
f 584//450 468//450 460//450
f 460//451 468//451 670//451
f 460//452 670//452 671//452
f 671//453 670//453 672//453
f 671//454 672//454 673//454
f 673//455 672//455 674//455
f 673//456 674//456 675//456
f 675//457 674//457 676//457
f 675//458 676//458 440//458
f 440//459 676//459 677//459
f 440//460 677//460 441//460
f 678//461 679//461 680//461
f 680//184 679//184 681//184
f 680//462 681//462 682//462
f 683//463 684//463 685//463
f 685//464 684//464 686//464
f 685//465 686//465 687//465
f 688//466 689//466 690//466
f 690//467 691//467 688//467
f 688//468 691//468 692//468
f 688//469 692//469 693//469
f 693//470 687//470 688//470
f 688//471 687//471 686//471
f 688//472 686//472 694//472
f 694//473 686//473 684//473
f 694//474 684//474 695//474
f 695//475 684//475 683//475
f 678//476 696//476 679//476
f 679//477 696//477 694//477
f 679//478 694//478 681//478
f 681//479 694//479 695//479
f 681//480 695//480 682//480
f 682//481 695//481 683//481
f 697//482 698//482 287//482
f 698//483 697//483 699//483
f 287//484 286//484 697//484
f 697//485 286//485 700//485
f 697//486 700//486 699//486
f 288//487 701//487 286//487
f 286//488 701//488 702//488
f 286//489 702//489 700//489
f 700//490 702//490 703//490
f 700//491 703//491 699//491
f 699//492 703//492 599//492
f 599//493 703//493 595//493
f 595//494 703//494 702//494
f 595//495 702//495 596//495
f 596//496 702//496 701//496
f 596//497 701//497 598//497
f 598//498 701//498 288//498
f 598//395 288//395 704//395
f 704//499 288//499 287//499
f 704//500 287//500 705//500
f 705//501 287//501 698//501
f 705//502 698//502 706//502
f 706//503 698//503 699//503
f 706//504 699//504 707//504
f 708//505 709//505 710//505
f 710//506 709//506 711//506
f 710//507 711//507 712//507
f 712//508 711//508 713//508
f 712//509 713//509 714//509
f 714//510 713//510 715//510
f 714//511 715//511 669//511
f 678//512 273//512 696//512
f 696//513 273//513 270//513
f 696//514 270//514 694//514
f 694//515 270//515 272//515
f 694//516 272//516 716//516
f 716//517 272//517 474//517
f 716//518 474//518 717//518
f 717//519 474//519 472//519
f 718//520 719//520 720//520
f 720//521 719//521 721//521
f 720//522 721//522 722//522
f 722//523 721//523 723//523
f 722//524 723//524 724//524
f 725//525 726//525 689//525
f 685//526 727//526 728//526
f 728//527 727//527 729//527
f 728//528 729//528 730//528
f 731//529 732//529 733//529
f 733//530 732//530 734//530
f 733//531 734//531 735//531
f 736//532 737//532 738//532
f 690//533 739//533 740//533
f 740//534 739//534 741//534
f 742//535 738//535 743//535
f 743//536 738//536 737//536
f 743//537 737//537 744//537
f 742//538 745//538 738//538
f 738//539 745//539 746//539
f 738//540 746//540 736//540
f 736//541 746//541 747//541
f 268//542 267//542 748//542
f 725//543 749//543 750//543
f 750//544 749//544 751//544
f 311//545 735//545 752//545
f 752//546 735//546 734//546
f 752//547 734//547 753//547
f 753//548 734//548 732//548
f 754//549 730//549 755//549
f 755//550 730//550 729//550
f 755//551 729//551 748//551
f 748//552 729//552 727//552
f 748//553 727//553 268//553
f 268//554 727//554 685//554
f 268//555 685//555 269//555
f 726//556 725//556 756//556
f 756//557 725//557 750//557
f 756//558 750//558 757//558
f 757//559 750//559 751//559
f 757//560 751//560 758//560
f 758//561 759//561 757//561
f 757//562 759//562 760//562
f 757//563 760//563 756//563
f 756//564 760//564 761//564
f 756//565 761//565 726//565
f 726//566 761//566 762//566
f 726//567 762//567 689//567
f 269//568 763//568 267//568
f 267//569 763//569 764//569
f 267//570 764//570 748//570
f 748//571 764//571 765//571
f 748//572 765//572 766//572
f 767//573 768//573 769//573
f 769//574 768//574 766//574
f 744//575 767//575 743//575
f 743//576 767//576 769//576
f 743//577 769//577 742//577
f 742//578 769//578 766//578
f 742//579 766//579 745//579
f 745//580 766//580 765//580
f 745//581 765//581 746//581
f 746//582 765//582 764//582
f 746//583 764//583 747//583
f 747//584 764//584 763//584
f 770//585 771//585 772//585
f 772//586 771//586 773//586
f 774//587 770//587 775//587
f 775//588 770//588 772//588
f 775//589 772//589 776//589
f 776//590 772//590 773//590
f 774//591 777//591 770//591
f 770//592 777//592 778//592
f 770//593 778//593 771//593
f 771//594 778//594 779//594
f 771//595 779//595 773//595
f 780//596 781//596 782//596
f 782//597 781//597 783//597
f 784//598 783//598 785//598
f 785//599 783//599 781//599
f 785//600 781//600 786//600
f 786//601 781//601 780//601
f 787//602 788//602 789//602
f 789//603 788//603 790//603
f 789//604 790//604 791//604
f 791//605 790//605 792//605
f 791//606 792//606 793//606
f 262//607 794//607 263//607
f 263//608 794//608 795//608
f 263//609 795//609 796//609
f 311//610 752//610 312//610
f 312//611 752//611 753//611
f 312//612 753//612 476//612
f 476//613 753//613 797//613
f 476//209 797//209 478//209
f 798//614 799//614 800//614
f 800//615 799//615 263//615
f 800//616 263//616 780//616
f 265//617 264//617 801//617
f 801//618 264//618 802//618
f 801//619 802//619 803//619
f 803//620 804//620 801//620
f 801//621 804//621 805//621
f 801//622 805//622 265//622
f 265//623 805//623 806//623
f 265//624 806//624 266//624
f 780//625 807//625 786//625
f 786//626 807//626 808//626
f 786//627 808//627 785//627
f 785//628 808//628 809//628
f 785//629 809//629 784//629
f 793//630 810//630 791//630
f 791//631 810//631 811//631
f 791//632 811//632 789//632
f 789//633 811//633 812//633
f 789//634 812//634 787//634
f 259//635 813//635 260//635
f 260//636 813//636 814//636
f 260//637 814//637 815//637
f 815//638 814//638 816//638
f 777//639 817//639 778//639
f 778//640 817//640 818//640
f 778//641 818//641 779//641
f 779//642 818//642 819//642
f 779//643 819//643 773//643
f 773//644 819//644 820//644
f 773//645 820//645 788//645
f 821//646 822//646 823//646
f 823//647 822//647 824//647
f 825//648 826//648 827//648
f 827//649 826//649 828//649
f 827//650 828//650 829//650
f 821//651 830//651 822//651
f 822//652 830//652 831//652
f 822//653 831//653 824//653
f 824//654 831//654 832//654
f 833//655 829//655 834//655
f 834//656 829//656 828//656
f 834//657 828//657 832//657
f 832//658 828//658 826//658
f 832//659 826//659 824//659
f 824//660 826//660 825//660
f 824//661 825//661 823//661
f 835//662 836//662 837//662
f 837//663 836//663 799//663
f 837//664 799//664 838//664
f 839//665 840//665 799//665
f 798//666 841//666 842//666
f 798//667 842//667 799//667
f 799//668 842//668 843//668
f 799//669 843//669 839//669
f 840//670 844//670 799//670
f 799//671 844//671 845//671
f 799//663 845//663 838//663
f 481//672 479//672 846//672
f 846//673 479//673 478//673
f 846//673 478//673 847//673
f 847//674 478//674 797//674
f 847//674 797//674 766//674
f 766//675 797//675 753//675
f 766//572 753//572 748//572
f 748//676 753//676 732//676
f 748//677 732//677 755//677
f 755//678 732//678 731//678
f 755//679 731//679 754//679
f 816//680 848//680 815//680
f 815//681 848//681 849//681
f 815//637 849//637 260//637
f 260//682 849//682 850//682
f 260//683 850//683 258//683
f 851//684 852//684 259//684
f 851//685 853//685 852//685
f 852//686 853//686 854//686
f 852//687 854//687 259//687
f 776//688 741//688 775//688
f 775//689 741//689 739//689
f 775//690 739//690 774//690
f 774//691 739//691 690//691
f 774//692 690//692 777//692
f 777//693 690//693 689//693
f 777//694 689//694 817//694
f 817//695 689//695 762//695
f 817//696 762//696 818//696
f 818//697 762//697 761//697
f 818//698 761//698 819//698
f 819//699 761//699 760//699
f 819//700 760//700 820//700
f 820//701 760//701 759//701
f 820//702 759//702 788//702
f 788//703 759//703 758//703
f 788//704 758//704 790//704
f 790//705 758//705 751//705
f 790//706 751//706 792//706
f 792//707 751//707 749//707
f 792//708 749//708 793//708
f 793//709 749//709 725//709
f 793//710 725//710 810//710
f 810//711 725//711 780//711
f 810//712 780//712 855//712
f 855//713 780//713 782//713
f 855//616 782//616 853//616
f 853//714 782//714 783//714
f 853//715 783//715 854//715
f 854//716 783//716 784//716
f 854//717 784//717 259//717
f 259//718 784//718 809//718
f 259//719 809//719 813//719
f 813//720 809//720 808//720
f 813//721 808//721 814//721
f 814//722 808//722 807//722
f 814//723 807//723 816//723
f 816//713 807//713 780//713
f 816//724 780//724 848//724
f 848//725 780//725 263//725
f 848//726 263//726 849//726
f 849//727 263//727 796//727
f 849//728 796//728 850//728
f 856//729 804//729 259//729
f 259//730 804//730 803//730
f 259//731 803//731 851//731
f 851//732 803//732 802//732
f 851//733 802//733 853//733
f 853//734 802//734 264//734
f 853//556 264//556 855//556
f 855//735 264//735 266//735
f 855//736 266//736 810//736
f 810//737 266//737 806//737
f 810//738 806//738 811//738
f 811//739 806//739 805//739
f 811//740 805//740 812//740
f 812//741 805//741 804//741
f 812//742 804//742 787//742
f 787//743 804//743 856//743
f 787//744 856//744 788//744
f 788//745 856//745 847//745
f 788//746 847//746 773//746
f 773//747 847//747 766//747
f 773//748 766//748 776//748
f 776//749 766//749 768//749
f 776//750 768//750 741//750
f 741//751 768//751 767//751
f 741//752 767//752 740//752
f 740//753 767//753 744//753
f 740//754 744//754 690//754
f 690//755 744//755 737//755
f 690//756 737//756 691//756
f 691//757 737//757 736//757
f 691//758 736//758 692//758
f 692//759 736//759 747//759
f 692//759 747//759 693//759
f 693//760 747//760 763//760
f 693//761 763//761 687//761
f 687//762 763//762 269//762
f 687//763 269//763 685//763
f 683//764 685//764 728//764
f 683//765 728//765 682//765
f 682//766 728//766 730//766
f 682//767 730//767 680//767
f 680//768 730//768 754//768
f 680//769 754//769 678//769
f 678//770 754//770 731//770
f 678//771 731//771 273//771
f 273//772 731//772 733//772
f 273//773 733//773 271//773
f 271//774 733//774 735//774
f 271//775 735//775 272//775
f 272//776 735//776 311//776
f 272//777 311//777 473//777
f 473//778 311//778 310//778
f 857//779 858//779 859//779
f 858//780 860//780 859//780
f 859//781 860//781 861//781
f 859//782 861//782 862//782
f 862//783 863//783 859//783
f 859//784 863//784 864//784
f 859//785 864//785 865//785
f 865//786 866//786 859//786
f 859//787 866//787 867//787
f 859//788 867//788 868//788
f 255//789 869//789 870//789
f 870//790 869//790 871//790
f 870//791 871//791 872//791
f 872//792 873//792 874//792
f 874//793 873//793 875//793
f 874//159 875//159 876//159
f 876//794 875//794 877//794
f 876//795 877//795 878//795
f 879//796 880//796 881//796
f 881//797 880//797 882//797
f 881//798 882//798 883//798
f 883//799 882//799 884//799
f 883//800 884//800 885//800
f 886//801 263//801 887//801
f 887//801 263//801 799//801
f 887//802 799//802 888//802
f 888//663 799//663 836//663
f 888//803 836//803 889//803
f 889//804 836//804 835//804
f 889//805 835//805 890//805
f 890//806 891//806 889//806
f 889//807 891//807 892//807
f 889//808 892//808 888//808
f 888//809 892//809 893//809
f 888//810 893//810 887//810
f 887//811 893//811 894//811
f 887//812 894//812 886//812
f 252//813 254//813 895//813
f 896//814 897//814 898//814
f 898//815 897//815 899//815
f 898//816 899//816 254//816
f 254//817 899//817 900//817
f 254//818 900//818 895//818
f 833//819 868//819 829//819
f 829//820 868//820 867//820
f 829//821 867//821 827//821
f 827//822 867//822 866//822
f 827//823 866//823 825//823
f 825//824 866//824 865//824
f 825//825 865//825 823//825
f 823//826 865//826 864//826
f 823//827 864//827 821//827
f 821//828 864//828 863//828
f 821//829 863//829 830//829
f 830//830 863//830 862//830
f 830//831 862//831 901//831
f 901//832 862//832 861//832
f 901//833 861//833 902//833
f 902//834 861//834 860//834
f 902//835 860//835 903//835
f 903//836 860//836 858//836
f 903//837 858//837 904//837
f 904//838 858//838 857//838
f 905//839 906//839 907//839
f 907//840 906//840 841//840
f 908//841 905//841 909//841
f 909//842 905//842 907//842
f 909//843 907//843 910//843
f 910//844 907//844 841//844
f 911//845 912//845 913//845
f 914//846 915//846 916//846
f 916//847 915//847 911//847
f 917//848 918//848 919//848
f 919//156 918//156 920//156
f 920//849 918//849 921//849
f 921//850 918//850 922//850
f 921//851 922//851 923//851
f 800//852 924//852 798//852
f 798//853 924//853 925//853
f 798//854 925//854 841//854
f 841//855 925//855 926//855
f 841//856 926//856 910//856
f 910//857 926//857 927//857
f 910//858 927//858 909//858
f 909//859 927//859 928//859
f 909//860 928//860 908//860
f 255//861 257//861 869//861
f 869//862 257//862 920//862
f 869//863 920//863 871//863
f 872//864 871//864 873//864
f 873//865 871//865 920//865
f 873//866 920//866 875//866
f 875//867 920//867 921//867
f 875//868 921//868 877//868
f 877//869 921//869 929//869
f 877//870 929//870 878//870
f 879//871 917//871 880//871
f 880//872 917//872 919//872
f 880//157 919//157 882//157
f 882//873 919//873 920//873
f 882//859 920//859 884//859
f 884//874 920//874 257//874
f 884//875 257//875 885//875
f 885//876 257//876 256//876
f 868//877 930//877 859//877
f 859//878 930//878 921//878
f 859//879 921//879 250//879
f 250//880 921//880 923//880
f 250//880 923//880 251//880
f 931//881 932//881 244//881
f 244//882 932//882 933//882
f 244//883 933//883 245//883
f 934//884 935//884 936//884
f 936//885 935//885 937//885
f 936//886 937//886 938//886
f 938//887 937//887 939//887
f 938//888 939//888 940//888
f 223//889 941//889 942//889
f 943//890 944//890 945//890
f 945//891 944//891 946//891
f 945//892 946//892 947//892
f 931//893 244//893 948//893
f 948//894 244//894 246//894
f 948//895 246//895 949//895
f 950//896 951//896 952//896
f 952//897 951//897 949//897
f 952//898 949//898 953//898
f 954//899 955//899 956//899
f 955//900 957//900 956//900
f 956//901 957//901 958//901
f 956//902 958//902 959//902
f 307//903 960//903 308//903
f 308//904 960//904 305//904
f 308//905 305//905 309//905
f 309//906 305//906 304//906
f 961//907 962//907 963//907
f 963//908 962//908 964//908
f 963//909 964//909 943//909
f 911//910 913//910 916//910
f 916//911 913//911 305//911
f 916//905 305//905 914//905
f 962//912 940//912 964//912
f 964//913 940//913 939//913
f 964//914 939//914 943//914
f 943//915 939//915 937//915
f 943//916 937//916 944//916
f 944//917 937//917 935//917
f 944//917 935//917 946//917
f 946//918 935//918 934//918
f 946//919 934//919 947//919
f 965//920 966//920 967//920
f 967//921 966//921 968//921
f 967//922 968//922 969//922
f 969//923 968//923 970//923
f 970//924 950//924 969//924
f 969//925 950//925 952//925
f 969//926 952//926 967//926
f 967//927 952//927 953//927
f 967//928 953//928 965//928
f 965//929 953//929 971//929
f 972//930 973//930 974//930
f 974//931 973//931 975//931
f 976//932 972//932 977//932
f 977//933 972//933 974//933
f 977//934 974//934 978//934
f 978//935 974//935 975//935
f 976//936 979//936 972//936
f 972//937 979//937 980//937
f 972//938 980//938 973//938
f 973//939 980//939 981//939
f 973//940 981//940 975//940
f 243//941 242//941 982//941
f 982//942 242//942 983//942
f 982//943 983//943 984//943
f 956//944 985//944 986//944
f 986//945 985//945 987//945
f 986//946 987//946 988//946
f 988//947 987//947 989//947
f 990//948 956//948 991//948
f 991//949 956//949 986//949
f 991//950 986//950 992//950
f 992//951 986//951 988//951
f 992//952 988//952 993//952
f 993//953 988//953 989//953
f 954//954 984//954 955//954
f 955//955 984//955 983//955
f 955//956 983//956 957//956
f 957//957 983//957 242//957
f 957//958 242//958 958//958
f 958//959 242//959 241//959
f 958//960 241//960 959//960
f 994//961 995//961 996//961
f 996//962 995//962 954//962
f 997//963 306//963 945//963
f 945//964 306//964 305//964
f 945//965 305//965 943//965
f 943//966 305//966 913//966
f 943//967 913//967 963//967
f 963//845 913//845 912//845
f 963//968 912//968 961//968
f 956//969 998//969 954//969
f 954//970 998//970 999//970
f 954//971 999//971 996//971
f 996//972 999//972 1000//972
f 996//973 1000//973 994//973
f 994//974 1000//974 1001//974
f 998//975 1002//975 999//975
f 999//976 1002//976 1003//976
f 999//977 1003//977 1000//977
f 1000//978 1003//978 1004//978
f 1000//979 1004//979 1001//979
f 1005//980 1006//980 1007//980
f 1008//981 1009//981 1010//981
f 1010//982 1009//982 1011//982
f 1010//983 1011//983 1012//983
f 1006//984 1005//984 1013//984
f 1013//985 1014//985 1015//985
f 1015//986 1014//986 1016//986
f 1015//987 1016//987 1017//987
f 1017//988 1016//988 1018//988
f 1019//943 1020//943 1021//943
f 1021//989 1020//989 1012//989
f 1022//990 1019//990 1023//990
f 1023//991 1019//991 1021//991
f 1023//992 1021//992 1024//992
f 1024//993 1021//993 1012//993
f 1022//994 1025//994 1019//994
f 1019//995 1025//995 1026//995
f 1019//996 1026//996 1020//996
f 1020//997 1026//997 1027//997
f 1020//998 1027//998 1012//998
f 1028//999 975//999 1029//999
f 1029//999 975//999 1012//999
f 1029//1000 1012//1000 1030//1000
f 1030//1001 1012//1001 1011//1001
f 1030//1002 1011//1002 1031//1002
f 1031//1003 1011//1003 1009//1003
f 1031//1004 1009//1004 1032//1004
f 1032//1005 1009//1005 1008//1005
f 1032//1006 1008//1006 1033//1006
f 1034//1007 1035//1007 1036//1007
f 1037//1008 1038//1008 1039//1008
f 1039//1009 1038//1009 1040//1009
f 1041//1010 1042//1010 1043//1010
f 1043//1011 1042//1011 1044//1011
f 1034//1012 1036//1012 1045//1012
f 1045//1013 1036//1013 1046//1013
f 1045//1014 1046//1014 1047//1014
f 1047//1014 1040//1014 1045//1014
f 1045//1015 1040//1015 1038//1015
f 1045//1016 1038//1016 1034//1016
f 1034//1017 1038//1017 1037//1017
f 1034//1018 1037//1018 1035//1018
f 239//1019 238//1019 1048//1019
f 240//1020 1049//1020 238//1020
f 238//1021 1049//1021 1050//1021
f 238//1022 1050//1022 1048//1022
f 1051//1023 1052//1023 1053//1023
f 1053//1024 1052//1024 1054//1024
f 1053//1025 1054//1025 1055//1025
f 1055//1026 1054//1026 1056//1026
f 1055//1027 1056//1027 1057//1027
f 1057//1028 1056//1028 1048//1028
f 1058//1029 1059//1029 1060//1029
f 1060//1030 1059//1030 1061//1030
f 1062//1031 1058//1031 1063//1031
f 1063//1032 1058//1032 1060//1032
f 1063//1033 1060//1033 1064//1033
f 1064//1034 1060//1034 1061//1034
f 1062//1035 1065//1035 1058//1035
f 1058//1036 1065//1036 1066//1036
f 1058//1037 1066//1037 1059//1037
f 1059//1038 1066//1038 1067//1038
f 1059//1034 1067//1034 1061//1034
f 1068//1039 1069//1039 1070//1039
f 1070//1040 1069//1040 1071//1040
f 1070//1041 1071//1041 237//1041
f 1072//1042 1073//1042 1074//1042
f 1074//1043 1073//1043 1075//1043
f 1074//1044 1075//1044 1076//1044
f 1077//1045 1078//1045 1079//1045
f 1079//1046 1078//1046 1080//1046
f 1079//1047 1080//1047 1081//1047
f 1082//1048 1083//1048 1084//1048
f 1084//1049 1083//1049 1085//1049
f 1084//1050 1085//1050 1086//1050
f 1087//1051 1041//1051 1088//1051
f 1088//1052 1041//1052 1043//1052
f 1088//1053 1043//1053 1089//1053
f 1089//1054 1043//1054 1044//1054
f 1033//1055 1007//1055 1032//1055
f 1032//63 1007//63 1006//63
f 1032//1056 1006//1056 1031//1056
f 1031//1057 1006//1057 1013//1057
f 1031//1058 1013//1058 1030//1058
f 1030//1059 1013//1059 228//1059
f 1030//1060 228//1060 1029//1060
f 1029//1060 228//1060 1090//1060
f 1029//1061 1090//1061 1028//1061
f 237//1062 236//1062 1070//1062
f 1070//1063 236//1063 1091//1063
f 1070//1063 1091//1063 1068//1063
f 235//1064 1092//1064 236//1064
f 236//1065 1092//1065 1093//1065
f 236//1066 1093//1066 1091//1066
f 1091//1067 1093//1067 1094//1067
f 1091//1068 1094//1068 1068//1068
f 232//1069 1095//1069 1096//1069
f 1096//1070 1095//1070 1097//1070
f 1096//1071 1097//1071 1098//1071
f 1099//1072 1100//1072 230//1072
f 230//1073 1100//1073 1101//1073
f 230//1074 1101//1074 231//1074
f 231//1075 1101//1075 1102//1075
f 1061//1076 1103//1076 1104//1076
f 1104//1077 1103//1077 1105//1077
f 1105//1078 1106//1078 1104//1078
f 1104//1079 1106//1079 1107//1079
f 1104//1080 1107//1080 1108//1080
f 1108//1081 1109//1081 1104//1081
f 1104//1082 1109//1082 1110//1082
f 1104//1083 1110//1083 1111//1083
f 493//1084 1112//1084 494//1084
f 494//1085 1112//1085 487//1085
f 494//1086 487//1086 1102//1086
f 1102//1087 487//1087 1104//1087
f 1102//1088 1104//1088 231//1088
f 231//1089 1104//1089 1111//1089
f 231//1090 1111//1090 229//1090
f 1018//1091 1113//1091 1017//1091
f 1017//1092 1113//1092 1114//1092
f 1017//1093 1114//1093 1015//1093
f 1015//1094 1114//1094 240//1094
f 1015//1095 240//1095 1013//1095
f 1013//1096 240//1096 239//1096
f 1013//1097 239//1097 228//1097
f 228//1098 239//1098 1048//1098
f 228//1099 1048//1099 226//1099
f 997//1100 1028//1100 306//1100
f 306//1061 1028//1061 1090//1061
f 306//1101 1090//1101 484//1101
f 484//1060 1090//1060 228//1060
f 484//1102 228//1102 482//1102
f 482//19 228//19 227//19
f 295//1103 543//1103 296//1103
f 296//1104 543//1104 1115//1104
f 296//1105 1115//1105 297//1105
f 297//1106 1115//1106 1116//1106
f 297//1107 1116//1107 544//1107
f 544//1108 1116//1108 665//1108
f 544//1109 665//1109 300//1109
f 300//1110 665//1110 667//1110
f 300//1111 667//1111 298//1111
f 1117//1112 1118//1112 1119//1112
f 1119//1113 1118//1113 1120//1113
f 1119//1114 1120//1114 1121//1114
f 1121//1115 1120//1115 718//1115
f 1118//1116 707//1116 1120//1116
f 1120//1117 707//1117 699//1117
f 1120//1118 699//1118 718//1118
f 718//1119 699//1119 599//1119
f 718//1120 599//1120 719//1120
f 719//1121 599//1121 600//1121
f 719//1122 600//1122 721//1122
f 721//1123 600//1123 601//1123
f 721//1124 601//1124 723//1124
f 723//1125 601//1125 598//1125
f 723//1126 598//1126 724//1126
f 724//1127 598//1127 611//1127
f 724//1128 611//1128 722//1128
f 722//1129 611//1129 720//1129
f 720//1130 611//1130 609//1130
f 720//1131 609//1131 718//1131
f 718//1132 609//1132 608//1132
f 718//1133 608//1133 1121//1133
f 666//1134 665//1134 646//1134
f 646//1135 665//1135 1116//1135
f 646//1136 1116//1136 623//1136
f 623//1137 1116//1137 1115//1137
f 623//1138 1115//1138 621//1138
f 621//1139 1115//1139 1122//1139
f 621//1140 1122//1140 1121//1140
f 626//1141 624//1141 627//1141
f 627//436 624//436 622//436
f 627//1142 622//1142 628//1142
f 628//369 622//369 621//369
f 628//1143 621//1143 285//1143
f 285//1140 621//1140 1121//1140
f 285//1144 1121//1144 613//1144
f 613//1145 1121//1145 1123//1145
f 613//1146 1123//1146 614//1146
f 586//1147 1124//1147 557//1147
f 557//1148 1124//1148 1115//1148
f 557//1148 1115//1148 558//1148
f 558//1149 1115//1149 543//1149
f 558//317 543//317 560//317
f 560//1150 543//1150 289//1150
f 560//1151 289//1151 562//1151
f 562//1152 289//1152 291//1152
f 562//1153 291//1153 593//1153
f 593//1153 291//1153 556//1153
f 593//1154 556//1154 465//1154
f 465//1155 556//1155 555//1155
f 465//1156 555//1156 552//1156
f 552//1157 555//1157 294//1157
f 552//1158 294//1158 553//1158
f 553//1159 294//1159 293//1159
f 553//1160 293//1160 566//1160
f 566//1161 293//1161 543//1161
f 566//1162 543//1162 580//1162
f 580//1163 543//1163 295//1163
f 580//1164 295//1164 581//1164
f 581//1165 295//1165 546//1165
f 581//1166 546//1166 582//1166
f 582//1167 546//1167 545//1167
f 582//1168 545//1168 583//1168
f 583//1169 545//1169 299//1169
f 583//1170 299//1170 577//1170
f 577//1171 299//1171 298//1171
f 577//1172 298//1172 576//1172
f 576//1173 298//1173 667//1173
f 576//1174 667//1174 574//1174
f 574//1175 667//1175 666//1175
f 574//1176 666//1176 572//1176
f 572//1177 666//1177 646//1177
f 572//1178 646//1178 664//1178
f 664//1179 646//1179 659//1179
f 664//431 659//431 663//431
f 663//1180 659//1180 658//1180
f 663//1181 658//1181 662//1181
f 662//1182 658//1182 657//1182
f 662//1183 657//1183 642//1183
f 642//1184 657//1184 654//1184
f 642//1185 654//1185 647//1185
f 647//1186 654//1186 655//1186
f 647//1187 655//1187 649//1187
f 649//1188 655//1188 656//1188
f 649//1189 656//1189 651//1189
f 651//1190 656//1190 646//1190
f 651//1191 646//1191 653//1191
f 653//1192 646//1192 623//1192
f 653//1193 623//1193 668//1193
f 668//1194 623//1194 624//1194
f 668//1195 624//1195 550//1195
f 550//1196 624//1196 626//1196
f 550//1197 626//1197 549//1197
f 549//1198 626//1198 276//1198
f 549//1199 276//1199 547//1199
f 547//1200 276//1200 275//1200
f 547//1201 275//1201 630//1201
f 630//1202 275//1202 274//1202
f 630//1203 274//1203 278//1203
f 278//1142 274//1142 617//1142
f 278//1204 617//1204 279//1204
f 279//369 617//369 285//369
f 279//1205 285//1205 632//1205
f 632//1206 285//1206 620//1206
f 632//1207 620//1207 633//1207
f 633//1208 620//1208 619//1208
f 633//1209 619//1209 634//1209
f 634//1210 619//1210 618//1210
f 634//1211 618//1211 635//1211
f 635//1212 618//1212 615//1212
f 635//1213 615//1213 281//1213
f 281//1214 615//1214 614//1214
f 281//1215 614//1215 282//1215
f 282//1216 614//1216 1123//1216
f 282//1217 1123//1217 602//1217
f 602//1218 1123//1218 1121//1218
f 602//1219 1121//1219 603//1219
f 603//1220 1121//1220 608//1220
f 603//1221 608//1221 605//1221
f 605//1222 608//1222 610//1222
f 605//1223 610//1223 607//1223
f 607//1224 610//1224 612//1224
f 607//1225 612//1225 635//1225
f 635//1226 612//1226 598//1226
f 635//1225 598//1225 669//1225
f 669//1227 598//1227 704//1227
f 669//1228 704//1228 714//1228
f 714//510 704//510 705//510
f 714//1229 705//1229 712//1229
f 712//1230 705//1230 706//1230
f 712//1231 706//1231 710//1231
f 710//1232 706//1232 707//1232
f 710//1233 707//1233 708//1233
f 708//1234 707//1234 1118//1234
f 708//1235 1118//1235 1125//1235
f 1125//1236 1118//1236 1117//1236
f 1125//1237 1117//1237 1126//1237
f 472//1238 471//1238 717//1238
f 717//1239 471//1239 669//1239
f 717//1240 669//1240 716//1240
f 716//511 669//511 715//511
f 716//1241 715//1241 694//1241
f 694//1242 715//1242 713//1242
f 694//1243 713//1243 688//1243
f 688//1244 713//1244 711//1244
f 688//1245 711//1245 689//1245
f 689//1246 711//1246 709//1246
f 689//1247 709//1247 725//1247
f 725//1248 709//1248 708//1248
f 725//1249 708//1249 780//1249
f 780//1250 708//1250 1125//1250
f 780//1251 1125//1251 800//1251
f 800//1252 1125//1252 1126//1252
f 800//1253 1126//1253 924//1253
f 924//1254 1126//1254 1127//1254
f 924//853 1127//853 925//853
f 1128//883 1129//883 1130//883
f 1130//1255 1129//1255 896//1255
f 224//1256 223//1256 247//1256
f 247//1257 223//1257 942//1257
f 247//1258 942//1258 248//1258
f 931//1259 1131//1259 932//1259
f 932//1260 1131//1260 896//1260
f 932//1261 896//1261 933//1261
f 933//1262 896//1262 1129//1262
f 933//1263 1129//1263 245//1263
f 245//1264 1129//1264 1128//1264
f 245//1265 1128//1265 246//1265
f 246//1266 1128//1266 1132//1266
f 246//1267 1132//1267 949//1267
f 949//1268 1132//1268 1128//1268
f 949//1269 1128//1269 953//1269
f 953//1270 1128//1270 1130//1270
f 953//1271 1130//1271 971//1271
f 971//1272 1130//1272 896//1272
f 309//1273 251//1273 307//1273
f 307//880 251//880 923//880
f 307//1274 923//1274 960//1274
f 960//1274 923//1274 922//1274
f 960//904 922//904 305//904
f 305//1275 922//1275 918//1275
f 305//1276 918//1276 914//1276
f 914//848 918//848 1133//848
f 914//1277 1133//1277 915//1277
f 915//1278 1133//1278 253//1278
f 915//1279 253//1279 911//1279
f 911//1280 253//1280 252//1280
f 911//1281 252//1281 912//1281
f 912//1282 252//1282 895//1282
f 912//1283 895//1283 961//1283
f 961//1284 895//1284 900//1284
f 961//1285 900//1285 962//1285
f 962//1286 900//1286 899//1286
f 962//1287 899//1287 940//1287
f 940//1288 899//1288 897//1288
f 940//1289 897//1289 938//1289
f 938//1290 897//1290 896//1290
f 938//1272 896//1272 936//1272
f 936//1291 896//1291 1131//1291
f 936//1292 1131//1292 934//1292
f 934//1293 1131//1293 931//1293
f 934//1294 931//1294 947//1294
f 947//1295 931//1295 948//1295
f 947//1296 948//1296 945//1296
f 945//1297 948//1297 949//1297
f 945//1298 949//1298 997//1298
f 997//1299 949//1299 951//1299
f 997//1300 951//1300 1028//1300
f 1028//1301 951//1301 950//1301
f 1028//1302 950//1302 975//1302
f 975//1303 950//1303 970//1303
f 975//1304 970//1304 978//1304
f 978//1305 970//1305 968//1305
f 978//1306 968//1306 977//1306
f 977//1307 968//1307 966//1307
f 977//1308 966//1308 976//1308
f 976//1309 966//1309 965//1309
f 976//1310 965//1310 979//1310
f 979//1311 965//1311 1134//1311
f 979//1312 1134//1312 980//1312
f 980//1313 1134//1313 1135//1313
f 980//1314 1135//1314 981//1314
f 990//1315 941//1315 956//1315
f 956//1316 941//1316 223//1316
f 956//1317 223//1317 998//1317
f 998//1318 223//1318 225//1318
f 998//1319 225//1319 1136//1319
f 1136//1320 225//1320 1037//1320
f 1082//1321 1137//1321 1083//1321
f 1083//1322 1137//1322 1138//1322
f 1083//1323 1138//1323 1085//1323
f 1085//1324 1138//1324 1139//1324
f 1085//1325 1139//1325 1086//1325
f 1042//1326 1140//1326 1044//1326
f 1044//1327 1140//1327 1051//1327
f 1044//1328 1051//1328 1089//1328
f 1089//1329 1051//1329 1138//1329
f 1089//1330 1138//1330 1088//1330
f 1088//1331 1138//1331 1141//1331
f 1088//1332 1141//1332 1087//1332
f 1087//1333 1141//1333 1142//1333
f 1072//1334 1143//1334 1073//1334
f 1073//1335 1143//1335 1138//1335
f 1073//1336 1138//1336 1075//1336
f 1075//1337 1138//1337 1137//1337
f 1075//1338 1137//1338 1076//1338
f 1076//1339 1137//1339 1082//1339
f 1072//1340 1081//1340 1143//1340
f 1143//1048 1081//1048 1080//1048
f 1143//1341 1080//1341 1138//1341
f 1138//1342 1080//1342 1078//1342
f 1138//1343 1078//1343 1141//1343
f 1141//1344 1078//1344 1077//1344
f 1141//1345 1077//1345 1142//1345
f 1144//1346 1145//1346 1146//1346
f 1146//1347 1145//1347 1147//1347
f 233//1348 1144//1348 234//1348
f 234//1349 1144//1349 1146//1349
f 234//1350 1146//1350 1148//1350
f 1148//1351 1146//1351 1147//1351
f 232//1352 234//1352 1095//1352
f 1095//1353 234//1353 1148//1353
f 1095//1354 1148//1354 1097//1354
f 1097//1355 1148//1355 1147//1355
f 1097//1356 1147//1356 1098//1356
f 1098//1357 1147//1357 1149//1357
f 1098//1358 1149//1358 1096//1358
f 1096//1359 1149//1359 1150//1359
f 1096//1360 1150//1360 1151//1360
f 481//1361 846//1361 251//1361
f 251//1362 846//1362 847//1362
f 251//1363 847//1363 249//1363
f 249//1364 847//1364 856//1364
f 249//1365 856//1365 250//1365
f 250//1366 856//1366 259//1366
f 250//1367 259//1367 859//1367
f 859//1368 259//1368 258//1368
f 859//1369 258//1369 857//1369
f 857//1370 258//1370 850//1370
f 857//1371 850//1371 904//1371
f 904//1372 850//1372 796//1372
f 904//1373 796//1373 903//1373
f 903//1374 796//1374 795//1374
f 903//1375 795//1375 902//1375
f 902//1376 795//1376 794//1376
f 902//1377 794//1377 901//1377
f 901//1378 794//1378 262//1378
f 901//1379 262//1379 830//1379
f 830//1380 262//1380 261//1380
f 830//1381 261//1381 831//1381
f 831//1382 261//1382 263//1382
f 831//1383 263//1383 832//1383
f 832//1384 263//1384 886//1384
f 832//1385 886//1385 834//1385
f 834//1386 886//1386 894//1386
f 834//1387 894//1387 833//1387
f 833//1388 894//1388 893//1388
f 833//1389 893//1389 868//1389
f 868//1390 893//1390 892//1390
f 868//1391 892//1391 930//1391
f 930//783 892//783 891//783
f 930//1392 891//1392 921//1392
f 921//1393 891//1393 890//1393
f 921//1394 890//1394 929//1394
f 929//870 890//870 835//870
f 929//1395 835//1395 878//1395
f 878//1396 835//1396 837//1396
f 878//1397 837//1397 876//1397
f 876//1398 837//1398 838//1398
f 876//1399 838//1399 874//1399
f 874//1400 838//1400 845//1400
f 874//1401 845//1401 872//1401
f 872//1402 845//1402 844//1402
f 872//1403 844//1403 870//1403
f 870//1404 844//1404 840//1404
f 870//1405 840//1405 255//1405
f 255//1406 840//1406 839//1406
f 255//1407 839//1407 256//1407
f 256//1408 839//1408 843//1408
f 256//1409 843//1409 885//1409
f 885//1410 843//1410 842//1410
f 885//1411 842//1411 883//1411
f 883//1412 842//1412 841//1412
f 883//1413 841//1413 881//1413
f 881//1414 841//1414 906//1414
f 881//1415 906//1415 879//1415
f 879//857 906//857 905//857
f 879//1416 905//1416 917//1416
f 917//1417 905//1417 908//1417
f 917//1418 908//1418 918//1418
f 918//820 908//820 928//820
f 918//849 928//849 1133//849
f 1133//1419 928//1419 927//1419
f 1133//1420 927//1420 253//1420
f 253//1421 927//1421 926//1421
f 253//1422 926//1422 254//1422
f 254//1423 926//1423 925//1423
f 254//1424 925//1424 898//1424
f 898//1425 925//1425 1127//1425
f 898//1426 1127//1426 896//1426
f 896//1427 1127//1427 248//1427
f 896//1428 248//1428 971//1428
f 971//1429 248//1429 942//1429
f 971//1430 942//1430 965//1430
f 965//1431 942//1431 941//1431
f 965//1432 941//1432 1134//1432
f 1134//1433 941//1433 990//1433
f 1134//1434 990//1434 1135//1434
f 1135//1435 990//1435 991//1435
f 1135//1436 991//1436 981//1436
f 981//1437 991//1437 992//1437
f 981//1438 992//1438 975//1438
f 975//1439 992//1439 993//1439
f 975//1440 993//1440 1012//1440
f 1012//1441 993//1441 989//1441
f 1012//1442 989//1442 1024//1442
f 1024//1443 989//1443 987//1443
f 1024//996 987//996 1023//996
f 1023//1444 987//1444 985//1444
f 1023//1445 985//1445 1022//1445
f 1022//1446 985//1446 956//1446
f 1022//1447 956//1447 1025//1447
f 1025//1448 956//1448 959//1448
f 1025//1449 959//1449 1026//1449
f 1026//1450 959//1450 241//1450
f 1026//1451 241//1451 1027//1451
f 1027//1452 241//1452 243//1452
f 1027//1453 243//1453 1012//1453
f 1012//1454 243//1454 982//1454
f 1012//1455 982//1455 1010//1455
f 1010//1456 982//1456 984//1456
f 1010//1457 984//1457 1008//1457
f 1008//1458 984//1458 954//1458
f 1008//1459 954//1459 1033//1459
f 1033//1460 954//1460 995//1460
f 1033//1461 995//1461 1007//1461
f 1007//1462 995//1462 994//1462
f 1007//1463 994//1463 1005//1463
f 1005//1464 994//1464 1001//1464
f 1005//1465 1001//1465 1013//1465
f 1013//1466 1001//1466 1004//1466
f 1013//1467 1004//1467 1014//1467
f 1014//1468 1004//1468 1003//1468
f 1014//1469 1003//1469 1016//1469
f 1016//1470 1003//1470 1002//1470
f 1016//1055 1002//1055 1018//1055
f 1018//1471 1002//1471 998//1471
f 1018//1472 998//1472 1113//1472
f 1113//1473 998//1473 1136//1473
f 1113//1474 1136//1474 1114//1474
f 1114//1475 1136//1475 1037//1475
f 1114//1476 1037//1476 240//1476
f 240//1477 1037//1477 1039//1477
f 240//1478 1039//1478 1049//1478
f 1049//1479 1039//1479 1040//1479
f 1049//1480 1040//1480 1050//1480
f 1050//1481 1040//1481 1047//1481
f 1050//1482 1047//1482 1048//1482
f 1048//1483 1047//1483 1046//1483
f 1048//1484 1046//1484 1057//1484
f 1057//1485 1046//1485 1036//1485
f 1057//1486 1036//1486 1055//1486
f 1055//1487 1036//1487 1035//1487
f 1055//1054 1035//1054 1053//1054
f 1053//1488 1035//1488 1037//1488
f 1053//1489 1037//1489 1051//1489
f 1051//1490 1037//1490 225//1490
f 1051//1491 225//1491 1138//1491
f 1138//1492 225//1492 1147//1492
f 1138//1493 1147//1493 1139//1493
f 1139//1494 1147//1494 1099//1494
f 1139//1495 1099//1495 1086//1495
f 1086//1496 1099//1496 230//1496
f 1086//1497 230//1497 1084//1497
f 1084//1498 230//1498 229//1498
f 1084//1499 229//1499 1082//1499
f 1082//1500 229//1500 1111//1500
f 1082//1501 1111//1501 1076//1501
f 1076//1502 1111//1502 1110//1502
f 1076//1503 1110//1503 1074//1503
f 1074//1504 1110//1504 1109//1504
f 1074//1505 1109//1505 1072//1505
f 1072//1506 1109//1506 1108//1506
f 1072//1507 1108//1507 1081//1507
f 1081//1508 1108//1508 1107//1508
f 1081//1509 1107//1509 1079//1509
f 1079//1510 1107//1510 1106//1510
f 1079//1511 1106//1511 1077//1511
f 1077//1512 1106//1512 1105//1512
f 1077//1513 1105//1513 1142//1513
f 1142//1514 1105//1514 1103//1514
f 1142//1515 1103//1515 1087//1515
f 1087//1516 1103//1516 1061//1516
f 1087//1517 1061//1517 1041//1517
f 1041//1518 1061//1518 1067//1518
f 1041//1519 1067//1519 1042//1519
f 1042//1520 1067//1520 1066//1520
f 1042//1521 1066//1521 1140//1521
f 1140//1031 1066//1031 1065//1031
f 1140//1522 1065//1522 1051//1522
f 1051//1523 1065//1523 1062//1523
f 1051//1524 1062//1524 1052//1524
f 1052//1525 1062//1525 1063//1525
f 1052//1526 1063//1526 1054//1526
f 1054//1527 1063//1527 1064//1527
f 1054//1528 1064//1528 1056//1528
f 1056//1529 1064//1529 1061//1529
f 1056//1530 1061//1530 1048//1530
f 1048//139 1061//139 1104//139
f 1048//1099 1104//1099 226//1099
f 226//1531 1104//1531 487//1531
f 226//1532 487//1532 227//1532
f 227//1533 487//1533 489//1533
f 227//1534 489//1534 482//1534
f 482//1534 489//1534 488//1534
f 482//71 488//71 483//71
f 1152//5 1153//5 1154//5
f 1153//1535 1155//1535 1092//1535
f 1092//1536 1155//1536 1102//1536
f 1092//1537 1102//1537 1093//1537
f 1093//1538 1102//1538 1101//1538
f 1093//1539 1101//1539 1094//1539
f 1094//1540 1101//1540 1100//1540
f 1094//1541 1100//1541 1068//1541
f 1068//1542 1100//1542 1099//1542
f 1068//1543 1099//1543 1069//1543
f 1069//1544 1099//1544 1147//1544
f 1069//1545 1147//1545 1071//1545
f 1071//1546 1147//1546 1145//1546
f 1071//1547 1145//1547 237//1547
f 237//1548 1145//1548 1144//1548
f 237//1549 1144//1549 235//1549
f 235//1550 1144//1550 233//1550
f 235//1551 233//1551 1092//1551
f 1092//1552 233//1552 232//1552
f 1092//1066 232//1066 1156//1066
f 1156//1553 232//1553 1096//1553
f 1156//1554 1096//1554 1092//1554
f 1092//1555 1096//1555 1151//1555
f 1092//1556 1151//1556 1153//1556
f 1153//5 1151//5 1152//5
f 542//1557 540//1557 538//1557
f 1157//1558 1158//1558 102//1558
f 1158//1557 1159//1557 102//1557
f 102//1559 1159//1559 1160//1559
f 102//1560 1160//1560 200//1560
f 200//1561 1160//1561 1161//1561
f 525//1560 1162//1560 528//1560
f 528//1560 1162//1560 529//1560
f 538//1562 537//1562 542//1562
f 542//1560 537//1560 532//1560
f 542//1563 532//1563 1162//1563
f 1162//1564 532//1564 534//1564
f 1162//1560 534//1560 529//1560
f 1163//1565 1164//1565 102//1565
f 102//1559 1164//1559 1165//1559
f 102//1558 1165//1558 1166//1558
f 525//1560 524//1560 1162//1560
f 1162//1566 524//1566 521//1566
f 1162//1560 521//1560 303//1560
f 1166//1557 1167//1557 102//1557
f 102//1566 1167//1566 1168//1566
f 102//1567 1168//1567 1157//1567
f 101//1568 1169//1568 102//1568
f 102//1569 1169//1569 1170//1569
f 102//1565 1170//1565 1163//1565
f 1161//1570 1171//1570 200//1570
f 200//1571 1171//1571 1172//1571
f 200//1572 1172//1572 1173//1572
f 1173//1573 1174//1573 200//1573
f 200//1574 1174//1574 1162//1574
f 200//1560 1162//1560 520//1560
f 520//1560 1162//1560 303//1560
f 323//5 221//5 201//5
f 498//5 496//5 495//5
f 200//5 408//5 406//5
f 495//5 492//5 498//5
f 498//5 492//5 494//5
f 498//5 494//5 1102//5
f 520//5 519//5 675//5
f 675//5 519//5 517//5
f 675//5 517//5 515//5
f 515//5 512//5 675//5
f 675//5 512//5 510//5
f 675//5 510//5 507//5
f 426//5 424//5 200//5
f 200//5 424//5 423//5
f 200//5 423//5 420//5
f 437//5 435//5 200//5
f 200//5 435//5 433//5
f 200//5 433//5 431//5
f 420//5 418//5 200//5
f 200//5 418//5 416//5
f 200//5 416//5 414//5
f 414//5 412//5 200//5
f 200//5 412//5 410//5
f 200//5 410//5 408//5
f 442//5 444//5 200//5
f 200//5 444//5 454//5
f 200//5 448//5 446//5
f 431//5 429//5 200//5
f 200//5 429//5 427//5
f 200//5 427//5 426//5
f 406//5 404//5 200//5
f 200//5 404//5 402//5
f 200//5 402//5 400//5
f 520//5 675//5 200//5
f 200//5 675//5 440//5
f 200//5 440//5 442//5
f 454//5 452//5 200//5
f 200//5 452//5 450//5
f 200//5 450//5 448//5
f 446//5 445//5 200//5
f 200//5 445//5 438//5
f 200//5 438//5 437//5
f 388//5 201//5 390//5
f 390//5 201//5 392//5
f 400//5 398//5 200//5
f 200//5 398//5 396//5
f 200//5 396//5 201//5
f 201//5 396//5 394//5
f 201//5 394//5 392//5
f 388//5 387//5 201//5
f 201//5 387//5 385//5
f 201//5 385//5 383//5
f 383//5 381//5 201//5
f 201//5 381//5 379//5
f 201//5 379//5 377//5
f 377//5 374//5 201//5
f 201//5 374//5 373//5
f 201//5 373//5 371//5
f 1149//5 1147//5 1150//5
f 1150//5 1147//5 225//5
f 371//5 369//5 201//5
f 201//5 369//5 368//5
f 201//5 368//5 366//5
f 248//5 1127//5 1154//5
f 1154//5 1127//5 1126//5
f 248//5 1154//5 224//5
f 224//5 1154//5 1152//5
f 224//5 1152//5 225//5
f 225//7 1152//7 1151//7
f 225//5 1151//5 1150//5
f 1126//5 1117//5 1154//5
f 1154//5 1117//5 1119//5
f 1154//5 1119//5 1121//5
f 1154//5 1121//5 1122//5
f 1102//5 1155//5 498//5
f 498//1575 1155//1575 1153//1575
f 498//1576 1153//1576 1152//1576
f 328//5 326//5 201//5
f 201//5 326//5 324//5
f 201//5 324//5 323//5
f 366//5 364//5 201//5
f 201//5 364//5 362//5
f 201//5 362//5 360//5
f 339//5 337//5 201//5
f 201//5 337//5 334//5
f 334//5 332//5 201//5
f 201//5 332//5 330//5
f 201//5 330//5 328//5
f 1122//5 1115//5 1154//5
f 1154//5 1115//5 1124//5
f 346//5 344//5 201//5
f 201//5 344//5 342//5
f 201//5 342//5 339//5
f 589//5 590//5 1154//5
f 1154//1577 590//1577 594//1577
f 360//5 358//5 201//5
f 201//5 358//5 356//5
f 201//5 356//5 353//5
f 1154//1578 1124//1578 586//1578
f 1154//1579 586//1579 589//1579
f 353//5 350//5 201//5
f 201//5 350//5 348//5
f 201//5 348//5 346//5
f 459//5 460//5 461//5
f 461//1580 460//1580 671//1580
f 461//1581 671//1581 594//1581
f 594//1582 671//1582 673//1582
f 594//5 673//5 675//5
f 507//5 504//5 675//5
f 675//5 504//5 501//5
f 675//5 501//5 594//5
f 594//7 501//7 498//7
f 1152//1583 1154//1583 498//1583
f 498//7 1154//7 594//7
f 1175//1584 9//1584 10//1584
f 1176//1560 1177//1560 10//1560
f 10//1560 1177//1560 1178//1560
f 1179//1560 1180//1560 10//1560
f 10//1566 1180//1566 1181//1566
f 1181//1569 1182//1569 10//1569
f 10//1560 1182//1560 1183//1560
f 10//1565 1183//1565 1175//1565
f 1184//1560 1185//1560 10//1560
f 1186//1560 1187//1560 10//1560
f 10//1560 1187//1560 1188//1560
f 1178//1560 1189//1560 10//1560
f 10//1560 1189//1560 1190//1560
f 10//1560 1190//1560 1191//1560
f 1188//1560 1192//1560 10//1560
f 10//1560 1192//1560 1193//1560
f 10//1560 1193//1560 1176//1560
f 1185//1560 1194//1560 10//1560
f 10//1560 1194//1560 1195//1560
f 10//1560 1195//1560 1186//1560
f 1196//1560 1197//1560 10//1560
f 10//1560 1197//1560 1198//1560
f 10//1560 1198//1560 1199//1560
f 1191//1560 1200//1560 10//1560
f 10//1560 1200//1560 1201//1560
f 10//1560 1201//1560 1202//1560
f 1202//1560 1203//1560 10//1560
f 10//1560 1203//1560 1204//1560
f 10//1560 1204//1560 1179//1560
f 1199//1560 1205//1560 10//1560
f 10//1560 1205//1560 1206//1560
f 10//1560 1206//1560 1184//1560
f 1207//1585 1208//1585 1209//1585
f 1210//1586 1211//1586 1205//1586
f 1205//1587 1211//1587 1206//1587
f 1206//1588 1211//1588 1212//1588
f 1206//1589 1212//1589 1184//1589
f 1212//1590 1213//1590 1184//1590
f 1184//1591 1213//1591 1214//1591
f 1184//1592 1214//1592 1185//1592
f 1185//1593 1214//1593 1215//1593
f 1185//1594 1215//1594 1194//1594
f 1194//1595 1215//1595 1195//1595
f 1216//1596 1186//1596 1217//1596
f 1217//1597 1186//1597 1195//1597
f 1217//1598 1195//1598 1218//1598
f 1218//1599 1195//1599 1215//1599
f 1219//1600 1193//1600 1220//1600
f 1220//1601 1193//1601 1192//1601
f 1220//1602 1192//1602 1221//1602
f 1221//1603 1192//1603 1188//1603
f 1221//1604 1188//1604 1216//1604
f 1216//1605 1188//1605 1187//1605
f 1216//1606 1187//1606 1186//1606
f 1222//1607 1178//1607 1223//1607
f 1223//1608 1178//1608 1177//1608
f 1223//1609 1177//1609 1224//1609
f 1224//1610 1177//1610 1176//1610
f 1224//1611 1176//1611 1225//1611
f 1225//1612 1176//1612 1193//1612
f 1225//1613 1193//1613 1226//1613
f 1226//1614 1193//1614 1219//1614
f 1227//1615 1190//1615 1222//1615
f 1222//1616 1190//1616 1189//1616
f 1222//1617 1189//1617 1178//1617
f 1227//1618 1228//1618 1190//1618
f 1190//1619 1228//1619 1229//1619
f 1190//1620 1229//1620 1191//1620
f 1229//1621 1230//1621 1191//1621
f 1191//1622 1230//1622 1231//1622
f 1191//1623 1231//1623 1200//1623
f 1200//1624 1231//1624 1232//1624
f 1200//1625 1232//1625 1201//1625
f 1201//1626 1232//1626 1233//1626
f 1233//1627 1234//1627 1201//1627
f 1201//1628 1234//1628 1235//1628
f 1201//1629 1235//1629 1202//1629
f 1204//1630 1203//1630 1236//1630
f 1236//1631 1203//1631 1202//1631
f 1236//1632 1202//1632 1237//1632
f 1237//1633 1202//1633 1235//1633
f 1205//1634 1199//1634 1210//1634
f 1210//1635 1199//1635 1198//1635
f 1210//1636 1198//1636 1238//1636
f 1238//1637 1198//1637 1197//1637
f 1238//1638 1197//1638 1239//1638
f 1239//1639 1197//1639 1240//1639
f 1239//1640 1240//1640 1241//1640
f 1241//1641 1240//1641 1242//1641
f 1241//1642 1242//1642 1243//1642
f 1243//1643 1242//1643 1244//1643
f 1244//1644 1242//1644 1245//1644
f 1245//1645 1242//1645 1246//1645
f 1245//1646 1246//1646 1247//1646
f 1247//1647 1246//1647 1248//1647
f 1247//1648 1248//1648 1249//1648
f 1250//1649 1251//1649 1252//1649
f 1252//1650 1251//1650 1253//1650
f 1252//1651 1253//1651 1254//1651
f 1254//1652 1253//1652 1255//1652
f 1254//1653 1255//1653 1248//1653
f 1248//1654 1255//1654 1256//1654
f 1248//1655 1256//1655 1249//1655
f 1250//1656 1252//1656 1257//1656
f 1257//1657 1252//1657 1258//1657
f 1257//1658 1258//1658 1259//1658
f 1259//1659 1258//1659 1260//1659
f 1259//1660 1260//1660 1261//1660
f 1262//1661 1263//1661 1260//1661
f 1260//1662 1263//1662 1264//1662
f 1260//1663 1264//1663 1261//1663
f 1265//1664 1266//1664 1267//1664
f 1267//1665 1266//1665 1268//1665
f 1267//1666 1268//1666 1262//1666
f 1262//1667 1268//1667 1269//1667
f 1262//1668 1269//1668 1263//1668
f 1270//1669 1271//1669 1265//1669
f 1265//1670 1271//1670 1272//1670
f 1265//1671 1272//1671 1266//1671
f 1273//1672 1274//1672 1270//1672
f 1270//1673 1274//1673 1275//1673
f 1270//1674 1275//1674 1271//1674
f 1276//1675 1277//1675 1273//1675
f 1273//1676 1277//1676 1278//1676
f 1273//1677 1278//1677 1274//1677
f 1279//1678 1280//1678 1281//1678
f 1281//1679 1280//1679 1282//1679
f 1281//1680 1282//1680 1276//1680
f 1276//1681 1282//1681 1283//1681
f 1276//1682 1283//1682 1277//1682
f 1284//1683 1285//1683 1286//1683
f 1286//1684 1285//1684 1287//1684
f 1286//1685 1287//1685 1279//1685
f 1279//1686 1287//1686 1288//1686
f 1279//1687 1288//1687 1280//1687
f 1289//1688 1290//1688 1284//1688
f 1284//1689 1290//1689 1291//1689
f 1284//1690 1291//1690 1285//1690
f 1292//1691 1293//1691 1289//1691
f 1289//1692 1293//1692 1294//1692
f 1289//1693 1294//1693 1290//1693
f 1295//1694 1296//1694 1292//1694
f 1292//1695 1296//1695 1297//1695
f 1292//1696 1297//1696 1293//1696
f 1298//1697 1299//1697 1295//1697
f 1295//1698 1299//1698 1300//1698
f 1295//1699 1300//1699 1296//1699
f 1301//1700 1302//1700 1303//1700
f 1303//1701 1302//1701 1304//1701
f 1303//1702 1304//1702 1298//1702
f 1298//1703 1304//1703 1305//1703
f 1298//1704 1305//1704 1299//1704
f 1301//1705 1303//1705 1306//1705
f 1306//1705 1303//1705 1307//1705
f 1306//1706 1307//1706 1308//1706
f 1308//1707 1307//1707 1309//1707
f 1309//1708 1307//1708 1310//1708
f 1309//1709 1310//1709 1311//1709
f 1311//1710 1310//1710 1312//1710
f 1311//1711 1312//1711 1313//1711
f 1313//1712 1312//1712 1314//1712
f 1314//1713 1312//1713 1315//1713
f 1314//1714 1315//1714 1316//1714
f 1209//1586 1208//1586 1315//1586
f 1315//1715 1208//1715 1317//1715
f 1315//1716 1317//1716 1316//1716
f 1209//1717 1318//1717 1207//1717
f 1207//1718 1318//1718 1319//1718
f 1207//1719 1319//1719 1320//1719
f 1320//1720 1319//1720 1321//1720
f 1320//1721 1321//1721 1322//1721
f 1322//1722 1321//1722 1323//1722
f 1322//1723 1323//1723 1324//1723
f 1324//1724 1323//1724 1325//1724
f 1324//1725 1325//1725 1326//1725
f 1326//1726 1325//1726 1327//1726
f 1325//1727 1328//1727 1327//1727
f 1327//1689 1328//1689 1329//1689
f 1327//1728 1329//1728 1330//1728
f 1330//1729 1329//1729 1331//1729
f 1330//1730 1331//1730 1332//1730
f 1332//1731 1331//1731 1333//1731
f 1332//1732 1333//1732 1334//1732
f 1334//1733 1333//1733 1335//1733
f 1334//1734 1335//1734 1336//1734
f 1336//1735 1335//1735 1337//1735
f 1336//1736 1337//1736 1338//1736
f 1337//1737 1339//1737 1338//1737
f 1338//1738 1339//1738 1340//1738
f 1338//1739 1340//1739 1341//1739
f 1341//1740 1340//1740 1342//1740
f 1342//1741 1340//1741 1343//1741
f 1342//1742 1343//1742 1344//1742
f 1344//1743 1343//1743 1345//1743
f 1345//1744 1343//1744 1346//1744
f 1345//1745 1346//1745 1347//1745
f 1347//1746 1346//1746 1348//1746
f 1347//1747 1348//1747 1349//1747
f 1349//1748 1348//1748 1350//1748
f 1350//1749 1348//1749 1351//1749
f 1350//1750 1351//1750 1352//1750
f 1352//1751 1351//1751 1353//1751
f 1352//1752 1353//1752 1354//1752
f 1355//1753 11//1753 1356//1753
f 1356//9 11//9 12//9
f 1355//14 1357//14 11//14
f 11//9 1357//9 1358//9
f 11//13 1358//13 1359//13
f 1359//15 1360//15 11//15
f 11//17 1360//17 1361//17
f 11//16 1361//16 1362//16
f 1362//17 1363//17 11//17
f 11//17 1363//17 1354//17
f 11//17 1354//17 1364//17
f 1364//1754 1354//1754 1353//1754
f 1364//17 1353//17 1351//17
f 1351//15 1348//15 1364//15
f 1364//15 1348//15 1346//15
f 1364//17 1346//17 1343//17
f 1364//17 1325//17 1323//17
f 1343//17 1340//17 1364//17
f 1364//17 1340//17 1339//17
f 1364//17 1339//17 1337//17
f 1331//17 1329//17 1364//17
f 1364//17 1329//17 1328//17
f 1364//17 1328//17 1325//17
f 1323//17 1321//17 1364//17
f 1364//17 1321//17 1319//17
f 1364//17 1319//17 1318//17
f 1337//17 1335//17 1364//17
f 1364//17 1335//17 1333//17
f 1364//17 1333//17 1331//17
f 1364//1081 1196//1081 11//1081
f 11//1081 1196//1081 10//1081
f 1364//5 1254//5 1196//5
f 1196//5 1254//5 1248//5
f 1196//5 1248//5 1246//5
f 1246//5 1242//5 1196//5
f 1196//5 1242//5 1240//5
f 1196//5 1240//5 1197//5
f 1260//5 1258//5 1364//5
f 1364//5 1258//5 1252//5
f 1364//5 1252//5 1254//5
f 1318//5 1209//5 1364//5
f 1364//5 1209//5 1315//5
f 1364//5 1315//5 1312//5
f 1265//5 1267//5 1364//5
f 1364//5 1267//5 1262//5
f 1364//5 1262//5 1260//5
f 1312//5 1310//5 1364//5
f 1364//5 1310//5 1307//5
f 1364//5 1307//5 1303//5
f 1276//5 1273//5 1364//5
f 1364//5 1273//5 1270//5
f 1364//5 1270//5 1265//5
f 1303//5 1298//5 1364//5
f 1364//5 1298//5 1295//5
f 1364//5 1295//5 1292//5
f 1292//5 1289//5 1364//5
f 1364//5 1289//5 1284//5
f 1364//5 1284//5 1286//5
f 1286//5 1279//5 1364//5
f 1364//5 1279//5 1281//5
f 1364//5 1281//5 1276//5
f 1165//1755 1164//1755 1365//1755
f 209//1756 217//1756 322//1756
f 209//1757 1366//1757 210//1757
f 210//1758 1366//1758 211//1758
f 214//1759 213//1759 1367//1759
f 1367//1760 213//1760 212//1760
f 202//1761 1368//1761 203//1761
f 203//1762 1368//1762 207//1762
f 13//1763 206//1763 1368//1763
f 1368//1764 206//1764 205//1764
f 205//1765 204//1765 1368//1765
f 1368//1766 204//1766 208//1766
f 1368//1767 208//1767 207//1767
f 1164//1768 1163//1768 1365//1768
f 1365//1769 1163//1769 1170//1769
f 1365//1770 1170//1770 1169//1770
f 1158//1771 1157//1771 1369//1771
f 1369//1772 1157//1772 1168//1772
f 1168//1773 1167//1773 1369//1773
f 1369//1774 1167//1774 1166//1774
f 1369//1775 1166//1775 1165//1775
f 1161//1776 1160//1776 1370//1776
f 1370//1777 1160//1777 1159//1777
f 1370//1778 1159//1778 1158//1778
f 1173//1779 1370//1779 1174//1779
f 1174//1780 1370//1780 1162//1780
f 1173//1781 1172//1781 1370//1781
f 1370//1782 1172//1782 1171//1782
f 1370//1783 1171//1783 1161//1783
f 209//1784 322//1784 1366//1784
f 1366//1785 322//1785 321//1785
f 1366//1785 321//1785 1371//1785
f 1371//1786 321//1786 320//1786
f 1371//1786 320//1786 1372//1786
f 1372//1787 320//1787 319//1787
f 1372//1787 319//1787 1373//1787
f 1373//1788 319//1788 318//1788
f 1373//1789 318//1789 1374//1789
f 318//1790 317//1790 1374//1790
f 1374//1791 317//1791 316//1791
f 1374//1791 316//1791 1375//1791
f 1375//1792 316//1792 313//1792
f 1375//1793 313//1793 1376//1793
f 313//1794 314//1794 1376//1794
f 1376//1795 314//1795 315//1795
f 1376//1795 315//1795 1377//1795
f 1377//1796 315//1796 325//1796
f 1377//1796 325//1796 1378//1796
f 1378//1797 325//1797 327//1797
f 1378//1798 327//1798 1379//1798
f 1379//1799 327//1799 329//1799
f 1379//1800 329//1800 1380//1800
f 1380//1801 329//1801 331//1801
f 331//1802 333//1802 1380//1802
f 1380//1803 333//1803 335//1803
f 1380//1803 335//1803 1381//1803
f 1381//1804 335//1804 336//1804
f 1381//1805 336//1805 1382//1805
f 336//1806 338//1806 1382//1806
f 1382//1807 338//1807 340//1807
f 1382//1808 340//1808 1383//1808
f 1383//1809 340//1809 341//1809
f 1383//1810 341//1810 1384//1810
f 1384//1811 341//1811 343//1811
f 345//1812 1385//1812 343//1812
f 343//1813 1385//1813 1386//1813
f 343//1811 1386//1811 1384//1811
f 345//1814 347//1814 1385//1814
f 1385//1815 347//1815 349//1815
f 1385//1815 349//1815 1387//1815
f 1387//1816 349//1816 351//1816
f 1387//1817 351//1817 1388//1817
f 351//1818 352//1818 1388//1818
f 1388//1819 352//1819 354//1819
f 1388//1819 354//1819 1389//1819
f 1389//1820 354//1820 355//1820
f 1389//1821 355//1821 1390//1821
f 355//1822 357//1822 1390//1822
f 1390//1823 357//1823 359//1823
f 1390//1824 359//1824 1391//1824
f 1391//1825 359//1825 361//1825
f 1391//1825 361//1825 1392//1825
f 1392//1826 361//1826 363//1826
f 1392//1827 363//1827 1393//1827
f 363//1828 365//1828 1393//1828
f 1393//1829 365//1829 367//1829
f 1393//1829 367//1829 1394//1829
f 1394//1830 367//1830 370//1830
f 1394//1830 370//1830 1395//1830
f 1395//1825 370//1825 372//1825
f 1395//1825 372//1825 1396//1825
f 1396//1831 372//1831 1397//1831
f 372//1832 375//1832 1397//1832
f 1397//1833 375//1833 376//1833
f 1397//1834 376//1834 1398//1834
f 1398//1835 376//1835 378//1835
f 378//1836 380//1836 1398//1836
f 1398//1837 380//1837 382//1837
f 1398//1838 382//1838 1399//1838
f 1399//1839 382//1839 384//1839
f 1399//1839 384//1839 1400//1839
f 1400//1840 384//1840 386//1840
f 1400//1841 386//1841 1401//1841
f 386//1842 389//1842 1401//1842
f 1401//1843 389//1843 391//1843
f 1401//1843 391//1843 1402//1843
f 1402//1844 391//1844 1403//1844
f 391//1845 393//1845 1403//1845
f 1403//1846 393//1846 395//1846
f 1403//1847 395//1847 1404//1847
f 395//1848 397//1848 1404//1848
f 1404//1849 397//1849 399//1849
f 1404//1850 399//1850 1405//1850
f 1405//1851 399//1851 401//1851
f 401//1852 403//1852 1405//1852
f 1405//1853 403//1853 405//1853
f 1405//1854 405//1854 1406//1854
f 405//1855 407//1855 1406//1855
f 1406//1856 407//1856 409//1856
f 1406//1857 409//1857 1407//1857
f 1407//1858 409//1858 411//1858
f 1407//1859 411//1859 413//1859
f 415//1860 1408//1860 413//1860
f 413//1861 1408//1861 1409//1861
f 413//1859 1409//1859 1407//1859
f 415//1862 417//1862 1408//1862
f 1408//1863 417//1863 419//1863
f 1408//1864 419//1864 1410//1864
f 419//1865 421//1865 1410//1865
f 1410//1866 421//1866 422//1866
f 1410//1867 422//1867 1411//1867
f 422//1868 425//1868 1411//1868
f 1411//1869 425//1869 428//1869
f 1411//1870 428//1870 1412//1870
f 1412//1871 428//1871 430//1871
f 1412//1872 430//1872 1413//1872
f 1413//1873 430//1873 432//1873
f 432//1874 434//1874 1413//1874
f 1413//1875 434//1875 436//1875
f 1413//1876 436//1876 1414//1876
f 1414//1877 436//1877 439//1877
f 1414//1877 439//1877 1415//1877
f 1415//1878 439//1878 447//1878
f 1415//1878 447//1878 1416//1878
f 1416//1879 447//1879 449//1879
f 1416//1879 449//1879 1417//1879
f 1417//1880 449//1880 451//1880
f 1417//1881 451//1881 1418//1881
f 1418//1882 451//1882 453//1882
f 1418//1883 453//1883 1419//1883
f 453//1884 455//1884 1419//1884
f 1419//1885 455//1885 456//1885
f 1419//1886 456//1886 443//1886
f 441//1887 1420//1887 443//1887
f 443//1888 1420//1888 1421//1888
f 443//1886 1421//1886 1419//1886
f 441//1889 677//1889 1420//1889
f 1420//1890 677//1890 676//1890
f 1420//1890 676//1890 1422//1890
f 1422//1891 676//1891 674//1891
f 1422//1892 674//1892 1423//1892
f 1423//1893 674//1893 672//1893
f 1423//1894 672//1894 1424//1894
f 672//1895 670//1895 1424//1895
f 1424//1896 670//1896 468//1896
f 1424//1896 468//1896 1425//1896
f 1425//1897 468//1897 467//1897
f 1425//1897 467//1897 1426//1897
f 1426//1898 467//1898 472//1898
f 1426//1898 472//1898 1427//1898
f 1427//1899 472//1899 474//1899
f 1427//1899 474//1899 1428//1899
f 1428//1900 474//1900 473//1900
f 1428//1901 473//1901 1429//1901
f 1429//1902 473//1902 310//1902
f 1429//1902 310//1902 1430//1902
f 1430//1903 310//1903 475//1903
f 1430//1903 475//1903 1431//1903
f 1431//1904 475//1904 477//1904
f 1431//1904 477//1904 1432//1904
f 1432//1905 477//1905 479//1905
f 1432//1906 479//1906 1433//1906
f 1433//1907 479//1907 481//1907
f 1433//1907 481//1907 1434//1907
f 1434//1908 481//1908 480//1908
f 1434//1908 480//1908 1435//1908
f 1435//1909 480//1909 309//1909
f 1435//1909 309//1909 1436//1909
f 1436//1910 309//1910 304//1910
f 1436//1910 304//1910 1437//1910
f 1437//1911 304//1911 486//1911
f 1437//1911 486//1911 1438//1911
f 1438//1912 486//1912 485//1912
f 1438//1912 485//1912 1439//1912
f 1439//1913 485//1913 483//1913
f 1439//1913 483//1913 1440//1913
f 1440//1914 483//1914 488//1914
f 1440//1914 488//1914 1441//1914
f 1441//1915 488//1915 487//1915
f 1441//1915 487//1915 1442//1915
f 1442//1916 487//1916 1112//1916
f 1442//1916 1112//1916 1443//1916
f 1443//1917 1112//1917 493//1917
f 1443//1917 493//1917 1444//1917
f 1444//1918 493//1918 491//1918
f 1444//1918 491//1918 1445//1918
f 1445//1919 491//1919 490//1919
f 1445//1919 490//1919 1446//1919
f 1446//1920 490//1920 497//1920
f 1446//1920 497//1920 1447//1920
f 1447//1921 497//1921 499//1921
f 1447//1922 499//1922 1448//1922
f 1448//1923 499//1923 500//1923
f 1448//1923 500//1923 1449//1923
f 1449//1924 500//1924 502//1924
f 1449//1924 502//1924 1450//1924
f 1450//1925 502//1925 503//1925
f 1450//1926 503//1926 1451//1926
f 1451//1826 503//1826 505//1826
f 1451//1927 505//1927 1452//1927
f 505//1928 506//1928 1452//1928
f 1452//1929 506//1929 508//1929
f 1452//1930 508//1930 1453//1930
f 1453//1931 508//1931 509//1931
f 1453//1932 509//1932 1454//1932
f 509//1933 511//1933 1454//1933
f 1454//1934 511//1934 513//1934
f 1454//1935 513//1935 1455//1935
f 1455//1936 513//1936 514//1936
f 1455//1937 514//1937 1456//1937
f 514//1938 516//1938 1456//1938
f 1456//1939 516//1939 518//1939
f 1456//1939 518//1939 1457//1939
f 1457//1940 518//1940 302//1940
f 1457//1941 302//1941 1458//1941
f 302//1942 301//1942 1458//1942
f 1458//1943 301//1943 523//1943
f 1458//1943 523//1943 1459//1943
f 1459//1944 523//1944 522//1944
f 1459//1944 522//1944 1460//1944
f 1460//1945 522//1945 526//1945
f 527//1946 1461//1946 526//1946
f 526//1947 1461//1947 1462//1947
f 526//1945 1462//1945 1460//1945
f 527//1948 536//1948 1461//1948
f 1461//1949 536//1949 535//1949
f 1461//1949 535//1949 1463//1949
f 1463//1950 535//1950 533//1950
f 1463//1951 533//1951 1464//1951
f 533//1952 531//1952 1464//1952
f 1464//1953 531//1953 530//1953
f 1464//1953 530//1953 1465//1953
f 1465//1954 530//1954 539//1954
f 1465//1955 539//1955 1466//1955
f 1466//1956 539//1956 541//1956
f 1466//1956 541//1956 1370//1956
f 1370//1957 541//1957 542//1957
f 1370//1958 542//1958 1162//1958
f 1158//1959 1369//1959 1370//1959
f 1370//1960 1369//1960 1467//1960
f 1370//1960 1467//1960 1466//1960
f 1466//1961 1467//1961 1468//1961
f 1466//1961 1468//1961 1465//1961
f 1465//1962 1468//1962 1469//1962
f 1465//1962 1469//1962 1464//1962
f 1464//1963 1469//1963 1470//1963
f 1464//1963 1470//1963 1463//1963
f 1463//1964 1470//1964 1471//1964
f 1463//1964 1471//1964 1461//1964
f 1461//1965 1471//1965 1472//1965
f 1461//1966 1472//1966 1462//1966
f 1462//1967 1472//1967 1473//1967
f 1462//1967 1473//1967 1460//1967
f 1460//1968 1473//1968 1474//1968
f 1460//1969 1474//1969 1459//1969
f 1459//1970 1474//1970 1475//1970
f 1459//1971 1475//1971 1458//1971
f 1458//1972 1475//1972 1476//1972
f 1458//1972 1476//1972 1457//1972
f 1457//1973 1476//1973 1477//1973
f 1457//1973 1477//1973 1456//1973
f 1456//1974 1477//1974 1478//1974
f 1456//1974 1478//1974 1455//1974
f 1455//1975 1478//1975 1479//1975
f 1455//1976 1479//1976 1454//1976
f 1454//1977 1479//1977 1480//1977
f 1454//1978 1480//1978 1453//1978
f 1453//1979 1480//1979 1481//1979
f 1453//1980 1481//1980 1452//1980
f 1452//1981 1481//1981 1482//1981
f 1452//1981 1482//1981 1451//1981
f 1451//1982 1482//1982 1483//1982
f 1451//1982 1483//1982 1450//1982
f 1450//1983 1483//1983 1484//1983
f 1450//1984 1484//1984 1449//1984
f 1449//1985 1484//1985 1485//1985
f 1449//1985 1485//1985 1448//1985
f 1448//1986 1485//1986 1486//1986
f 1448//1986 1486//1986 1447//1986
f 1447//1987 1486//1987 1487//1987
f 1447//1988 1487//1988 1446//1988
f 1446//1989 1487//1989 1488//1989
f 1446//1989 1488//1989 1445//1989
f 1445//1990 1488//1990 1489//1990
f 1445//1991 1489//1991 1444//1991
f 1444//1992 1489//1992 1490//1992
f 1444//1992 1490//1992 1443//1992
f 1443//1993 1490//1993 1491//1993
f 1443//1993 1491//1993 1442//1993
f 1442//1994 1491//1994 1492//1994
f 1442//1994 1492//1994 1441//1994
f 1441//1995 1492//1995 1493//1995
f 1441//1996 1493//1996 1440//1996
f 1440//1997 1493//1997 1494//1997
f 1440//1997 1494//1997 1439//1997
f 1439//1998 1494//1998 1495//1998
f 1439//1998 1495//1998 1438//1998
f 1438//1999 1495//1999 1496//1999
f 1438//2000 1496//2000 1437//2000
f 1437//2001 1496//2001 1497//2001
f 1437//2001 1497//2001 1436//2001
f 1436//2002 1497//2002 1498//2002
f 1436//2002 1498//2002 1435//2002
f 1435//2003 1498//2003 1499//2003
f 1435//2003 1499//2003 1434//2003
f 1434//2004 1499//2004 1500//2004
f 1434//2004 1500//2004 1433//2004
f 1433//2005 1500//2005 1501//2005
f 1433//2006 1501//2006 1432//2006
f 1432//2007 1501//2007 1502//2007
f 1432//2008 1502//2008 1431//2008
f 1431//2009 1502//2009 1503//2009
f 1431//2009 1503//2009 1430//2009
f 1430//2010 1503//2010 1504//2010
f 1430//2011 1504//2011 1429//2011
f 1429//2012 1504//2012 1505//2012
f 1429//2013 1505//2013 1428//2013
f 1428//2014 1505//2014 1506//2014
f 1428//2014 1506//2014 1427//2014
f 1427//2015 1506//2015 1507//2015
f 1427//2015 1507//2015 1426//2015
f 1426//2016 1507//2016 1508//2016
f 1426//2016 1508//2016 1425//2016
f 1425//2017 1508//2017 1509//2017
f 1425//2017 1509//2017 1424//2017
f 1424//2018 1509//2018 1510//2018
f 1424//2018 1510//2018 1423//2018
f 1423//2019 1510//2019 1511//2019
f 1423//2019 1511//2019 1422//2019
f 1422//2020 1511//2020 1512//2020
f 1422//2020 1512//2020 1420//2020
f 1420//2021 1512//2021 1513//2021
f 1420//2021 1513//2021 1421//2021
f 1421//2022 1513//2022 1514//2022
f 1421//2022 1514//2022 1419//2022
f 1419//2023 1514//2023 1515//2023
f 1419//2023 1515//2023 1418//2023
f 1418//2024 1515//2024 1516//2024
f 1418//2024 1516//2024 1417//2024
f 1417//2025 1516//2025 1517//2025
f 1417//2025 1517//2025 1416//2025
f 1416//2026 1517//2026 1518//2026
f 1416//2026 1518//2026 1415//2026
f 1415//2027 1518//2027 1519//2027
f 1415//2027 1519//2027 1414//2027
f 1414//2028 1519//2028 1520//2028
f 1414//2028 1520//2028 1413//2028
f 1413//2029 1520//2029 1521//2029
f 1413//2029 1521//2029 1412//2029
f 1412//2030 1521//2030 1522//2030
f 1412//2030 1522//2030 1411//2030
f 1411//2031 1522//2031 1523//2031
f 1411//2031 1523//2031 1410//2031
f 1410//2032 1523//2032 1524//2032
f 1410//2032 1524//2032 1408//2032
f 1408//2033 1524//2033 1525//2033
f 1408//2034 1525//2034 1409//2034
f 1409//2035 1525//2035 1526//2035
f 1409//2035 1526//2035 1407//2035
f 1407//2036 1526//2036 1527//2036
f 1407//2036 1527//2036 1406//2036
f 1406//2037 1527//2037 1528//2037
f 1406//2037 1528//2037 1405//2037
f 1405//2038 1528//2038 1529//2038
f 1405//2038 1529//2038 1404//2038
f 1404//2039 1529//2039 1530//2039
f 1404//2039 1530//2039 1403//2039
f 1403//2040 1530//2040 1531//2040
f 1403//2040 1531//2040 1402//2040
f 1402//2041 1531//2041 1532//2041
f 1402//2042 1532//2042 1401//2042
f 1401//2043 1532//2043 1533//2043
f 1401//2043 1533//2043 1400//2043
f 1400//2044 1533//2044 1534//2044
f 1400//2044 1534//2044 1399//2044
f 1399//2045 1534//2045 1535//2045
f 1399//2045 1535//2045 1398//2045
f 1398//2046 1535//2046 1536//2046
f 1398//2046 1536//2046 1397//2046
f 1397//2047 1536//2047 1537//2047
f 1397//2047 1537//2047 1396//2047
f 1396//2048 1537//2048 1538//2048
f 1396//2048 1538//2048 1395//2048
f 1395//2049 1538//2049 1539//2049
f 1395//2049 1539//2049 1394//2049
f 1394//2050 1539//2050 1540//2050
f 1394//2050 1540//2050 1393//2050
f 1393//2051 1540//2051 1541//2051
f 1393//2051 1541//2051 1392//2051
f 1392//2052 1541//2052 1542//2052
f 1392//2048 1542//2048 1391//2048
f 1391//2053 1542//2053 1543//2053
f 1391//2053 1543//2053 1390//2053
f 1390//2054 1543//2054 1544//2054
f 1390//2054 1544//2054 1389//2054
f 1389//2055 1544//2055 1545//2055
f 1389//2055 1545//2055 1388//2055
f 1388//2056 1545//2056 1546//2056
f 1388//2056 1546//2056 1387//2056
f 1387//2057 1546//2057 1547//2057
f 1387//2057 1547//2057 1385//2057
f 1385//2058 1547//2058 1548//2058
f 1385//2058 1548//2058 1386//2058
f 1386//2059 1548//2059 1549//2059
f 1386//2059 1549//2059 1384//2059
f 1384//2060 1549//2060 1550//2060
f 1384//2060 1550//2060 1383//2060
f 1383//2061 1550//2061 1551//2061
f 1383//2061 1551//2061 1382//2061
f 1382//2062 1551//2062 1552//2062
f 1382//2062 1552//2062 1381//2062
f 1381//2063 1552//2063 1553//2063
f 1381//2063 1553//2063 1380//2063
f 1380//2064 1553//2064 1554//2064
f 1380//2064 1554//2064 1379//2064
f 1379//2065 1554//2065 1555//2065
f 1379//2065 1555//2065 1378//2065
f 1378//2066 1555//2066 1556//2066
f 1378//2066 1556//2066 1377//2066
f 1377//2067 1556//2067 1557//2067
f 1377//2067 1557//2067 1376//2067
f 1376//2068 1557//2068 1558//2068
f 1376//2068 1558//2068 1375//2068
f 1375//2069 1558//2069 1559//2069
f 1375//2069 1559//2069 1374//2069
f 1374//2070 1559//2070 1560//2070
f 1374//2070 1560//2070 1373//2070
f 1373//2071 1560//2071 1561//2071
f 1373//2071 1561//2071 1372//2071
f 1372//2072 1561//2072 1562//2072
f 1372//2072 1562//2072 1371//2072
f 1371//2073 1562//2073 1367//2073
f 1371//2073 1367//2073 1366//2073
f 1366//2074 1367//2074 212//2074
f 1366//2075 212//2075 211//2075
f 1165//2076 1365//2076 1369//2076
f 1369//2077 1365//2077 1563//2077
f 1369//2077 1563//2077 1467//2077
f 1467//2078 1563//2078 1564//2078
f 1467//2078 1564//2078 1468//2078
f 1468//2079 1564//2079 1565//2079
f 1468//2079 1565//2079 1469//2079
f 1469//2080 1565//2080 1566//2080
f 1469//2081 1566//2081 1470//2081
f 1470//2082 1566//2082 1567//2082
f 1470//2082 1567//2082 1471//2082
f 1471//2083 1567//2083 1568//2083
f 1471//2083 1568//2083 1472//2083
f 1472//2084 1568//2084 1569//2084
f 1472//2084 1569//2084 1473//2084
f 1473//2085 1569//2085 1570//2085
f 1473//2085 1570//2085 1474//2085
f 1474//2086 1570//2086 1571//2086
f 1474//2086 1571//2086 1475//2086
f 1475//2087 1571//2087 1572//2087
f 1475//2087 1572//2087 1476//2087
f 1476//2088 1572//2088 1573//2088
f 1476//2088 1573//2088 1477//2088
f 1477//2089 1573//2089 1574//2089
f 1477//2089 1574//2089 1478//2089
f 1478//2090 1574//2090 1575//2090
f 1478//2090 1575//2090 1479//2090
f 1479//2091 1575//2091 1576//2091
f 1479//2091 1576//2091 1480//2091
f 1480//2092 1576//2092 1577//2092
f 1480//2092 1577//2092 1481//2092
f 1481//2093 1577//2093 1578//2093
f 1481//2093 1578//2093 1482//2093
f 1482//2094 1578//2094 1579//2094
f 1482//2094 1579//2094 1483//2094
f 1483//2095 1579//2095 1580//2095
f 1483//2095 1580//2095 1484//2095
f 1484//2096 1580//2096 1581//2096
f 1484//2096 1581//2096 1485//2096
f 1485//2097 1581//2097 1582//2097
f 1485//2098 1582//2098 1486//2098
f 1486//2099 1582//2099 1583//2099
f 1486//2099 1583//2099 1487//2099
f 1487//2100 1583//2100 1584//2100
f 1487//2100 1584//2100 1488//2100
f 1488//2101 1584//2101 1585//2101
f 1488//2101 1585//2101 1489//2101
f 1489//2102 1585//2102 1586//2102
f 1489//2102 1586//2102 1490//2102
f 1490//2103 1586//2103 1587//2103
f 1490//2103 1587//2103 1491//2103
f 1491//2104 1587//2104 1588//2104
f 1491//2105 1588//2105 1492//2105
f 1492//2106 1588//2106 1589//2106
f 1492//2106 1589//2106 1493//2106
f 1493//2107 1589//2107 1590//2107
f 1493//2107 1590//2107 1494//2107
f 1494//2108 1590//2108 1591//2108
f 1494//2108 1591//2108 1495//2108
f 1495//2109 1591//2109 1592//2109
f 1495//2109 1592//2109 1496//2109
f 1496//2110 1592//2110 1593//2110
f 1496//2110 1593//2110 1497//2110
f 1497//2111 1593//2111 1594//2111
f 1497//2111 1594//2111 1498//2111
f 1498//2112 1594//2112 1595//2112
f 1498//2112 1595//2112 1499//2112
f 1499//2113 1595//2113 1596//2113
f 1499//2113 1596//2113 1500//2113
f 1500//2114 1596//2114 1597//2114
f 1500//2114 1597//2114 1501//2114
f 1501//2115 1597//2115 1598//2115
f 1501//2115 1598//2115 1502//2115
f 1502//2116 1598//2116 1599//2116
f 1502//2116 1599//2116 1503//2116
f 1503//2117 1599//2117 1600//2117
f 1503//2117 1600//2117 1504//2117
f 1504//2118 1600//2118 1601//2118
f 1504//2118 1601//2118 1505//2118
f 1505//2119 1601//2119 1602//2119
f 1505//2120 1602//2120 1506//2120
f 1506//2121 1602//2121 1603//2121
f 1506//2122 1603//2122 1507//2122
f 1507//2123 1603//2123 1604//2123
f 1507//2124 1604//2124 1508//2124
f 1508//2125 1604//2125 1605//2125
f 1508//2126 1605//2126 1509//2126
f 1509//2127 1605//2127 1606//2127
f 1509//2127 1606//2127 1510//2127
f 1510//2128 1606//2128 1607//2128
f 1510//2128 1607//2128 1511//2128
f 1511//2129 1607//2129 1608//2129
f 1511//2129 1608//2129 1512//2129
f 1512//2130 1608//2130 1609//2130
f 1512//2131 1609//2131 1513//2131
f 1513//2132 1609//2132 1610//2132
f 1513//2133 1610//2133 1514//2133
f 1514//2134 1610//2134 1611//2134
f 1514//2134 1611//2134 1515//2134
f 1515//2123 1611//2123 1612//2123
f 1515//2123 1612//2123 1516//2123
f 1516//2135 1612//2135 1613//2135
f 1516//2135 1613//2135 1517//2135
f 1517//2136 1613//2136 1614//2136
f 1517//2136 1614//2136 1518//2136
f 1518//2137 1614//2137 1615//2137
f 1518//2137 1615//2137 1519//2137
f 1519//2138 1615//2138 1616//2138
f 1519//2138 1616//2138 1520//2138
f 1520//2139 1616//2139 1617//2139
f 1520//2139 1617//2139 1521//2139
f 1521//2140 1617//2140 1618//2140
f 1521//2140 1618//2140 1522//2140
f 1522//2141 1618//2141 1619//2141
f 1522//2141 1619//2141 1523//2141
f 1523//2142 1619//2142 1620//2142
f 1523//2142 1620//2142 1524//2142
f 1524//2143 1620//2143 1621//2143
f 1524//2143 1621//2143 1525//2143
f 1525//2144 1621//2144 1622//2144
f 1525//2145 1622//2145 1526//2145
f 1526//2146 1622//2146 1623//2146
f 1526//2146 1623//2146 1527//2146
f 1527//2147 1623//2147 1624//2147
f 1527//2147 1624//2147 1528//2147
f 1528//2148 1624//2148 1625//2148
f 1528//2148 1625//2148 1529//2148
f 1529//2149 1625//2149 1626//2149
f 1529//2149 1626//2149 1530//2149
f 1530//2150 1626//2150 1627//2150
f 1530//2150 1627//2150 1531//2150
f 1531//2151 1627//2151 1628//2151
f 1531//2151 1628//2151 1532//2151
f 1532//2152 1628//2152 1629//2152
f 1532//2152 1629//2152 1533//2152
f 1533//2153 1629//2153 1630//2153
f 1533//2153 1630//2153 1534//2153
f 1534//2154 1630//2154 1631//2154
f 1534//2154 1631//2154 1535//2154
f 1535//2155 1631//2155 1632//2155
f 1535//2155 1632//2155 1536//2155
f 1536//2156 1632//2156 1633//2156
f 1536//2156 1633//2156 1537//2156
f 1537//2157 1633//2157 1634//2157
f 1537//2157 1634//2157 1538//2157
f 1538//2158 1634//2158 1635//2158
f 1538//2158 1635//2158 1539//2158
f 1539//2159 1635//2159 1636//2159
f 1539//2159 1636//2159 1540//2159
f 1540//2160 1636//2160 1637//2160
f 1540//2160 1637//2160 1541//2160
f 1541//2157 1637//2157 1638//2157
f 1541//2157 1638//2157 1542//2157
f 1542//2161 1638//2161 1639//2161
f 1542//2161 1639//2161 1543//2161
f 1543//2162 1639//2162 1640//2162
f 1543//2162 1640//2162 1544//2162
f 1544//2163 1640//2163 1641//2163
f 1544//2163 1641//2163 1545//2163
f 1545//2164 1641//2164 1642//2164
f 1545//2165 1642//2165 1546//2165
f 1546//2166 1642//2166 1643//2166
f 1546//2166 1643//2166 1547//2166
f 1547//2167 1643//2167 1644//2167
f 1547//2167 1644//2167 1548//2167
f 1548//2168 1644//2168 1645//2168
f 1548//2168 1645//2168 1549//2168
f 1549//2169 1645//2169 1646//2169
f 1549//2169 1646//2169 1550//2169
f 1550//2170 1646//2170 1647//2170
f 1550//2170 1647//2170 1551//2170
f 1551//2171 1647//2171 1648//2171
f 1551//2171 1648//2171 1552//2171
f 1552//2172 1648//2172 1649//2172
f 1552//2172 1649//2172 1553//2172
f 1553//2173 1649//2173 1650//2173
f 1553//2173 1650//2173 1554//2173
f 1554//2174 1650//2174 1651//2174
f 1554//2174 1651//2174 1555//2174
f 1555//2175 1651//2175 1652//2175
f 1555//2175 1652//2175 1556//2175
f 1556//2176 1652//2176 1653//2176
f 1556//2176 1653//2176 1557//2176
f 1557//2177 1653//2177 1654//2177
f 1557//2177 1654//2177 1558//2177
f 1558//2178 1654//2178 1655//2178
f 1558//2178 1655//2178 1559//2178
f 1559//2179 1655//2179 1656//2179
f 1559//2179 1656//2179 1560//2179
f 1560//2180 1656//2180 1657//2180
f 1560//2180 1657//2180 1561//2180
f 1561//2181 1657//2181 1658//2181
f 1561//2182 1658//2182 1562//2182
f 1562//2183 1658//2183 1368//2183
f 1562//2183 1368//2183 1367//2183
f 1367//2184 1368//2184 202//2184
f 1367//2185 202//2185 214//2185
f 13//2186 1368//2186 133//2186
f 133//2187 1368//2187 1658//2187
f 133//2187 1658//2187 134//2187
f 134//2188 1658//2188 1657//2188
f 134//2188 1657//2188 135//2188
f 135//2189 1657//2189 1656//2189
f 135//2189 1656//2189 162//2189
f 162//2190 1656//2190 1655//2190
f 162//2190 1655//2190 163//2190
f 163//2191 1655//2191 1654//2191
f 163//2191 1654//2191 164//2191
f 164//2192 1654//2192 1653//2192
f 164//2192 1653//2192 139//2192
f 139//2193 1653//2193 1652//2193
f 139//2193 1652//2193 140//2193
f 140//2194 1652//2194 1651//2194
f 140//2194 1651//2194 141//2194
f 141//2195 1651//2195 1650//2195
f 141//2195 1650//2195 107//2195
f 107//2196 1650//2196 1649//2196
f 107//2196 1649//2196 108//2196
f 108//2197 1649//2197 1648//2197
f 108//2197 1648//2197 109//2197
f 109//2198 1648//2198 1647//2198
f 109//2198 1647//2198 131//2198
f 131//2199 1647//2199 1646//2199
f 131//2199 1646//2199 132//2199
f 132//2200 1646//2200 1645//2200
f 132//2200 1645//2200 93//2200
f 93//2201 1645//2201 1644//2201
f 93//2201 1644//2201 94//2201
f 94//2202 1644//2202 1643//2202
f 94//2202 1643//2202 95//2202
f 95//2203 1643//2203 1642//2203
f 95//2203 1642//2203 57//2203
f 57//2204 1642//2204 1641//2204
f 57//2204 1641//2204 58//2204
f 58//2205 1641//2205 1640//2205
f 58//2205 1640//2205 59//2205
f 59//2206 1640//2206 1639//2206
f 59//2206 1639//2206 60//2206
f 60//2207 1639//2207 1638//2207
f 60//2207 1638//2207 110//2207
f 110//2208 1638//2208 1637//2208
f 110//2208 1637//2208 111//2208
f 111//2209 1637//2209 1636//2209
f 111//2209 1636//2209 113//2209
f 113//2210 1636//2210 1635//2210
f 113//2210 1635//2210 89//2210
f 89//2211 1635//2211 1634//2211
f 89//2211 1634//2211 87//2211
f 87//2208 1634//2208 1633//2208
f 87//2208 1633//2208 85//2208
f 85//2207 1633//2207 1632//2207
f 85//2207 1632//2207 48//2207
f 48//2212 1632//2212 1631//2212
f 48//2212 1631//2212 46//2212
f 46//2213 1631//2213 1630//2213
f 46//2213 1630//2213 44//2213
f 44//2214 1630//2214 1629//2214
f 44//2215 1629//2215 42//2215
f 42//2216 1629//2216 1628//2216
f 42//2216 1628//2216 37//2216
f 37//2217 1628//2217 1627//2217
f 37//2217 1627//2217 38//2217
f 38//2218 1627//2218 1626//2218
f 38//2218 1626//2218 40//2218
f 40//2219 1626//2219 1625//2219
f 40//2219 1625//2219 41//2219
f 41//2220 1625//2220 1624//2220
f 41//2220 1624//2220 21//2220
f 21//2221 1624//2221 1623//2221
f 21//2221 1623//2221 22//2221
f 22//2222 1623//2222 1622//2222
f 22//2222 1622//2222 52//2222
f 52//2223 1622//2223 1621//2223
f 52//2223 1621//2223 53//2223
f 53//2224 1621//2224 1620//2224
f 53//2224 1620//2224 55//2224
f 55//2225 1620//2225 1619//2225
f 55//2225 1619//2225 56//2225
f 56//2226 1619//2226 1618//2226
f 56//2226 1618//2226 64//2226
f 64//2227 1618//2227 1617//2227
f 64//2227 1617//2227 65//2227
f 65//2228 1617//2228 1616//2228
f 65//2228 1616//2228 67//2228
f 67//2229 1616//2229 1615//2229
f 67//2229 1615//2229 68//2229
f 68//2230 1615//2230 1614//2230
f 68//2230 1614//2230 84//2230
f 84//2231 1614//2231 1613//2231
f 84//2231 1613//2231 83//2231
f 83//2232 1613//2232 1612//2232
f 83//2232 1612//2232 81//2232
f 81//2233 1612//2233 1611//2233
f 81//2233 1611//2233 90//2233
f 90//2234 1611//2234 1610//2234
f 90//2234 1610//2234 91//2234
f 91//2235 1610//2235 1609//2235
f 91//2235 1609//2235 92//2235
f 92//2236 1609//2236 1608//2236
f 92//2237 1608//2237 76//2237
f 76//2238 1608//2238 1607//2238
f 76//2238 1607//2238 77//2238
f 77//2239 1607//2239 1606//2239
f 77//2240 1606//2240 79//2240
f 79//2241 1606//2241 1605//2241
f 79//2241 1605//2241 80//2241
f 80//2242 1605//2242 1604//2242
f 80//2242 1604//2242 29//2242
f 29//2243 1604//2243 1603//2243
f 29//2243 1603//2243 30//2243
f 30//2244 1603//2244 1602//2244
f 30//2244 1602//2244 20//2244
f 20//2245 1602//2245 1601//2245
f 20//2245 1601//2245 18//2245
f 18//2246 1601//2246 1600//2246
f 18//2246 1600//2246 16//2246
f 16//2247 1600//2247 1599//2247
f 16//2247 1599//2247 24//2247
f 24//2248 1599//2248 1598//2248
f 24//2248 1598//2248 25//2248
f 25//2249 1598//2249 1597//2249
f 25//2249 1597//2249 27//2249
f 27//2250 1597//2250 1596//2250
f 27//2250 1596//2250 49//2250
f 49//2251 1596//2251 1595//2251
f 49//2251 1595//2251 50//2251
f 50//2252 1595//2252 1594//2252
f 50//2252 1594//2252 69//2252
f 69//2253 1594//2253 1593//2253
f 69//2253 1593//2253 70//2253
f 70//2254 1593//2254 1592//2254
f 70//2223 1592//2223 72//2223
f 72//2255 1592//2255 1591//2255
f 72//2255 1591//2255 74//2255
f 74//2256 1591//2256 1590//2256
f 74//2256 1590//2256 116//2256
f 116//2257 1590//2257 1589//2257
f 116//2257 1589//2257 117//2257
f 117//2195 1589//2195 1588//2195
f 117//2195 1588//2195 119//2195
f 119//2258 1588//2258 1587//2258
f 119//2258 1587//2258 121//2258
f 121//2259 1587//2259 1586//2259
f 121//2259 1586//2259 123//2259
f 123//2260 1586//2260 1585//2260
f 123//2260 1585//2260 125//2260
f 125//2261 1585//2261 1584//2261
f 125//2261 1584//2261 127//2261
f 127//2262 1584//2262 1583//2262
f 127//2262 1583//2262 169//2262
f 169//2263 1583//2263 1582//2263
f 169//2264 1582//2264 167//2264
f 167//2265 1582//2265 1581//2265
f 167//2265 1581//2265 146//2265
f 146//2266 1581//2266 1580//2266
f 146//2266 1580//2266 144//2266
f 144//2267 1580//2267 1579//2267
f 144//2267 1579//2267 142//2267
f 142//2268 1579//2268 1578//2268
f 142//2269 1578//2269 147//2269
f 147//2211 1578//2211 1577//2211
f 147//2211 1577//2211 174//2211
f 174//2270 1577//2270 1576//2270
f 174//2270 1576//2270 180//2270
f 180//2271 1576//2271 1575//2271
f 180//2271 1575//2271 185//2271
f 185//2272 1575//2272 1574//2272
f 185//2272 1574//2272 183//2272
f 183//2273 1574//2273 1573//2273
f 183//2274 1573//2274 188//2274
f 188//2275 1573//2275 1572//2275
f 188//2275 1572//2275 197//2275
f 197//2276 1572//2276 1571//2276
f 197//2276 1571//2276 195//2276
f 195//2277 1571//2277 1570//2277
f 195//2277 1570//2277 193//2277
f 193//2278 1570//2278 1569//2278
f 193//2278 1569//2278 179//2278
f 179//2279 1569//2279 1568//2279
f 179//2280 1568//2280 158//2280
f 158//2281 1568//2281 1567//2281
f 158//2282 1567//2282 156//2282
f 156//2283 1567//2283 1566//2283
f 156//2284 1566//2284 154//2284
f 154//2285 1566//2285 1565//2285
f 154//2285 1565//2285 152//2285
f 152//2286 1565//2286 1564//2286
f 152//2286 1564//2286 150//2286
f 150//2287 1564//2287 1563//2287
f 150//2287 1563//2287 99//2287
f 99//2288 1563//2288 1365//2288
f 99//2288 1365//2288 100//2288
f 100//2289 1365//2289 1169//2289
f 100//2290 1169//2290 101//2290
f 1363//2291 1362//2291 1659//2291
f 1360//2292 1660//2292 1361//2292
f 1356//2293 12//2293 98//2293
f 1661//2294 1662//2294 1204//2294
f 1663//2295 1180//2295 1179//2295
f 1183//2296 1182//2296 1664//2296
f 1664//2297 1182//2297 1181//2297
f 1183//2298 151//2298 1175//2298
f 1175//2299 151//2299 9//2299
f 1356//2300 98//2300 1355//2300
f 1360//2301 1359//2301 1665//2301
f 1665//2302 1359//2302 1358//2302
f 1665//2303 1358//2303 1357//2303
f 1204//2304 1236//2304 1661//2304
f 1661//2305 1236//2305 1237//2305
f 1661//2306 1237//2306 1666//2306
f 1666//2307 1237//2307 1235//2307
f 1666//2308 1235//2308 1667//2308
f 1667//2309 1235//2309 1234//2309
f 1667//2310 1234//2310 1668//2310
f 1234//2311 1233//2311 1668//2311
f 1668//2312 1233//2312 1232//2312
f 1668//2313 1232//2313 1669//2313
f 1669//2314 1232//2314 1231//2314
f 1669//2315 1231//2315 1670//2315
f 1670//2316 1231//2316 1230//2316
f 1670//2316 1230//2316 1671//2316
f 1671//2317 1230//2317 1229//2317
f 1671//2317 1229//2317 1672//2317
f 1672//2318 1229//2318 1228//2318
f 1672//2319 1228//2319 1673//2319
f 1228//2320 1227//2320 1673//2320
f 1673//2321 1227//2321 1222//2321
f 1673//2321 1222//2321 1674//2321
f 1674//2322 1222//2322 1223//2322
f 1674//2322 1223//2322 1675//2322
f 1675//2323 1223//2323 1224//2323
f 1675//2323 1224//2323 1676//2323
f 1676//2324 1224//2324 1225//2324
f 1676//2324 1225//2324 1677//2324
f 1677//2325 1225//2325 1226//2325
f 1677//2326 1226//2326 1678//2326
f 1678//2327 1226//2327 1219//2327
f 1678//2327 1219//2327 1679//2327
f 1679//2328 1219//2328 1220//2328
f 1679//2329 1220//2329 1680//2329
f 1220//2330 1221//2330 1680//2330
f 1680//2331 1221//2331 1216//2331
f 1680//2332 1216//2332 1681//2332
f 1681//2333 1216//2333 1217//2333
f 1681//2333 1217//2333 1682//2333
f 1682//2334 1217//2334 1218//2334
f 1682//2334 1218//2334 1683//2334
f 1683//2335 1218//2335 1215//2335
f 1683//2336 1215//2336 1684//2336
f 1684//2337 1215//2337 1214//2337
f 1684//2338 1214//2338 1685//2338
f 1685//2339 1214//2339 1213//2339
f 1685//2340 1213//2340 1686//2340
f 1213//2341 1212//2341 1686//2341
f 1686//2342 1212//2342 1211//2342
f 1686//2343 1211//2343 1687//2343
f 1687//2344 1211//2344 1210//2344
f 1687//2344 1210//2344 1688//2344
f 1688//2345 1210//2345 1238//2345
f 1688//2345 1238//2345 1689//2345
f 1689//2346 1238//2346 1239//2346
f 1689//2347 1239//2347 1690//2347
f 1239//2348 1241//2348 1690//2348
f 1690//2349 1241//2349 1243//2349
f 1690//2350 1243//2350 1691//2350
f 1243//2351 1244//2351 1691//2351
f 1691//2352 1244//2352 1245//2352
f 1691//2352 1245//2352 1692//2352
f 1692//2353 1245//2353 1247//2353
f 1692//2354 1247//2354 1693//2354
f 1693//2355 1247//2355 1249//2355
f 1693//2356 1249//2356 1694//2356
f 1249//2357 1256//2357 1694//2357
f 1694//2358 1256//2358 1255//2358
f 1694//2358 1255//2358 1695//2358
f 1695//2359 1255//2359 1253//2359
f 1695//2359 1253//2359 1696//2359
f 1696//2360 1253//2360 1251//2360
f 1696//2361 1251//2361 1697//2361
f 1251//2362 1250//2362 1697//2362
f 1697//2363 1250//2363 1257//2363
f 1697//2363 1257//2363 1698//2363
f 1698//2364 1257//2364 1259//2364
f 1698//2365 1259//2365 1699//2365
f 1699//2366 1259//2366 1261//2366
f 1699//2367 1261//2367 1700//2367
f 1261//2368 1264//2368 1700//2368
f 1700//2369 1264//2369 1263//2369
f 1700//2369 1263//2369 1701//2369
f 1701//2370 1263//2370 1269//2370
f 1701//2370 1269//2370 1702//2370
f 1702//2371 1269//2371 1268//2371
f 1702//2371 1268//2371 1703//2371
f 1703//2372 1268//2372 1266//2372
f 1703//2373 1266//2373 1704//2373
f 1704//2374 1266//2374 1272//2374
f 1704//2374 1272//2374 1705//2374
f 1705//2375 1272//2375 1271//2375
f 1705//2375 1271//2375 1706//2375
f 1706//2376 1271//2376 1275//2376
f 1706//2377 1275//2377 1707//2377
f 1275//2378 1274//2378 1707//2378
f 1707//2379 1274//2379 1278//2379
f 1707//2379 1278//2379 1708//2379
f 1708//2380 1278//2380 1277//2380
f 1708//2380 1277//2380 1709//2380
f 1709//2381 1277//2381 1283//2381
f 1709//2382 1283//2382 1710//2382
f 1283//2383 1282//2383 1710//2383
f 1710//2384 1282//2384 1280//2384
f 1710//2384 1280//2384 1711//2384
f 1711//2385 1280//2385 1288//2385
f 1711//2385 1288//2385 1712//2385
f 1712//2386 1288//2386 1287//2386
f 1712//2386 1287//2386 1713//2386
f 1713//2387 1287//2387 1285//2387
f 1713//2387 1285//2387 1714//2387
f 1714//2388 1285//2388 1291//2388
f 1714//2388 1291//2388 1715//2388
f 1715//2389 1291//2389 1290//2389
f 1715//2389 1290//2389 1716//2389
f 1716//2390 1290//2390 1294//2390
f 1716//2390 1294//2390 1717//2390
f 1717//2391 1294//2391 1293//2391
f 1717//2391 1293//2391 1718//2391
f 1718//2392 1293//2392 1297//2392
f 1718//2392 1297//2392 1719//2392
f 1719//2393 1297//2393 1296//2393
f 1719//2394 1296//2394 1720//2394
f 1720//2395 1296//2395 1300//2395
f 1720//2395 1300//2395 1721//2395
f 1721//2396 1300//2396 1299//2396
f 1721//2396 1299//2396 1722//2396
f 1722//2397 1299//2397 1305//2397
f 1722//2397 1305//2397 1723//2397
f 1723//2398 1305//2398 1304//2398
f 1723//2398 1304//2398 1724//2398
f 1724//2399 1304//2399 1302//2399
f 1724//2399 1302//2399 1725//2399
f 1725//2400 1302//2400 1301//2400
f 1725//2400 1301//2400 1726//2400
f 1726//2401 1301//2401 1306//2401
f 1726//2401 1306//2401 1727//2401
f 1727//2402 1306//2402 1308//2402
f 1727//2403 1308//2403 1728//2403
f 1308//2404 1309//2404 1728//2404
f 1728//2405 1309//2405 1311//2405
f 1728//2405 1311//2405 1729//2405
f 1729//2406 1311//2406 1313//2406
f 1729//2406 1313//2406 1730//2406
f 1730//2407 1313//2407 1314//2407
f 1730//2407 1314//2407 1731//2407
f 1731//2408 1314//2408 1316//2408
f 1731//2409 1316//2409 1732//2409
f 1732//2410 1316//2410 1317//2410
f 1732//2411 1317//2411 1733//2411
f 1733//2412 1317//2412 1208//2412
f 1208//2413 1207//2413 1733//2413
f 1733//2414 1207//2414 1320//2414
f 1733//2414 1320//2414 1734//2414
f 1734//2415 1320//2415 1322//2415
f 1324//2416 1735//2416 1322//2416
f 1322//2417 1735//2417 1736//2417
f 1322//2415 1736//2415 1734//2415
f 1324//2418 1326//2418 1735//2418
f 1735//2419 1326//2419 1327//2419
f 1735//2419 1327//2419 1737//2419
f 1737//2420 1327//2420 1330//2420
f 1737//2420 1330//2420 1738//2420
f 1738//2421 1330//2421 1332//2421
f 1334//2422 1739//2422 1332//2422
f 1332//2423 1739//2423 1740//2423
f 1332//2421 1740//2421 1738//2421
f 1334//2424 1336//2424 1739//2424
f 1739//2425 1336//2425 1338//2425
f 1739//2425 1338//2425 1741//2425
f 1741//2426 1338//2426 1341//2426
f 1741//2426 1341//2426 1742//2426
f 1742//2427 1341//2427 1342//2427
f 1742//2427 1342//2427 1743//2427
f 1743//2428 1342//2428 1744//2428
f 1342//2429 1344//2429 1744//2429
f 1744//2430 1344//2430 1345//2430
f 1744//2431 1345//2431 1745//2431
f 1745//2432 1345//2432 1347//2432
f 1347//2433 1349//2433 1745//2433
f 1745//2434 1349//2434 1350//2434
f 1745//2435 1350//2435 1746//2435
f 1746//2436 1350//2436 1352//2436
f 1746//2436 1352//2436 1659//2436
f 1659//2437 1352//2437 1354//2437
f 1659//2438 1354//2438 1363//2438
f 1361//2439 1660//2439 1362//2439
f 1362//2440 1660//2440 1747//2440
f 1362//2441 1747//2441 1659//2441
f 1659//2442 1747//2442 1748//2442
f 1659//2442 1748//2442 1746//2442
f 1746//2443 1748//2443 1749//2443
f 1746//2444 1749//2444 1745//2444
f 1745//2445 1749//2445 1750//2445
f 1745//2445 1750//2445 1744//2445
f 1744//2446 1750//2446 1751//2446
f 1744//2446 1751//2446 1743//2446
f 1743//2447 1751//2447 1752//2447
f 1743//2447 1752//2447 1742//2447
f 1742//2448 1752//2448 1753//2448
f 1742//2448 1753//2448 1741//2448
f 1741//2449 1753//2449 1754//2449
f 1741//2449 1754//2449 1739//2449
f 1739//2450 1754//2450 1755//2450
f 1739//2450 1755//2450 1740//2450
f 1740//2451 1755//2451 1756//2451
f 1740//2451 1756//2451 1738//2451
f 1738//2452 1756//2452 1757//2452
f 1738//2452 1757//2452 1737//2452
f 1737//2453 1757//2453 1758//2453
f 1737//2453 1758//2453 1735//2453
f 1735//2454 1758//2454 1759//2454
f 1735//2454 1759//2454 1736//2454
f 1736//2455 1759//2455 1760//2455
f 1736//2455 1760//2455 1734//2455
f 1734//2456 1760//2456 1761//2456
f 1734//2456 1761//2456 1733//2456
f 1733//2457 1761//2457 1762//2457
f 1733//2457 1762//2457 1732//2457
f 1732//2458 1762//2458 1763//2458
f 1732//2458 1763//2458 1731//2458
f 1731//2459 1763//2459 1764//2459
f 1731//2459 1764//2459 1730//2459
f 1730//2460 1764//2460 1765//2460
f 1730//2460 1765//2460 1729//2460
f 1729//2461 1765//2461 1766//2461
f 1729//2461 1766//2461 1728//2461
f 1728//2462 1766//2462 1767//2462
f 1728//2462 1767//2462 1727//2462
f 1727//2463 1767//2463 1768//2463
f 1727//2463 1768//2463 1726//2463
f 1726//2464 1768//2464 1769//2464
f 1726//2464 1769//2464 1725//2464
f 1725//2465 1769//2465 1770//2465
f 1725//2465 1770//2465 1724//2465
f 1724//2466 1770//2466 1771//2466
f 1724//2466 1771//2466 1723//2466
f 1723//2467 1771//2467 1772//2467
f 1723//2467 1772//2467 1722//2467
f 1722//2468 1772//2468 1773//2468
f 1722//2468 1773//2468 1721//2468
f 1721//2469 1773//2469 1774//2469
f 1721//2469 1774//2469 1720//2469
f 1720//2470 1774//2470 1775//2470
f 1720//2471 1775//2471 1719//2471
f 1719//2472 1775//2472 1776//2472
f 1719//2473 1776//2473 1718//2473
f 1718//2474 1776//2474 1777//2474
f 1718//2474 1777//2474 1717//2474
f 1717//2475 1777//2475 1778//2475
f 1717//2475 1778//2475 1716//2475
f 1716//2476 1778//2476 1779//2476
f 1716//2476 1779//2476 1715//2476
f 1715//2477 1779//2477 1780//2477
f 1715//2478 1780//2478 1714//2478
f 1714//2479 1780//2479 1781//2479
f 1714//2479 1781//2479 1713//2479
f 1713//2480 1781//2480 1782//2480
f 1713//2480 1782//2480 1712//2480
f 1712//2481 1782//2481 1783//2481
f 1712//2481 1783//2481 1711//2481
f 1711//2482 1783//2482 1784//2482
f 1711//2482 1784//2482 1710//2482
f 1710//2483 1784//2483 1785//2483
f 1710//2483 1785//2483 1709//2483
f 1709//2484 1785//2484 1786//2484
f 1709//2484 1786//2484 1708//2484
f 1708//2485 1786//2485 1787//2485
f 1708//2486 1787//2486 1707//2486
f 1707//2487 1787//2487 1788//2487
f 1707//2487 1788//2487 1706//2487
f 1706//2488 1788//2488 1789//2488
f 1706//2488 1789//2488 1705//2488
f 1705//2489 1789//2489 1790//2489
f 1705//2489 1790//2489 1704//2489
f 1704//2490 1790//2490 1791//2490
f 1704//2490 1791//2490 1703//2490
f 1703//2491 1791//2491 1792//2491
f 1703//2491 1792//2491 1702//2491
f 1702//2492 1792//2492 1793//2492
f 1702//2492 1793//2492 1701//2492
f 1701//2493 1793//2493 1794//2493
f 1701//2493 1794//2493 1700//2493
f 1700//2494 1794//2494 1795//2494
f 1700//2494 1795//2494 1699//2494
f 1699//2495 1795//2495 1796//2495
f 1699//2495 1796//2495 1698//2495
f 1698//2496 1796//2496 1797//2496
f 1698//2496 1797//2496 1697//2496
f 1697//2497 1797//2497 1798//2497
f 1697//2498 1798//2498 1696//2498
f 1696//2499 1798//2499 1799//2499
f 1696//2500 1799//2500 1695//2500
f 1695//2501 1799//2501 1800//2501
f 1695//2501 1800//2501 1694//2501
f 1694//2502 1800//2502 1801//2502
f 1694//2503 1801//2503 1693//2503
f 1693//2504 1801//2504 1802//2504
f 1693//2504 1802//2504 1692//2504
f 1692//2505 1802//2505 1803//2505
f 1692//2505 1803//2505 1691//2505
f 1691//2506 1803//2506 1804//2506
f 1691//2507 1804//2507 1690//2507
f 1690//2508 1804//2508 1805//2508
f 1690//2508 1805//2508 1689//2508
f 1689//2509 1805//2509 1806//2509
f 1689//2509 1806//2509 1688//2509
f 1688//2510 1806//2510 1807//2510
f 1688//2510 1807//2510 1687//2510
f 1687//2511 1807//2511 1808//2511
f 1687//2511 1808//2511 1686//2511
f 1686//2512 1808//2512 1809//2512
f 1686//2512 1809//2512 1685//2512
f 1685//2513 1809//2513 1810//2513
f 1685//2513 1810//2513 1684//2513
f 1684//2514 1810//2514 1811//2514
f 1684//2514 1811//2514 1683//2514
f 1683//2515 1811//2515 1812//2515
f 1683//2515 1812//2515 1682//2515
f 1682//2516 1812//2516 1813//2516
f 1682//2516 1813//2516 1681//2516
f 1681//2517 1813//2517 1814//2517
f 1681//2518 1814//2518 1680//2518
f 1680//2519 1814//2519 1815//2519
f 1680//2519 1815//2519 1679//2519
f 1679//2520 1815//2520 1816//2520
f 1679//2520 1816//2520 1678//2520
f 1678//2521 1816//2521 1817//2521
f 1678//2522 1817//2522 1677//2522
f 1677//2523 1817//2523 1818//2523
f 1677//2524 1818//2524 1676//2524
f 1676//2525 1818//2525 1819//2525
f 1676//2526 1819//2526 1675//2526
f 1675//2527 1819//2527 1820//2527
f 1675//2528 1820//2528 1674//2528
f 1674//2529 1820//2529 1821//2529
f 1674//2529 1821//2529 1673//2529
f 1673//2530 1821//2530 1822//2530
f 1673//2531 1822//2531 1672//2531
f 1672//2532 1822//2532 1823//2532
f 1672//2532 1823//2532 1671//2532
f 1671//2533 1823//2533 1824//2533
f 1671//2533 1824//2533 1670//2533
f 1670//2534 1824//2534 1825//2534
f 1670//2534 1825//2534 1669//2534
f 1669//2535 1825//2535 1826//2535
f 1669//2535 1826//2535 1668//2535
f 1668//2536 1826//2536 1827//2536
f 1668//2536 1827//2536 1667//2536
f 1667//2537 1827//2537 1828//2537
f 1667//2537 1828//2537 1666//2537
f 1666//2538 1828//2538 1829//2538
f 1666//2539 1829//2539 1661//2539
f 1661//2540 1829//2540 1663//2540
f 1661//2540 1663//2540 1662//2540
f 1662//2541 1663//2541 1179//2541
f 1662//2542 1179//2542 1204//2542
f 1360//2543 1665//2543 1660//2543
f 1660//2544 1665//2544 1830//2544
f 1660//2544 1830//2544 1747//2544
f 1747//2545 1830//2545 1831//2545
f 1747//2545 1831//2545 1748//2545
f 1748//2546 1831//2546 1832//2546
f 1748//2546 1832//2546 1749//2546
f 1749//2547 1832//2547 1833//2547
f 1749//2547 1833//2547 1750//2547
f 1750//2548 1833//2548 1834//2548
f 1750//2548 1834//2548 1751//2548
f 1751//2549 1834//2549 1835//2549
f 1751//2549 1835//2549 1752//2549
f 1752//2550 1835//2550 1836//2550
f 1752//2550 1836//2550 1753//2550
f 1753//2551 1836//2551 1837//2551
f 1753//2551 1837//2551 1754//2551
f 1754//2552 1837//2552 1838//2552
f 1754//2552 1838//2552 1755//2552
f 1755//2553 1838//2553 1839//2553
f 1755//2553 1839//2553 1756//2553
f 1756//2554 1839//2554 1840//2554
f 1756//2554 1840//2554 1757//2554
f 1757//2555 1840//2555 1841//2555
f 1757//2555 1841//2555 1758//2555
f 1758//2556 1841//2556 1842//2556
f 1758//2556 1842//2556 1759//2556
f 1759//2557 1842//2557 1843//2557
f 1759//2557 1843//2557 1760//2557
f 1760//2558 1843//2558 1844//2558
f 1760//2558 1844//2558 1761//2558
f 1761//2559 1844//2559 1845//2559
f 1761//2560 1845//2560 1762//2560
f 1762//2561 1845//2561 1846//2561
f 1762//2561 1846//2561 1763//2561
f 1763//2562 1846//2562 1847//2562
f 1763//2562 1847//2562 1764//2562
f 1764//2563 1847//2563 1848//2563
f 1764//2563 1848//2563 1765//2563
f 1765//2564 1848//2564 1849//2564
f 1765//2564 1849//2564 1766//2564
f 1766//2565 1849//2565 1850//2565
f 1766//2565 1850//2565 1767//2565
f 1767//2566 1850//2566 1851//2566
f 1767//2566 1851//2566 1768//2566
f 1768//2567 1851//2567 1852//2567
f 1768//2567 1852//2567 1769//2567
f 1769//2568 1852//2568 1853//2568
f 1769//2569 1853//2569 1770//2569
f 1770//2570 1853//2570 1854//2570
f 1770//2570 1854//2570 1771//2570
f 1771//2571 1854//2571 1855//2571
f 1771//2571 1855//2571 1772//2571
f 1772//2572 1855//2572 1856//2572
f 1772//2572 1856//2572 1773//2572
f 1773//2573 1856//2573 1857//2573
f 1773//2573 1857//2573 1774//2573
f 1774//2574 1857//2574 1858//2574
f 1774//2574 1858//2574 1775//2574
f 1775//2575 1858//2575 1859//2575
f 1775//2575 1859//2575 1776//2575
f 1776//2576 1859//2576 1860//2576
f 1776//2577 1860//2577 1777//2577
f 1777//2578 1860//2578 1861//2578
f 1777//2578 1861//2578 1778//2578
f 1778//2579 1861//2579 1862//2579
f 1778//2579 1862//2579 1779//2579
f 1779//2580 1862//2580 1863//2580
f 1779//2580 1863//2580 1780//2580
f 1780//2581 1863//2581 1864//2581
f 1780//2581 1864//2581 1781//2581
f 1781//2582 1864//2582 1865//2582
f 1781//2582 1865//2582 1782//2582
f 1782//2583 1865//2583 1866//2583
f 1782//2583 1866//2583 1783//2583
f 1783//2584 1866//2584 1867//2584
f 1783//2584 1867//2584 1784//2584
f 1784//2585 1867//2585 1868//2585
f 1784//2585 1868//2585 1785//2585
f 1785//2586 1868//2586 1869//2586
f 1785//2587 1869//2587 1786//2587
f 1786//2588 1869//2588 1870//2588
f 1786//2588 1870//2588 1787//2588
f 1787//2589 1870//2589 1871//2589
f 1787//2589 1871//2589 1788//2589
f 1788//2590 1871//2590 1872//2590
f 1788//2590 1872//2590 1789//2590
f 1789//2591 1872//2591 1873//2591
f 1789//2591 1873//2591 1790//2591
f 1790//2592 1873//2592 1874//2592
f 1790//2592 1874//2592 1791//2592
f 1791//2593 1874//2593 1875//2593
f 1791//2593 1875//2593 1792//2593
f 1792//2594 1875//2594 1876//2594
f 1792//2594 1876//2594 1793//2594
f 1793//2595 1876//2595 1877//2595
f 1793//2595 1877//2595 1794//2595
f 1794//2596 1877//2596 1878//2596
f 1794//2596 1878//2596 1795//2596
f 1795//2597 1878//2597 1879//2597
f 1795//2597 1879//2597 1796//2597
f 1796//2598 1879//2598 1880//2598
f 1796//2598 1880//2598 1797//2598
f 1797//2599 1880//2599 1881//2599
f 1797//2599 1881//2599 1798//2599
f 1798//2600 1881//2600 1882//2600
f 1798//2600 1882//2600 1799//2600
f 1799//2601 1882//2601 1883//2601
f 1799//2601 1883//2601 1800//2601
f 1800//2602 1883//2602 1884//2602
f 1800//2602 1884//2602 1801//2602
f 1801//2603 1884//2603 1885//2603
f 1801//2603 1885//2603 1802//2603
f 1802//2604 1885//2604 1886//2604
f 1802//2604 1886//2604 1803//2604
f 1803//2605 1886//2605 1887//2605
f 1803//2605 1887//2605 1804//2605
f 1804//2606 1887//2606 1888//2606
f 1804//2606 1888//2606 1805//2606
f 1805//2607 1888//2607 1889//2607
f 1805//2607 1889//2607 1806//2607
f 1806//2608 1889//2608 1890//2608
f 1806//2608 1890//2608 1807//2608
f 1807//2609 1890//2609 1891//2609
f 1807//2609 1891//2609 1808//2609
f 1808//2610 1891//2610 1892//2610
f 1808//2610 1892//2610 1809//2610
f 1809//2611 1892//2611 1893//2611
f 1809//2611 1893//2611 1810//2611
f 1810//2612 1893//2612 1894//2612
f 1810//2613 1894//2613 1811//2613
f 1811//2614 1894//2614 1895//2614
f 1811//2615 1895//2615 1812//2615
f 1812//2616 1895//2616 1896//2616
f 1812//2617 1896//2617 1813//2617
f 1813//2618 1896//2618 1897//2618
f 1813//2618 1897//2618 1814//2618
f 1814//2619 1897//2619 1898//2619
f 1814//2619 1898//2619 1815//2619
f 1815//2620 1898//2620 1899//2620
f 1815//2620 1899//2620 1816//2620
f 1816//2621 1899//2621 1900//2621
f 1816//2621 1900//2621 1817//2621
f 1817//2622 1900//2622 1901//2622
f 1817//2622 1901//2622 1818//2622
f 1818//2623 1901//2623 1902//2623
f 1818//2623 1902//2623 1819//2623
f 1819//2624 1902//2624 1903//2624
f 1819//2624 1903//2624 1820//2624
f 1820//2625 1903//2625 1904//2625
f 1820//2626 1904//2626 1821//2626
f 1821//2627 1904//2627 1905//2627
f 1821//2627 1905//2627 1822//2627
f 1822//2628 1905//2628 1906//2628
f 1822//2629 1906//2629 1823//2629
f 1823//2630 1906//2630 1907//2630
f 1823//2631 1907//2631 1824//2631
f 1824//2632 1907//2632 1908//2632
f 1824//2632 1908//2632 1825//2632
f 1825//2633 1908//2633 1909//2633
f 1825//2633 1909//2633 1826//2633
f 1826//2634 1909//2634 1910//2634
f 1826//2634 1910//2634 1827//2634
f 1827//2635 1910//2635 1911//2635
f 1827//2635 1911//2635 1828//2635
f 1828//2636 1911//2636 1912//2636
f 1828//2636 1912//2636 1829//2636
f 1829//2637 1912//2637 1664//2637
f 1829//2637 1664//2637 1663//2637
f 1663//2638 1664//2638 1181//2638
f 1663//2639 1181//2639 1180//2639
f 1183//2640 1664//2640 151//2640
f 151//2641 1664//2641 1912//2641
f 151//2641 1912//2641 153//2641
f 153//2642 1912//2642 1911//2642
f 153//2643 1911//2643 155//2643
f 155//2644 1911//2644 1910//2644
f 155//2644 1910//2644 157//2644
f 157//2645 1910//2645 1909//2645
f 157//2645 1909//2645 177//2645
f 177//2646 1909//2646 1908//2646
f 177//2647 1908//2647 178//2647
f 178//2648 1908//2648 1907//2648
f 178//2648 1907//2648 191//2648
f 191//2649 1907//2649 1906//2649
f 191//2649 1906//2649 192//2649
f 192//2650 1906//2650 1905//2650
f 192//2650 1905//2650 194//2650
f 194//2651 1905//2651 1904//2651
f 194//2651 1904//2651 196//2651
f 196//2652 1904//2652 1903//2652
f 196//2653 1903//2653 198//2653
f 198//2654 1903//2654 1902//2654
f 198//2654 1902//2654 199//2654
f 199//2655 1902//2655 1901//2655
f 199//2656 1901//2656 189//2656
f 189//2657 1901//2657 1900//2657
f 189//2657 1900//2657 190//2657
f 190//2658 1900//2658 1899//2658
f 190//2659 1899//2659 184//2659
f 184//2660 1899//2660 1898//2660
f 184//2660 1898//2660 186//2660
f 186//2661 1898//2661 1897//2661
f 186//2661 1897//2661 187//2661
f 187//2662 1897//2662 1896//2662
f 187//2662 1896//2662 181//2662
f 181//2663 1896//2663 1895//2663
f 181//2663 1895//2663 182//2663
f 182//2664 1895//2664 1894//2664
f 182//2664 1894//2664 175//2664
f 175//2665 1894//2665 1893//2665
f 175//2665 1893//2665 176//2665
f 176//2666 1893//2666 1892//2666
f 176//2666 1892//2666 148//2666
f 148//2667 1892//2667 1891//2667
f 148//2667 1891//2667 149//2667
f 149//2668 1891//2668 1890//2668
f 149//2669 1890//2669 143//2669
f 143//2670 1890//2670 1889//2670
f 143//2670 1889//2670 145//2670
f 145//2671 1889//2671 1888//2671
f 145//2671 1888//2671 165//2671
f 165//2672 1888//2672 1887//2672
f 165//2672 1887//2672 166//2672
f 166//2673 1887//2673 1886//2673
f 166//2673 1886//2673 168//2673
f 168//2674 1886//2674 1885//2674
f 168//2674 1885//2674 170//2674
f 170//2675 1885//2675 1884//2675
f 170//2675 1884//2675 171//2675
f 171//2676 1884//2676 1883//2676
f 171//2676 1883//2676 126//2676
f 126//2677 1883//2677 1882//2677
f 126//2677 1882//2677 124//2677
f 124//2678 1882//2678 1881//2678
f 124//2678 1881//2678 122//2678
f 122//2679 1881//2679 1880//2679
f 122//2680 1880//2680 120//2680
f 120//2681 1880//2681 1879//2681
f 120//2681 1879//2681 118//2681
f 118//2682 1879//2682 1878//2682
f 118//2682 1878//2682 75//2682
f 75//2683 1878//2683 1877//2683
f 75//2683 1877//2683 73//2683
f 73//2684 1877//2684 1876//2684
f 73//2684 1876//2684 71//2684
f 71//2685 1876//2685 1875//2685
f 71//2685 1875//2685 51//2685
f 51//2686 1875//2686 1874//2686
f 51//2686 1874//2686 26//2686
f 26//2687 1874//2687 1873//2687
f 26//2687 1873//2687 17//2687
f 17//2688 1873//2688 1872//2688
f 17//2688 1872//2688 19//2688
f 19//2689 1872//2689 1871//2689
f 19//2689 1871//2689 28//2689
f 28//2690 1871//2690 1870//2690
f 28//2691 1870//2691 78//2691
f 78//2692 1870//2692 1869//2692
f 78//2692 1869//2692 82//2692
f 82//2693 1869//2693 1868//2693
f 82//2693 1868//2693 66//2693
f 66//2694 1868//2694 1867//2694
f 66//2694 1867//2694 54//2694
f 54//2695 1867//2695 1866//2695
f 54//2695 1866//2695 23//2695
f 23//2696 1866//2696 1865//2696
f 23//2696 1865//2696 39//2696
f 39//2697 1865//2697 1864//2697
f 39//2697 1864//2697 43//2697
f 43//2698 1864//2698 1863//2698
f 43//2698 1863//2698 45//2698
f 45//2699 1863//2699 1862//2699
f 45//2699 1862//2699 47//2699
f 47//2700 1862//2700 1861//2700
f 47//2700 1861//2700 86//2700
f 86//2701 1861//2701 1860//2701
f 86//2701 1860//2701 88//2701
f 88//2672 1860//2672 1859//2672
f 88//2672 1859//2672 115//2672
f 115//2702 1859//2702 1858//2702
f 115//2702 1858//2702 114//2702
f 114//2703 1858//2703 1857//2703
f 114//2703 1857//2703 112//2703
f 112//2704 1857//2704 1856//2704
f 112//2704 1856//2704 14//2704
f 14//2705 1856//2705 1855//2705
f 14//2705 1855//2705 15//2705
f 15//2706 1855//2706 1854//2706
f 15//2706 1854//2706 31//2706
f 31//2707 1854//2707 1853//2707
f 31//2707 1853//2707 32//2707
f 32//2708 1853//2708 1852//2708
f 32//2708 1852//2708 33//2708
f 33//2709 1852//2709 1851//2709
f 33//2709 1851//2709 34//2709
f 34//2710 1851//2710 1850//2710
f 34//2710 1850//2710 35//2710
f 35//2711 1850//2711 1849//2711
f 35//2711 1849//2711 36//2711
f 36//2667 1849//2667 1848//2667
f 36//2667 1848//2667 61//2667
f 61//2712 1848//2712 1847//2712
f 61//2712 1847//2712 62//2712
f 62//2668 1847//2668 1846//2668
f 62//2668 1846//2668 63//2668
f 63//2713 1846//2713 1845//2713
f 63//2714 1845//2714 104//2714
f 104//2715 1845//2715 1844//2715
f 104//2715 1844//2715 105//2715
f 105//2716 1844//2716 1843//2716
f 105//2716 1843//2716 106//2716
f 106//2717 1843//2717 1842//2717
f 106//2717 1842//2717 128//2717
f 128//2718 1842//2718 1841//2718
f 128//2718 1841//2718 129//2718
f 129//2719 1841//2719 1840//2719
f 129//2719 1840//2719 130//2719
f 130//2720 1840//2720 1839//2720
f 130//2720 1839//2720 136//2720
f 136//2721 1839//2721 1838//2721
f 136//2721 1838//2721 137//2721
f 137//2722 1838//2722 1837//2722
f 137//2722 1837//2722 138//2722
f 138//2723 1837//2723 1836//2723
f 138//2723 1836//2723 159//2723
f 159//2678 1836//2678 1835//2678
f 159//2678 1835//2678 160//2678
f 160//2724 1835//2724 1834//2724
f 160//2724 1834//2724 161//2724
f 161//2725 1834//2725 1833//2725
f 161//2725 1833//2725 172//2725
f 172//2726 1833//2726 1832//2726
f 172//2726 1832//2726 173//2726
f 173//2689 1832//2689 1831//2689
f 173//2689 1831//2689 96//2689
f 96//2727 1831//2727 1830//2727
f 96//2727 1830//2727 97//2727
f 97//2728 1830//2728 1665//2728
f 97//2728 1665//2728 98//2728
f 98//2729 1665//2729 1357//2729
f 98//2730 1357//2730 1355//2730
