# Blender 5.0.1
# www.blender.org
mtllib MiddleTissue.mtl
o MiddleTissue
v -2.200000 0.820000 2.200000
v -2.200000 0.820000 -2.200000
v -2.200000 -0.750000 2.200000
v -2.200000 -0.750000 -2.200000
v 2.200000 0.820000 2.200000
v 2.200000 -0.750000 2.200000
v 2.200000 0.820000 -2.200000
v 2.200000 -0.750000 -2.200000
v 0.256813 0.820000 -2.000000
v 0.029484 0.820000 2.000000
v -2.000000 0.820000 2.000000
v 0.318697 0.820000 -1.999789
v 0.318897 0.820000 -2.000000
v -2.000000 0.820000 -2.000000
v 2.000000 0.820000 -2.000000
v 2.000000 0.820000 2.000000
v 0.267291 0.820000 2.000000
v 0.025242 0.820000 0.507985
v 0.014752 0.820000 0.586014
v -0.030943 0.820000 -0.608561
v -0.153645 0.820000 -0.558892
v -0.013723 0.820000 -0.586235
v -0.114249 0.820000 -0.461773
v -0.046635 0.820000 -0.631394
v -0.061009 0.820000 -0.654957
v -0.201306 0.820000 -0.676111
v -0.087691 0.820000 -0.394085
v 0.029158 0.820000 -0.538936
v 0.005579 0.820000 -0.563781
v 0.000536 0.820000 0.678322
v -0.023147 0.820000 0.818090
v -0.034180 0.820000 0.881658
v -0.074153 0.820000 -0.679373
v -0.086104 0.820000 -0.704737
v -0.208704 0.820000 -0.694684
v -0.096328 0.820000 -0.729691
v -0.105718 0.820000 -0.756349
v -0.238927 0.820000 -0.772920
v -0.044820 0.820000 0.943916
v -0.054814 0.820000 1.004585
v -0.064008 0.820000 1.063805
v 0.035113 0.820000 0.061338
v 0.362551 0.820000 -0.012099
v 0.029151 0.820000 0.015510
v 0.363857 0.820000 -0.021858
v 0.021599 0.820000 -0.029808
v 0.366887 0.820000 -0.051356
v 0.368319 0.820000 -0.079024
v 0.039480 0.820000 0.107079
v 0.349124 0.820000 0.059597
v 0.356968 0.820000 0.021877
v 0.368224 0.820000 -0.105054
v 0.366657 0.820000 -0.129626
v 0.012288 0.820000 -0.075714
v 0.363634 0.820000 -0.153033
v 0.363077 0.820000 -0.156325
v -0.113839 0.820000 -0.783670
v -0.120707 0.820000 -0.811651
v -0.263634 0.820000 -0.841407
v 0.024223 0.820000 1.989403
v 0.006000 0.820000 1.950976
v 0.317213 0.820000 -0.269432
v -0.013714 0.820000 -0.177576
v 0.327771 0.820000 -0.253051
v 0.001409 0.820000 -0.121698
v 0.331848 0.820000 -0.246011
v 0.340388 0.820000 -0.229383
v 0.161706 0.820000 0.729315
v 0.170459 0.820000 0.675029
v 0.359037 0.820000 -0.175857
v 0.353917 0.820000 -0.194459
v 0.347710 0.820000 -0.212263
v 0.154604 0.820000 0.784280
v -0.072269 0.820000 1.121693
v -0.079477 0.820000 1.178353
v -0.085527 0.820000 1.233873
v -0.095103 0.820000 1.503001
v -0.092692 0.820000 1.546835
v -0.088979 0.820000 1.590111
v 0.276678 0.820000 -0.318956
v -0.029580 0.820000 -0.229927
v 0.291649 0.820000 -0.302335
v 0.305166 0.820000 -0.285845
v 0.180873 0.820000 0.621308
v 0.192963 0.820000 0.568046
v 0.033019 0.820000 0.438464
v -0.126339 0.820000 -0.840293
v -0.130746 0.820000 -0.869592
v -0.282185 0.820000 -0.897428
v 0.199102 0.820000 -0.391246
v 0.165407 0.820000 -0.419477
v -0.047251 0.820000 -0.283351
v 0.129105 0.820000 -0.449531
v -0.066647 0.820000 -0.338002
v 0.089714 0.820000 -0.482874
v 0.056258 0.820000 -0.512802
v 0.260386 0.820000 -0.335657
v 0.256189 0.820000 -0.339778
v 0.229313 0.820000 -0.364872
v 0.143160 0.820000 0.954659
v 0.145331 0.820000 0.896795
v 0.149146 0.820000 0.840057
v -0.090326 0.820000 1.288334
v -0.093783 0.820000 1.341805
v -0.095820 0.820000 1.394351
v -0.083935 0.820000 1.632797
v -0.077525 0.820000 1.674905
v -0.069722 0.820000 1.716449
v 0.206797 0.820000 0.514977
v 0.218866 0.820000 0.473384
v 0.038559 0.820000 0.374781
v 0.236920 0.820000 0.415986
v 0.042131 0.820000 0.315454
v 0.257523 0.820000 0.354226
v 0.043906 0.820000 0.259575
v 0.280221 0.820000 0.287796
v 0.044003 0.820000 0.206516
v 0.304830 0.820000 0.214465
v 0.042507 0.820000 0.155807
v 0.324182 0.820000 0.152912
v 0.338487 0.820000 0.102501
v -0.096361 0.820000 1.446031
v -0.095337 0.820000 1.496895
v 0.165267 0.820000 1.338563
v 0.156626 0.820000 1.261797
v 0.150271 0.820000 1.191082
v 0.145920 0.820000 1.124707
v 0.143404 0.820000 1.061606
v 0.142641 0.820000 1.013833
v -0.060499 0.820000 1.757445
v -0.049833 0.820000 1.797909
v -0.037699 0.820000 1.837858
v 0.289757 0.820000 -1.968036
v 0.249749 0.820000 -1.995980
v 0.259967 0.820000 -1.932914
v 0.203438 0.820000 -1.969569
v 0.226662 0.820000 -1.890806
v 0.158796 0.820000 -1.943092
v 0.193703 0.820000 -1.846186
v -0.024075 0.820000 1.877310
v -0.008954 0.820000 1.916245
v 0.253272 0.820000 1.901315
v 0.235729 0.820000 1.790247
v -0.133936 0.820000 -0.899529
v -0.135463 0.820000 -0.921093
v -0.297425 0.820000 -0.948288
v -0.136644 0.820000 -0.955382
v -0.309902 0.820000 -0.995244
v -0.136375 0.820000 -0.990183
v -0.319974 0.820000 -1.039078
v -0.134691 0.820000 -1.025485
v -0.327903 0.820000 -1.080364
v -0.131622 0.820000 -1.061277
v -0.333879 0.820000 -1.119505
v -0.127198 0.820000 -1.097545
v -0.338058 0.820000 -1.156861
v -0.121445 0.820000 -1.134263
v -0.095939 0.820000 -1.248795
v -0.339869 0.820000 -1.277787
v -0.106906 0.820000 -1.205330
v -0.341304 0.820000 -1.244475
v -0.116268 0.820000 -1.162107
v -0.341198 0.820000 -1.210339
v -0.339530 0.820000 -1.175266
v -0.083417 0.820000 -1.292486
v -0.332403 0.820000 -1.342368
v -0.336902 0.820000 -1.310382
v 0.116297 0.820000 -1.916481
v 0.075270 0.820000 -1.889296
v 0.161351 0.820000 -1.799443
v 0.035755 0.820000 -1.861505
v 0.129836 0.820000 -1.750928
v 0.216365 0.820000 1.673957
v 0.192117 0.820000 1.526476
v 0.176708 0.820000 1.424461
v -0.069384 0.820000 -1.336383
v -0.325599 0.820000 -1.377260
v -0.326352 0.820000 -1.373860
v -0.002206 0.820000 -1.833070
v -0.038565 0.820000 -1.803952
v 0.099369 0.820000 -1.700966
v -0.053877 0.820000 -1.380466
v -0.309404 0.820000 -1.435910
v -0.318205 0.820000 -1.406829
v -0.052500 0.820000 -1.792231
v -0.080570 0.820000 -1.767537
v 0.070198 0.820000 -1.649956
v -0.036928 0.820000 -1.424711
v -0.287538 0.820000 -1.492822
v -0.299177 0.820000 -1.464581
v -0.018565 0.820000 -1.469092
v -0.260018 0.820000 -1.548110
v -0.274486 0.820000 -1.520657
v 0.001194 0.820000 -1.513579
v -0.239947 0.820000 -1.581907
v -0.244154 0.820000 -1.575166
v 0.022334 0.820000 -1.558138
v -0.201311 0.820000 -1.637409
v -0.221343 0.820000 -1.609930
v -0.107381 0.820000 -1.742409
v -0.132884 0.820000 -1.716851
v 0.044849 0.820000 -1.602732
v -0.157057 0.820000 -1.690845
v -0.179873 0.820000 -1.664372
v 1.214956 0.420000 -1.214956
v 1.214956 0.420000 1.214956
v 0.288847 0.817790 1.995663
v 0.285463 0.818448 1.996954
v 0.268952 0.819988 1.999976
v 0.282054 0.818987 1.998011
v 0.279464 0.819316 1.998659
v 0.275982 0.819655 1.999323
v 0.314521 0.808011 1.976470
v 0.310965 0.809966 1.980307
v 0.274690 0.819751 1.999511
v 0.272483 0.819878 1.999761
v 0.401296 0.756978 1.876312
v 0.296417 0.815845 1.991846
v 0.295585 0.816093 1.992332
v 0.292218 0.817007 1.994127
v 0.303762 0.813265 1.986783
v 0.302342 0.813822 1.987876
v 0.300110 0.814639 1.989480
v 0.736065 0.556249 1.482360
v 0.621830 0.624919 1.617132
v 0.507606 0.693592 1.751911
v 0.308601 0.811141 1.982614
v 0.307379 0.811712 1.983734
v 0.872616 0.475142 1.323178
v 0.842084 0.493118 1.358458
v 0.760772 0.541461 1.453336
v 0.967741 0.420000 1.214956
v 0.949865 0.430246 1.235064
v 0.576941 0.468793 -0.970847
v 0.670361 0.420000 -0.992095
v 0.673098 0.420000 -0.979406
v 0.502280 0.493190 -1.010129
v 0.538705 0.468793 -1.041206
v 0.615860 0.420000 -1.098172
v 0.614881 0.450496 -0.964113
v 0.626784 0.444397 -0.965381
v 0.626886 0.444397 -0.964386
v 0.552371 0.482516 -0.957494
v 0.555326 0.480991 -0.957967
v 0.555389 0.480991 -0.957556
v 0.527254 0.495477 -0.953475
v 0.525777 0.496239 -0.953238
v 0.525742 0.496239 -0.953424
v 0.490443 0.514537 -0.946826
v 0.490317 0.514537 -0.947564
v 0.484407 0.517586 -0.946618
v 0.519748 0.499289 -0.952863
v 0.508044 0.505388 -0.950349
v 0.507616 0.505388 -0.952078
v 0.493350 0.513012 -0.947483
v 0.496259 0.511487 -0.948188
v 0.496341 0.511487 -0.947835
v 0.455380 0.532834 -0.939035
v 0.449529 0.535884 -0.937778
v 0.449844 0.535884 -0.936437
v 0.449773 0.535884 -0.936645
v 0.438421 0.541983 -0.932847
v 0.438050 0.541983 -0.933808
v 0.435272 0.543508 -0.932694
v 0.397432 0.564283 -0.917379
v 0.397763 0.564092 -0.917553
v 0.397891 0.564092 -0.917320
v 0.390985 0.567904 -0.914376
v 0.393558 0.566379 -0.915905
v 0.393788 0.566379 -0.915468
v 0.389056 0.569048 -0.913229
v 0.389699 0.568667 -0.913611
v 0.389813 0.568667 -0.913383
v 0.379484 0.574766 -0.907420
v 0.379634 0.574766 -0.907231
v 0.380799 0.574003 -0.908171
v 0.378591 0.575338 -0.906741
v 0.378293 0.575528 -0.906514
v 0.378470 0.575528 -0.906291
v 0.522799 0.478132 -1.031538
v 0.523072 0.477942 -1.031794
v 0.523575 0.477942 -1.031237
v 0.438900 0.535884 -0.955331
v 0.447813 0.529785 -0.963321
v 0.447641 0.529785 -0.963514
v 0.436671 0.537408 -0.953333
v 0.438535 0.535884 -0.955745
v 0.172098 0.808012 -1.724328
v 0.142365 0.808012 -1.675570
v 0.609112 0.551370 -1.472783
v 0.113890 0.808012 -1.625776
v 0.089151 0.808011 -1.579683
v 0.708565 0.461795 -1.296983
v 0.064581 0.808011 -0.574135
v 0.090222 0.808011 -0.549412
v 0.341655 0.615172 -0.832483
v 0.122425 0.808011 -0.520607
v 0.397808 0.808013 0.070704
v 0.396936 0.808012 0.074497
v 1.138870 0.420000 0.246393
v 0.230632 0.808011 1.448277
v 0.960748 0.420000 1.146008
v 0.226147 0.808011 1.417420
v 0.214831 0.808011 1.332463
v 0.206310 0.808011 1.256761
v 0.201844 0.808011 1.209048
v 0.241441 0.808011 1.518664
v 0.265615 0.808011 1.665697
v 0.302652 0.808011 1.893870
v 0.285012 0.808011 1.782181
v 0.200059 0.808011 1.187207
v 0.956526 0.420000 1.087056
v 0.195789 0.808011 1.122073
v 0.194813 0.808011 1.102027
v 0.955576 0.420000 1.068152
v 0.193325 0.808011 1.060280
v 0.954404 0.420000 1.033041
v 0.192579 0.808011 1.013575
v 0.954067 0.420000 1.000833
v 0.192553 0.808011 0.999749
v 0.193086 0.808011 0.955808
v 0.954219 0.420000 0.982645
v 0.195202 0.808011 0.899401
v 0.955849 0.420000 0.935810
v 0.198917 0.808010 0.844161
v 0.959206 0.420000 0.891498
v 0.202400 0.808010 0.806721
v 0.959830 0.420000 0.885301
v 0.204225 0.808010 0.789910
v 0.964336 0.420000 0.848653
v 0.211128 0.808010 0.736489
v 0.214364 0.808011 0.715139
v 0.966529 0.420000 0.834077
v 0.219630 0.808011 0.683756
v 0.971140 0.420000 0.807454
v 0.229743 0.808011 0.631588
v 0.975658 0.420000 0.784989
v 0.231055 0.808011 0.625406
v 0.241482 0.808011 0.579872
v 0.979686 0.420000 0.767082
v 0.254916 0.808011 0.528339
v 0.987043 0.420000 0.738006
v 0.990817 0.420000 0.724463
v 0.266677 0.808011 0.487810
v 1.005955 0.420000 0.675088
v 1.031063 0.420000 0.599990
v 0.284405 0.808011 0.431446
v 0.279299 0.808011 0.447265
v 1.130677 0.420000 0.280220
v 0.386747 0.808011 0.115343
v 1.115968 0.420000 0.335746
v 0.372018 0.808011 0.167246
v 1.098253 0.420000 0.396660
v 0.352298 0.808011 0.229976
v 1.074140 0.420000 0.472679
v 0.327481 0.808011 0.303930
v 0.304809 0.808011 0.370286
v 1.143212 0.420000 0.227260
v 1.153881 0.420000 0.175232
v 0.406058 0.808012 0.031025
v 1.155576 0.420000 0.166101
v 0.412001 0.808011 -0.005126
v 1.162781 0.420000 0.123421
v 0.412668 0.808011 -0.009971
v 1.167398 0.420000 0.091460
v 0.413401 0.808011 -0.015591
v 1.169695 0.420000 0.073538
v 0.416312 0.808011 -0.043014
v 1.174821 0.420000 0.024699
v 0.416676 0.808011 -0.047488
v 1.178184 0.420000 -0.023710
v 0.418082 0.808011 -0.072382
v 1.179144 0.420000 -0.046087
v 0.418242 0.808011 -0.077800
v 1.179770 0.420000 -0.071358
v 0.418336 0.808011 -0.098557
v 1.179613 0.420000 -0.118326
v 0.418135 0.808011 -0.106709
v 0.417343 0.808011 -0.122465
v 1.177704 0.420000 -0.164838
v 0.416369 0.808011 -0.134387
v 1.174038 0.420000 -0.210864
v 0.415288 0.808011 -0.144398
v 1.171344 0.420000 -0.235410
v 0.412914 0.808011 -0.161120
v 1.168624 0.420000 -0.256390
v 0.412273 0.808011 -0.164909
v 1.161436 0.420000 -0.301514
v 1.152493 0.420000 -0.346105
v 0.408427 0.808011 -0.183980
v 0.407591 0.808011 -0.187536
v 1.141834 0.420000 -0.389988
v 0.403730 0.808011 -0.202182
v 1.129414 0.420000 -0.433332
v 0.402292 0.808011 -0.207051
v 1.061712 0.420000 -0.601357
v 0.382856 0.808011 -0.256288
v 1.081221 0.420000 -0.560513
v 0.385592 0.808010 -0.250609
v 1.090219 0.420000 -0.540053
v 0.390102 0.808010 -0.240555
v 1.099001 0.420000 -0.518900
v 0.394278 0.808010 -0.230304
v 1.115105 0.420000 -0.476412
v 0.396579 0.808010 -0.224180
v 0.401599 0.808011 -0.209303
v 0.846771 0.420000 -0.896760
v 0.305496 0.808011 -0.361080
v 0.880210 0.420000 -0.861521
v 0.313076 0.808011 -0.353146
v 0.897914 0.420000 -0.841785
v 0.325940 0.808011 -0.339001
v 0.911257 0.420000 -0.826351
v 0.329492 0.808011 -0.334919
v 0.940728 0.420000 -0.790363
v 0.342293 0.808011 -0.319428
v 0.968116 0.420000 -0.754239
v 0.344590 0.808011 -0.316498
v 0.976493 0.420000 -0.742587
v 0.355406 0.808011 -0.301953
v 0.993652 0.420000 -0.717707
v 0.358321 0.808011 -0.297787
v 1.009501 0.420000 -0.693389
v 0.366169 0.808011 -0.285925
v 1.017440 0.420000 -0.680664
v 0.370613 0.808011 -0.278712
v 1.039517 0.420000 -0.643071
v 0.375133 0.808011 -0.270923
v 0.375434 0.808011 -0.270388
v 0.126451 0.808011 -0.517129
v 0.623496 0.420000 -1.094070
v 0.161039 0.808011 -0.487925
v 0.671099 0.420000 -1.054270
v 0.197269 0.808011 -0.457931
v 0.725875 0.420000 -1.008482
v 0.231481 0.808011 -0.429265
v 0.733626 0.420000 -1.001848
v 0.237533 0.808011 -0.424091
v 0.771319 0.420000 -0.968777
v 0.262709 0.808011 -0.402002
v 0.797267 0.420000 -0.945025
v 0.277493 0.808011 -0.388460
v 0.810069 0.420000 -0.932939
v 0.291039 0.808011 -0.375546
v 0.295518 0.808011 -0.371148
v 0.622290 0.420000 -1.095112
v 0.596904 0.426099 -1.101850
v 0.588675 0.432198 -1.093154
v 0.572310 0.444397 -1.075674
v 0.539947 0.468793 -1.040365
v 0.473850 0.517586 -0.971071
v 0.024978 0.808011 -0.617797
v 0.042643 0.808011 -0.597250
v 0.320152 0.615173 -0.854744
v 0.326608 0.615173 -0.847562
v 0.356577 0.590776 -0.885821
v 0.299639 0.615173 -0.895772
v -0.058215 0.808011 -0.771754
v 0.302202 0.615173 -0.887265
v -0.049662 0.808011 -0.747473
v 0.304722 0.615173 -0.880365
v -0.040380 0.808010 -0.724820
v 0.306929 0.615173 -0.875190
v -0.029560 0.808009 -0.701860
v 0.295290 0.615173 -0.916354
v -0.071942 0.808011 -0.822413
v 0.297387 0.615173 -0.905093
v -0.065637 0.808011 -0.796729
v -0.084179 0.808011 -0.903779
v -0.081213 0.808011 -0.875942
v 0.293502 0.615173 -0.929877
v -0.077133 0.808011 -0.848815
v 0.292215 0.615173 -0.946241
v 0.291698 0.615173 -0.966193
v -0.085604 0.808011 -0.923906
v -0.086711 0.808011 -0.956033
v -0.067282 0.808011 -1.152400
v -0.072241 0.808011 -1.125726
v 0.681086 0.420000 -1.011037
v 0.677777 0.420000 -0.993833
v -0.058289 0.808011 -1.193918
v 0.683247 0.420000 -1.020587
v -0.047723 0.808011 -1.235793
v 0.687871 0.420000 -1.037928
v -0.035628 0.808011 -1.277991
v 0.691639 0.420000 -1.052057
v -0.022044 0.808011 -1.320484
v 0.697956 0.420000 -1.072319
v -0.007005 0.808012 -1.363240
v 0.703722 0.420000 -1.089207
v 0.002798 0.808013 -1.389249
v 0.713210 0.420000 -1.114783
v 0.009459 0.808013 -1.406227
v 0.719303 0.420000 -1.130136
v 0.027326 0.808013 -1.449406
v 0.736366 0.420000 -1.169897
v 0.042797 0.808012 -1.484464
v 0.046573 0.808012 -1.492738
v 0.737478 0.420000 -1.172348
v 0.067185 0.808011 -1.536179
v 0.757908 0.420000 -1.214956
v 0.742191 0.433113 -1.240690
v 0.658553 0.505954 -1.383649
v 0.670218 0.495496 -1.363125
v 0.197315 0.808011 -1.763363
v 0.594251 0.565379 -1.500278
v 0.585788 0.573434 -1.516088
v 0.298584 0.808011 -1.901249
v 0.266346 0.808011 -1.860491
v 0.506710 0.651650 -1.669594
v 0.251081 0.808011 -1.840182
v 0.538694 0.619352 -1.606205
v 0.234330 0.808011 -1.817146
v 0.202830 0.808011 -1.771635
v 0.463928 0.696417 -1.757454
v 0.428331 0.735243 -1.833654
v 0.327271 0.808011 -1.935074
v 0.390804 0.778003 -1.917575
v 0.354949 0.808011 -1.965443
v 0.365564 0.808011 -1.976470
v 0.521734 0.479086 -1.029955
v 0.522003 0.478895 -1.030215
v 0.521708 0.478895 -1.030515
v 0.521981 0.478704 -1.030771
v 0.522272 0.478704 -1.030475
v 0.522254 0.478514 -1.031026
v 0.522541 0.478514 -1.030735
v 0.522527 0.478323 -1.031282
v 0.525255 0.476417 -1.033841
v 0.524164 0.477180 -1.032817
v 0.524423 0.477180 -1.032556
v 0.536909 0.468793 -1.043338
v 0.536252 0.468793 -1.044001
v 0.527649 0.474892 -1.035677
v 0.523078 0.478132 -1.031256
v 0.523347 0.477942 -1.031516
v 0.502981 0.493190 -1.009550
v 0.523885 0.477561 -1.032036
v 0.522810 0.478323 -1.030996
v 0.520889 0.479467 -1.029747
v 0.519046 0.480991 -1.027354
v 0.521197 0.479467 -1.029435
v 0.396462 0.566379 -0.913067
v 0.469054 0.517586 -0.975762
v 0.431389 0.541983 -0.945819
v 0.448852 0.529785 -0.962195
v 0.436114 0.537790 -0.952834
v 0.436393 0.537599 -0.953084
v 0.435974 0.537599 -0.953559
v 0.434443 0.538933 -0.951336
v 0.435557 0.538171 -0.952334
v 0.435120 0.538171 -0.952831
v 0.521435 0.479086 -1.030259
v 0.522182 0.478895 -1.029988
v 0.521904 0.479086 -1.029739
v 0.523018 0.478323 -1.030737
v 0.522739 0.478514 -1.030488
v 0.523618 0.477561 -1.032306
v 0.524132 0.477561 -1.031736
v 0.525803 0.476417 -1.033234
v 0.524689 0.477180 -1.032236
v 0.501292 0.493190 -1.011261
v 0.501243 0.493190 -1.011324
v 0.519118 0.480991 -1.027242
v 0.518706 0.480991 -1.027700
v 0.521347 0.479467 -1.029239
v 0.523296 0.478132 -1.030987
v 0.522460 0.478704 -1.030238
v 0.528031 0.474892 -1.035232
v 0.466316 0.517586 -0.978571
v 0.501840 0.493190 -1.010707
v 0.373813 0.578578 -0.902532
v 0.383897 0.572479 -0.909129
v 0.379343 0.574956 -0.906996
v 0.379052 0.575147 -0.906761
v 0.379186 0.574956 -0.907193
v 0.378889 0.575147 -0.906967
v 0.374790 0.578578 -0.901360
v 0.378761 0.575338 -0.906526
v 0.009427 0.808011 -0.637957
v 0.316339 0.615173 -0.859445
v 0.354464 0.590776 -0.888411
v 0.435689 0.537790 -0.953317
v 0.436397 0.537599 -0.953043
v 0.436106 0.537790 -0.952808
v 0.436258 0.537408 -0.953802
v 0.439017 0.535884 -0.955158
v 0.436688 0.537408 -0.953278
v 0.448332 0.529785 -0.962675
v 0.430716 0.541983 -0.946342
v 0.433982 0.538933 -0.951860
v 0.435524 0.538171 -0.952338
v 0.434360 0.538933 -0.951399
v 0.429702 0.541983 -0.947640
v 0.429429 0.541983 -0.947975
v 0.393003 0.566379 -0.916898
v 0.383127 0.572479 -0.910050
v 0.392590 0.566379 -0.917376
v 0.383059 0.572479 -0.910135
v 0.380080 0.574384 -0.907872
v 0.380378 0.574194 -0.908098
v 0.380416 0.574194 -0.908041
v 0.379483 0.574766 -0.907417
v 0.379172 0.574956 -0.907210
v 0.475869 0.517586 -0.964837
v 0.393164 0.566379 -0.916567
v 0.472764 0.517586 -0.969804
v 0.468842 0.517586 -0.975308
v 0.466962 0.517586 -0.977711
v 0.465854 0.517586 -0.979052
v 0.380105 0.574384 -0.907833
v 0.380375 0.574194 -0.908068
v 0.380054 0.574384 -0.907877
v 0.379411 0.574766 -0.907495
v 0.379089 0.574956 -0.907304
v 0.378861 0.575147 -0.907001
v 0.382281 0.573050 -0.909289
v 0.381970 0.573241 -0.909081
v 0.382304 0.573050 -0.909215
v 0.382526 0.572860 -0.909561
v 0.382626 0.572860 -0.909406
v 0.382592 0.572860 -0.909497
v 0.373264 0.578578 -0.903258
v 0.378239 0.575528 -0.906586
v 0.378124 0.575528 -0.906730
v -0.017687 0.808009 -0.679804
v -0.004721 0.808010 -0.658546
v 0.311247 0.615173 -0.866973
v 0.313564 0.615173 -0.863331
v 0.352402 0.590776 -0.891439
v 0.353364 0.590776 -0.889949
v 0.372980 0.578578 -0.903672
v 0.388189 0.569429 -0.913240
v 0.429986 0.541983 -0.947341
v 0.382903 0.572669 -0.909705
v 0.382947 0.572669 -0.909597
v 0.382857 0.572669 -0.909735
v 0.380727 0.574003 -0.908249
v 0.380696 0.574003 -0.908259
v 0.380538 0.574003 -0.908518
v 0.378550 0.575338 -0.906794
v 0.378767 0.575147 -0.907112
v 0.377888 0.575528 -0.907129
v 0.379782 0.574575 -0.907646
v 0.379794 0.574575 -0.907625
v 0.379732 0.574575 -0.907686
v 0.385701 0.570954 -0.911577
v 0.388413 0.569429 -0.912847
v 0.388735 0.569238 -0.913038
v 0.388819 0.569238 -0.912862
v 0.383836 0.572097 -0.910329
v 0.384458 0.571716 -0.910745
v 0.384555 0.571716 -0.910553
v 0.385841 0.570954 -0.911318
v 0.385839 0.570954 -0.911298
v 0.388488 0.569429 -0.912688
v 0.388387 0.569429 -0.912918
v 0.388727 0.569238 -0.913076
v 0.372589 0.578578 -0.904349
v 0.351389 0.590776 -0.893230
v 0.308990 0.615173 -0.870991
v 0.414988 0.554181 -0.926587
v 0.404388 0.560280 -0.921028
v 0.389151 0.569048 -0.913036
v 0.389745 0.568667 -0.913547
v 0.389066 0.569048 -0.913233
v 0.383590 0.572288 -0.909980
v 0.383851 0.572097 -0.910256
v 0.383520 0.572288 -0.910082
v 0.382957 0.572479 -0.910403
v 0.383214 0.572479 -0.909913
v 0.383269 0.572479 -0.909788
v 0.383188 0.572479 -0.909908
v 0.383525 0.572288 -0.910121
v 0.383912 0.572097 -0.910171
v 0.384514 0.571716 -0.910603
v 0.372096 0.578578 -0.905373
v 0.380676 0.574003 -0.908325
v 0.381983 0.573241 -0.909024
v 0.382195 0.573050 -0.909387
v 0.381863 0.573241 -0.909213
v 0.381348 0.573622 -0.908665
v 0.381340 0.573622 -0.908642
v 0.381201 0.573622 -0.908866
v 0.350373 0.590776 -0.895312
v 0.415540 0.554181 -0.925494
v 0.414182 0.554944 -0.924865
v 0.412825 0.555706 -0.924237
v 0.412485 0.555897 -0.924079
v 0.412146 0.556087 -0.923922
v 0.411807 0.556278 -0.923765
v 0.411467 0.556468 -0.923608
v 0.411128 0.556659 -0.923451
v 0.410788 0.556850 -0.923293
v 0.410449 0.557040 -0.923136
v 0.410110 0.557231 -0.922979
v 0.407394 0.558755 -0.921722
v 0.408752 0.557993 -0.922350
v 0.409431 0.557612 -0.922665
v 0.482493 0.517586 -0.951622
v 0.437262 0.541983 -0.935555
v 0.480706 0.517586 -0.955676
v 0.436187 0.541983 -0.937706
v 0.478586 0.517586 -0.959945
v 0.395113 0.565617 -0.916163
v 0.395175 0.565617 -0.916062
v 0.393818 0.566379 -0.915434
v 0.394996 0.565617 -0.916550
v 0.398094 0.563902 -0.917727
v 0.398230 0.563902 -0.917477
v 0.398121 0.563902 -0.917803
v 0.398426 0.563711 -0.917900
v 0.398569 0.563711 -0.917634
v 0.398468 0.563711 -0.917942
v 0.396769 0.564664 -0.917032
v 0.397101 0.564474 -0.917205
v 0.397212 0.564474 -0.917006
v 0.397551 0.564283 -0.917163
v 0.397427 0.564283 -0.917524
v 0.397774 0.564092 -0.917664
v 0.396438 0.564855 -0.916858
v 0.396533 0.564855 -0.916691
v 0.396385 0.564855 -0.917107
v 0.401738 0.561805 -0.919638
v 0.404679 0.560280 -0.920464
v 0.404718 0.560280 -0.920447
v 0.415829 0.554181 -0.924901
v 0.414440 0.554944 -0.924344
v 0.413051 0.555706 -0.923787
v 0.412704 0.555897 -0.923648
v 0.412357 0.556087 -0.923509
v 0.412010 0.556278 -0.923370
v 0.411662 0.556468 -0.923231
v 0.411315 0.556659 -0.923091
v 0.410968 0.556850 -0.922952
v 0.410621 0.557040 -0.922813
v 0.410274 0.557231 -0.922674
v 0.409579 0.557612 -0.922395
v 0.408885 0.557993 -0.922117
v 0.407496 0.558755 -0.921560
v 0.432842 0.544842 -0.931720
v 0.432495 0.545032 -0.931581
v 0.426939 0.548082 -0.929354
v 0.391138 0.567904 -0.914078
v 0.391103 0.567904 -0.914176
v 0.393608 0.566379 -0.915993
v 0.396872 0.564664 -0.916848
v 0.397080 0.564474 -0.917385
v 0.396733 0.564664 -0.917246
v 0.393015 0.566379 -0.917653
v 0.398816 0.563520 -0.918081
v 0.399163 0.563330 -0.918220
v 0.398909 0.563520 -0.917791
v 0.399248 0.563330 -0.917949
v 0.398757 0.563520 -0.918074
v 0.399088 0.563330 -0.918248
v 0.433398 0.544651 -0.931366
v 0.433455 0.544651 -0.931185
v 0.434164 0.544270 -0.931422
v 0.433189 0.544651 -0.931859
v 0.433100 0.544842 -0.931066
v 0.432745 0.545032 -0.930948
v 0.427069 0.548082 -0.929048
v 0.415718 0.554181 -0.925250
v 0.426736 0.548082 -0.930181
v 0.432682 0.545032 -0.931149
v 0.432513 0.545032 -0.931745
v 0.433040 0.544842 -0.931258
v 0.401963 0.561805 -0.919206
v 0.401941 0.561805 -0.919334
v 0.404366 0.560280 -0.921451
v 0.392073 0.566379 -0.920797
v 0.408623 0.557993 -0.922876
v 0.409333 0.557612 -0.923113
v 0.415181 0.554181 -0.927053
v 0.407204 0.558755 -0.922401
v 0.410042 0.557231 -0.923351
v 0.410397 0.557040 -0.923469
v 0.410752 0.556850 -0.923588
v 0.411106 0.556659 -0.923707
v 0.411461 0.556468 -0.923825
v 0.411816 0.556278 -0.923944
v 0.412170 0.556087 -0.924063
v 0.412525 0.555897 -0.924182
v 0.412880 0.555706 -0.924300
v 0.414299 0.554944 -0.924775
v 0.458286 0.531309 -0.939494
v 0.455448 0.532834 -0.938544
v 0.458510 0.531309 -0.938784
v 0.461124 0.529785 -0.940444
v 0.483827 0.517586 -0.948041
v 0.461329 0.529785 -0.939802
v 0.484507 0.517586 -0.945822
v 0.459705 0.530547 -0.939969
v 0.460255 0.530356 -0.939477
v 0.459897 0.530547 -0.939369
v 0.460315 0.530356 -0.939272
v 0.459954 0.530547 -0.939175
v 0.460267 0.530356 -0.939468
v 0.459903 0.530547 -0.939380
v 0.459769 0.530547 -0.939978
v 0.458306 0.531309 -0.939664
v 0.455621 0.532834 -0.938002
v 0.438290 0.541983 -0.933309
v 0.433957 0.544270 -0.932136
v 0.433235 0.544651 -0.931941
v 0.437825 0.541983 -0.935264
v 0.435401 0.543508 -0.932527
v 0.391013 0.566379 -0.925207
v 0.484638 0.517586 -0.945321
v 0.461232 0.529785 -0.940292
v 0.461399 0.529785 -0.939566
v 0.460613 0.530166 -0.939586
v 0.490284 0.514537 -0.947386
v 0.490805 0.514346 -0.946866
v 0.490442 0.514537 -0.946778
v 0.490855 0.514346 -0.946656
v 0.490489 0.514537 -0.946578
v 0.490810 0.514346 -0.946894
v 0.491169 0.514156 -0.946954
v 0.491221 0.514156 -0.946735
v 0.491178 0.514156 -0.946963
v 0.529470 0.494333 -0.953829
v 0.529101 0.494524 -0.953770
v 0.529051 0.494524 -0.954043
v 0.508047 0.505388 -0.950401
v 0.531451 0.493190 -0.955378
v 0.531625 0.493190 -0.954524
v 0.530154 0.493952 -0.954249
v 0.527993 0.495096 -0.953593
v 0.527212 0.495477 -0.953699
v 0.527948 0.495096 -0.953836
v 0.525599 0.496239 -0.954121
v 0.433884 0.544270 -0.932138
v 0.435583 0.543508 -0.931897
v 0.460500 0.530166 -0.940135
v 0.460631 0.530166 -0.939556
v 0.460676 0.530166 -0.939370
v 0.528319 0.494905 -0.953962
v 0.528362 0.494905 -0.953652
v 0.528316 0.494905 -0.953905
v 0.528683 0.494714 -0.953974
v 0.528732 0.494714 -0.953711
v 0.528690 0.494714 -0.954011
v 0.491896 0.513774 -0.947131
v 0.493415 0.513012 -0.947206
v 0.493384 0.513012 -0.947376
v 0.496227 0.511487 -0.948509
v 0.493272 0.513012 -0.948037
v 0.484192 0.517586 -0.948103
v 0.527207 0.495477 -0.953814
v 0.525723 0.496239 -0.953617
v 0.531560 0.493190 -0.955237
v 0.483949 0.517586 -0.950165
v 0.507924 0.505388 -0.951254
v 0.519790 0.499289 -0.952829
v 0.519866 0.499289 -0.952292
v 0.527948 0.495096 -0.953913
v 0.529432 0.494333 -0.954109
v 0.529061 0.494524 -0.954060
v 0.530173 0.493952 -0.954208
v 0.550939 0.483279 -0.956965
v 0.551310 0.483088 -0.957014
v 0.551275 0.483088 -0.957337
v 0.551263 0.483088 -0.957317
v 0.550894 0.483279 -0.957258
v 0.549416 0.484041 -0.957021
v 0.551632 0.482898 -0.957376
v 0.552002 0.482707 -0.957435
v 0.552051 0.482707 -0.957113
v 0.552422 0.482516 -0.957162
v 0.552391 0.482516 -0.957456
v 0.555366 0.480991 -0.957773
v 0.550903 0.483279 -0.957298
v 0.549456 0.484041 -0.956768
v 0.543506 0.487091 -0.956076
v 0.531687 0.493190 -0.954184
v 0.576525 0.470127 -0.960362
v 0.578966 0.468793 -0.961750
v 0.576896 0.469937 -0.960411
v 0.577637 0.469556 -0.960510
v 0.576154 0.470318 -0.960313
v 0.575783 0.470508 -0.960264
v 0.575413 0.470699 -0.960214
v 0.574671 0.471080 -0.960116
v 0.573188 0.471843 -0.959919
v 0.567255 0.474892 -0.959131
v 0.530724 0.493190 -0.958334
v 0.578264 0.468793 -0.965435
v 0.491952 0.513774 -0.946892
v 0.491913 0.513774 -0.947101
v 0.531657 0.493190 -0.954405
v 0.543523 0.487091 -0.955980
v 0.543463 0.487091 -0.956505
v 0.549415 0.484041 -0.957139
v 0.555290 0.480991 -0.958693
v 0.551681 0.482898 -0.957063
v 0.552019 0.482707 -0.957417
v 0.551646 0.482898 -0.957377
v 0.529419 0.494333 -0.954111
v 0.530209 0.493952 -0.953948
v 0.531424 0.493190 -0.956795
v 0.483470 0.517586 -0.956474
v 0.567223 0.474892 -0.959642
v 0.573189 0.471843 -0.960116
v 0.579098 0.468793 -0.961590
v 0.574681 0.471080 -0.960235
v 0.575426 0.470699 -0.960294
v 0.575799 0.470508 -0.960324
v 0.576172 0.470318 -0.960353
v 0.576545 0.470127 -0.960383
v 0.601510 0.457357 -0.962789
v 0.600016 0.458120 -0.962709
v 0.600038 0.458120 -0.962251
v 0.597054 0.459644 -0.962014
v 0.597027 0.459644 -0.962211
v 0.608981 0.453545 -0.963189
v 0.605993 0.455070 -0.963029
v 0.606004 0.455070 -0.962726
v 0.631767 0.441919 -0.964408
v 0.631734 0.441919 -0.964772
v 0.632141 0.441728 -0.964428
v 0.632107 0.441728 -0.964801
v 0.632514 0.441538 -0.964448
v 0.629869 0.442872 -0.964623
v 0.631361 0.442109 -0.964742
v 0.631394 0.442109 -0.964388
v 0.633635 0.440966 -0.964508
v 0.633261 0.441156 -0.964488
v 0.633225 0.441156 -0.964890
v 0.602234 0.456976 -0.962766
v 0.602606 0.456785 -0.962806
v 0.602648 0.456785 -0.962459
v 0.602631 0.456785 -0.962849
v 0.602257 0.456976 -0.962829
v 0.602275 0.456976 -0.962429
v 0.601529 0.457357 -0.962370
v 0.601490 0.457357 -0.962687
v 0.600002 0.458120 -0.962528
v 0.603722 0.456214 -0.962925
v 0.604094 0.456023 -0.962964
v 0.604140 0.456023 -0.962577
v 0.604512 0.455833 -0.962607
v 0.604498 0.455833 -0.962949
v 0.605245 0.455451 -0.962989
v 0.608987 0.453545 -0.962963
v 0.605954 0.455070 -0.963162
v 0.608930 0.453545 -0.963479
v 0.576918 0.469937 -0.960413
v 0.577664 0.469556 -0.960472
v 0.579155 0.468793 -0.960591
v 0.579142 0.468789 -0.960605
v 0.591086 0.462691 -0.961540
v 0.567269 0.474892 -0.959041
v 0.573221 0.471843 -0.959675
v 0.574708 0.471080 -0.959834
v 0.575453 0.470699 -0.959913
v 0.575824 0.470508 -0.959953
v 0.576197 0.470318 -0.959992
v 0.576568 0.470127 -0.960032
v 0.576941 0.469937 -0.960072
v 0.577684 0.469556 -0.960151
v 0.483693 0.517586 -0.953000
v 0.632502 0.441538 -0.964882
v 0.632128 0.441728 -0.964872
v 0.629900 0.442872 -0.964308
v 0.631380 0.442109 -0.964852
v 0.629884 0.442872 -0.964813
v 0.633249 0.441156 -0.964901
v 0.632888 0.441347 -0.964468
v 0.632853 0.441347 -0.964861
v 0.633623 0.440966 -0.964911
v 0.634371 0.440585 -0.964931
v 0.632876 0.441347 -0.964892
v 0.626871 0.444397 -0.966188
v 0.631754 0.441919 -0.964862
v 0.638842 0.438297 -0.966188
v 0.635867 0.439822 -0.964970
v 0.638859 0.438297 -0.965049
v 0.635876 0.439822 -0.964628
v 0.638865 0.438297 -0.964787
v 0.635836 0.439822 -0.965098
v 0.591088 0.462694 -0.961540
v 0.597028 0.459644 -0.962549
v 0.591051 0.462694 -0.962229
v 0.626892 0.444397 -0.964735
v 0.603394 0.456404 -0.962518
v 0.603751 0.456214 -0.962909
v 0.603378 0.456404 -0.962889
v 0.602978 0.456595 -0.962845
v 0.603021 0.456595 -0.962488
v 0.603004 0.456595 -0.962869
v 0.603350 0.456404 -0.962885
v 0.603767 0.456214 -0.962548
v 0.604125 0.456023 -0.962929
v 0.614954 0.450496 -0.963437
v 0.614958 0.450496 -0.963508
v 0.638819 0.438297 -0.965335
v 0.650818 0.432198 -0.965427
v 0.650812 0.432198 -0.966188
v -0.084864 0.808011 -1.022146
v 0.578989 0.468793 -0.966189
v 0.483225 0.517586 -0.966190
v 0.606024 0.420000 -1.109581
v 0.603096 0.421525 -1.108352
v 0.604130 0.420763 -1.109433
v 0.604822 0.420000 -1.110855
v 0.604786 0.420000 -1.110890
v 0.601030 0.423050 -1.106186
v 0.536170 0.468793 -1.044076
v 0.604906 0.420191 -1.110245
v 0.604647 0.420381 -1.109974
v 0.605164 0.420000 -1.110515
v 0.604805 0.420000 -1.110872
v 0.604766 0.420000 -1.110911
v 0.604764 0.420000 -1.110913
v 0.373527 0.578578 -0.902894
v 0.525498 0.476417 -1.033597
v 0.527438 0.474892 -1.035888
v 0.536944 0.468793 -1.043222
v 0.606306 0.420000 -1.109276
v 0.651327 0.420000 -1.042729
v 0.640185 0.420000 -1.063215
v 0.628976 0.420000 -1.080668
v 0.665944 0.420000 -1.007330
v 0.659946 0.420000 -1.023662
v 0.496061 0.511487 -0.948950
v 0.579121 0.468793 -0.960707
v 0.605258 0.455451 -0.962666
v 0.604466 0.455833 -0.963004
v 0.605210 0.455451 -0.963083
v 0.634382 0.440585 -0.964548
v 0.633599 0.440966 -0.964920
v 0.634344 0.440585 -0.964979
v 0.674396 0.420000 -0.970453
v 0.650752 0.432198 -0.966284
v 0.674429 0.420000 -0.970140
v 0.674748 0.420000 -0.966264
v 0.632480 0.441538 -0.964831
v 0.626911 0.444397 -0.964148
v 0.674757 0.420000 -0.965966
v 0.674758 0.420000 -0.965955
v -0.086457 0.808011 -0.988784
v -0.077739 0.808011 -1.090644
v -0.081952 0.808011 -1.056106
v 0.675195 0.420000 -0.974315
v 0.674756 0.420000 -0.967028
v 0.354673 0.815124 -1.990429
v 0.356588 0.814339 -1.988889
v 0.364622 0.809058 -1.978524
v 0.348724 0.816983 -1.994078
v 0.351097 0.816329 -1.992796
v 0.352597 0.815860 -1.991874
v 0.358355 0.813503 -1.987249
v 0.359983 0.812614 -1.985503
v 0.361481 0.811665 -1.983642
v 0.332842 0.819469 -1.998957
v 0.336839 0.819079 -1.998192
v 0.340502 0.818601 -1.997255
v 0.343443 0.818120 -1.996310
v 0.363351 0.810243 -1.980851
v 0.361922 0.811357 -1.983038
v 0.323899 0.819938 -1.999877
v 0.328538 0.819757 -1.999523
v 0.345289 0.817766 -1.995615
v 0.346178 0.817580 -1.995250
v 0.238602 0.819675 -1.999362
v 0.183935 0.816015 -1.992179
v 0.203960 0.817724 -1.995533
v 0.175828 0.815220 -1.990618
v 0.218060 0.818689 -1.997427
v 0.223314 0.818993 -1.998023
v -0.841228 0.563731 -1.497044
v -0.787762 0.584950 -1.538688
v -0.998828 0.495250 -1.362642
v -0.946752 0.518853 -1.408965
v 0.117740 0.808011 -1.976470
v 0.140494 0.811134 -1.982599
v -1.214956 0.420000 -1.214956
v -1.152828 0.420000 -1.214956
v -1.101816 0.445809 -1.265609
v -0.775829 0.589544 -1.547705
v -0.724738 0.608629 -1.585160
v -0.673270 0.626899 -1.621017
v -0.230534 0.747550 -1.857808
v -0.189046 0.755988 -1.874370
v -0.168267 0.760068 -1.882377
v -0.103690 0.772164 -1.906117
v 0.147061 0.811966 -1.984231
v 0.162595 0.813804 -1.987839
v -1.057616 0.467470 -1.308121
v -1.050497 0.470897 -1.314847
v -0.910931 0.534531 -1.439735
v -0.894220 0.541689 -1.453784
v -0.657217 0.632403 -1.631820
v -0.621346 0.644374 -1.655314
v -0.599970 0.651292 -1.668892
v -0.013119 0.787786 -1.936776
v 0.029111 0.794592 -1.950134
v 0.061012 0.799551 -1.959867
v -0.432737 0.700033 -1.764551
v -0.405859 0.707023 -1.778269
v -0.375587 0.714633 -1.793205
v -0.349100 0.721071 -1.805840
v -0.316830 0.728647 -1.820709
v -0.290731 0.734566 -1.832326
v -0.084152 0.775661 -1.912979
v -0.047840 0.781970 -1.925361
v -0.568838 0.661082 -1.688105
v -0.543867 0.668690 -1.703038
v -0.515541 0.677065 -1.719473
v -0.488646 0.684768 -1.734592
v -0.461266 0.692368 -1.749508
v -0.366343 0.808011 -1.420123
v -0.356835 0.808011 -1.451538
v -0.375141 0.808010 -1.384522
v -0.374328 0.808010 -1.388192
v -1.150800 0.420000 -1.148334
v -0.390285 0.808011 -1.187338
v -0.386511 0.808011 -1.316118
v -0.389697 0.808011 -1.281117
v -0.390257 0.808011 -1.271880
v -0.391233 0.808011 -1.245464
v -0.391387 0.808011 -1.230986
v -0.391121 0.808011 -1.209065
v -0.381667 0.808010 -1.350554
v -0.319193 0.808011 -1.542912
v -0.333243 0.808010 -1.512949
v -0.338919 0.808010 -1.499688
v -0.345794 0.808010 -1.482495
v -0.303654 0.808011 -1.572397
v -0.286665 0.808010 -1.601372
v -0.282168 0.808010 -1.608579
v -0.262324 0.808010 -1.638470
v -0.241032 0.808011 -1.667676
v -0.218330 0.808011 -1.696231
v -0.199850 0.808011 -1.717864
v -0.194256 0.808011 -1.724164
v -0.168844 0.808011 -1.751504
v -0.142125 0.808011 -1.778280
v -0.114132 0.808011 -1.804517
v -0.084915 0.808011 -1.830219
v -0.070444 0.808011 -1.842392
v -0.032773 0.808011 -1.872561
v 0.006431 0.808011 -1.901928
v 0.089263 0.808011 -1.958469
v 0.047123 0.808011 -1.930547
v -1.143997 0.420000 -1.060986
v -0.387792 0.808011 -1.152346
v -0.389350 0.808011 -1.171823
v -0.377115 0.808011 -1.071878
v -0.379733 0.808011 -1.087747
v -1.131992 0.420000 -0.969383
v -0.383386 0.808011 -1.112952
v -0.386580 0.808011 -1.139920
v -0.368837 0.808011 -1.028768
v -1.113352 0.420000 -0.868713
v -0.358374 0.808011 -0.983230
v -1.090728 0.420000 -0.773322
v -0.353902 0.808011 -0.965656
v -0.310832 0.808011 -0.825091
v -0.329809 0.808011 -0.882399
v -1.062620 0.420000 -0.674418
v -0.334545 0.808011 -0.897621
v -0.345479 0.808011 -0.934697
v -1.028792 0.420000 -0.571203
v -0.988842 0.420000 -0.461885
v -0.285696 0.808011 -0.755413
v -0.255128 0.808011 -0.676280
v -0.939569 0.420000 -0.337117
v -0.247672 0.808011 -0.657562
v -0.199863 0.808011 -0.539979
v -0.880211 0.420000 -0.191478
v -0.160621 0.808012 -0.443245
v -0.134311 0.808011 -0.376185
v -0.834737 0.420000 -0.075535
v -0.121279 0.808011 -0.341771
v -0.808972 0.420000 -0.002795
v -0.094482 0.808011 -0.267132
v -0.113549 0.808011 -0.320851
v -0.059254 0.808011 -0.155177
v -0.061702 0.808011 -0.163753
v -0.792046 0.420000 0.052011
v -0.077178 0.808011 -0.214818
v -0.086188 0.808011 -0.242568
v -0.047009 0.808011 -0.109471
v -0.781912 0.420000 0.091131
v -0.036483 0.808011 -0.064977
v -0.775747 0.420000 0.120926
v -0.027507 0.808011 -0.020722
v -0.020249 0.808011 0.022829
v -0.771979 0.420000 0.145915
v -0.014514 0.808011 0.066916
v -0.769091 0.420000 0.175813
v -0.010304 0.808011 0.111009
v -0.007380 0.808011 0.158087
v -0.767447 0.420000 0.213446
v -0.005931 0.808011 0.207201
v -0.006025 0.808011 0.258732
v -0.767908 0.420000 0.263534
v -0.006791 0.808011 0.289032
v -0.007753 0.808011 0.313155
v -0.771588 0.420000 0.326513
v -0.011244 0.808011 0.371109
v -0.779525 0.420000 0.403748
v -0.016674 0.808011 0.433515
v -0.012564 0.808011 0.388136
v -0.793074 0.420000 0.501528
v -0.034672 0.808011 0.578871
v -0.024321 0.808011 0.501871
v -0.814101 0.420000 0.629799
v -0.048759 0.808011 0.670328
v -0.040276 0.808011 0.616539
v -0.104121 0.808011 0.996671
v -0.094066 0.808011 0.935625
v -0.851953 0.420000 0.850949
v -0.083388 0.808011 0.873152
v -0.072348 0.808011 0.809546
v -0.113398 0.808011 1.056424
v -0.875202 0.420000 1.003959
v -0.121755 0.808011 1.114993
v -0.889842 0.420000 1.123060
v -0.898526 0.420000 1.214956
v -0.877519 0.431562 1.237647
v -0.129068 0.808011 1.172475
v -0.135224 0.808011 1.228956
v -0.140117 0.808011 1.284512
v -0.143654 0.808011 1.339209
v -0.829360 0.457764 1.289072
v -0.145117 0.808011 1.372491
v -0.760500 0.494449 1.361070
v -0.145742 0.808011 1.393105
v -0.146299 0.808011 1.446255
v -0.691866 0.530037 1.430916
v -0.145243 0.808011 1.498704
v -0.623411 0.564497 1.498548
v -0.145002 0.808011 1.505009
v -0.580715 0.585437 1.539644
v -0.142508 0.808011 1.550329
v -0.548977 0.600713 1.569625
v -0.139578 0.808011 1.585859
v -0.495896 0.625691 1.618647
v -0.138662 0.808011 1.595166
v -0.442679 0.649990 1.666336
v -0.133425 0.808011 1.639477
v -0.414759 0.662430 1.690751
v -0.126759 0.808011 1.683265
v -0.389273 0.673596 1.712665
v -0.121460 0.808011 1.712401
v -0.335626 0.696495 1.757609
v -0.118632 0.808011 1.726533
v -0.109014 0.808011 1.769287
v -0.281678 0.718676 1.801141
v -0.097879 0.808011 1.811529
v -0.227366 0.740124 1.843235
v -0.092127 0.808011 1.831166
v -0.200162 0.750528 1.863654
v -0.085202 0.808011 1.853265
v -0.172625 0.760828 1.883868
v -0.070961 0.808011 1.894501
v -0.117380 0.780777 1.923022
v -0.061561 0.799965 1.960680
v -0.037272 0.808010 1.976470
v -0.039524 0.808010 1.971508
v -0.055154 0.808010 1.935204
v 0.024793 0.819922 1.999848
v 0.019603 0.819666 1.999346
v 0.013197 0.819127 1.998288
v 0.006437 0.818316 1.996695
v 0.003804 0.817937 1.995952
v -0.004128 0.816594 1.993315
v -0.007051 0.816025 1.992200
v -0.013030 0.814745 1.989687
v -0.017001 0.813809 1.987850
v -0.023982 0.812003 1.984305
v -0.027102 0.811130 1.982593
v -0.035330 0.808639 1.977703
v -1.214956 0.420000 1.214956
v 0.339941 0.816036 -1.979663
v 0.296021 0.811148 1.894870
v 0.289196 0.813827 1.895899
v 0.282208 0.816036 1.896952
v 0.275090 0.817764 1.898026
v 0.267872 0.819004 1.899114
v 0.260588 0.819751 1.900212
v 0.324069 0.819751 -1.994700
v 0.329416 0.819005 -1.989634
v 0.334714 0.817765 -1.984614
v 0.345070 0.813828 -1.974802
v 0.350081 0.811148 -1.970056
v 0.278394 0.811148 1.783264
v 0.259002 0.811148 1.666806
v 0.234818 0.811148 1.519712
v 0.219508 0.811148 1.418365
v 0.208175 0.811148 1.333282
v 0.193373 0.811148 1.187728
v 0.199638 0.811148 1.257437
v 0.189093 0.811148 1.122426
v 0.186621 0.811148 1.060458
v 0.185873 0.811148 1.013610
v 0.186381 0.811148 0.955654
v 0.188505 0.811148 0.899051
v 0.197562 0.811148 0.789154
v 0.192234 0.811148 0.843610
v 0.204491 0.811148 0.735525
v 0.213027 0.811148 0.682584
v 0.223180 0.811148 0.630208
v 0.234967 0.811148 0.578284
v 0.248454 0.811148 0.526545
v 0.278029 0.811148 0.429370
v 0.260256 0.811148 0.485873
v 0.298459 0.811148 0.368129
v 0.321135 0.811148 0.301764
v 0.345924 0.811148 0.227893
v 0.365594 0.811149 0.165321
v 0.380266 0.811148 0.113618
v 0.391270 0.811149 0.069213
v 0.399466 0.811149 0.029797
v 0.405360 0.811148 -0.006062
v 0.406748 0.811148 -0.016433
v 0.409990 0.811148 -0.048007
v 0.411538 0.811148 -0.077964
v 0.411433 0.811148 -0.106487
v 0.409693 0.811148 -0.133748
v 0.406296 0.811148 -0.160034
v 0.405666 0.811148 -0.163756
v 0.401071 0.811148 -0.185967
v 0.395196 0.811148 -0.207309
v 0.388024 0.811148 -0.227882
v 0.379522 0.811148 -0.247758
v 0.369581 0.811148 -0.267114
v 0.364860 0.811148 -0.275266
v 0.352801 0.811148 -0.293979
v 0.339296 0.811148 -0.312382
v 0.324410 0.811149 -0.330544
v 0.308188 0.811148 -0.348555
v 0.290800 0.811148 -0.366382
v 0.286359 0.811148 -0.370743
v 0.258224 0.811148 -0.397015
v 0.227133 0.811148 -0.424160
v 0.192990 0.811148 -0.452767
v 0.118032 0.811148 -0.515540
v 0.156751 0.811148 -0.482769
v 0.085661 0.811148 -0.544496
v 0.059824 0.811148 -0.569409
v 0.037665 0.811148 -0.592755
v 0.019781 0.811148 -0.613559
v 0.004006 0.811148 -0.634009
v -0.010350 0.811148 -0.654900
v -0.023505 0.811147 -0.676467
v -0.035548 0.811147 -0.698840
v -0.046520 0.811147 -0.722124
v -0.055928 0.811148 -0.745085
v -0.064594 0.811148 -0.769685
v -0.072110 0.811148 -0.794975
v -0.078490 0.811148 -0.820968
v -0.083741 0.811148 -0.847671
v -0.087864 0.811148 -0.875089
v -0.090861 0.811148 -0.903209
v -0.092299 0.811149 -0.923529
v -0.093416 0.811149 -0.955945
v -0.093160 0.811148 -0.988972
v -0.091555 0.811148 -1.022595
v -0.088623 0.811148 -1.056800
v -0.084381 0.811149 -1.091570
v -0.078849 0.811148 -1.126872
v -0.073860 0.811148 -1.153703
v -0.064818 0.811148 -1.195451
v -0.054198 0.811148 -1.237539
v -0.042045 0.811148 -1.279937
v -0.028401 0.811148 -1.322619
v -0.013300 0.811149 -1.365553
v 0.003230 0.811150 -1.408709
v 0.040479 0.811149 -1.495536
v 0.021163 0.811150 -1.452049
v 0.061162 0.811148 -1.539128
v 0.083201 0.811148 -1.582778
v 0.108023 0.811149 -1.629023
v 0.136592 0.811149 -1.678980
v 0.197260 0.811148 -1.775369
v 0.166423 0.811149 -1.727900
v 0.228874 0.811148 -1.821046
v 0.261017 0.811148 -1.864562
v 0.293398 0.811148 -1.905501
v 0.322233 0.811149 -1.939500
v 0.317048 0.813828 -1.944056
v 0.288061 0.813827 -1.909878
v 0.255533 0.813827 -1.868751
v 0.223259 0.813827 -1.825059
v 0.191527 0.813828 -1.779212
v 0.160582 0.813828 -1.731576
v 0.130649 0.813828 -1.682490
v 0.101984 0.813828 -1.632365
v 0.077079 0.813827 -1.585964
v 0.054963 0.813827 -1.542162
v 0.034207 0.813828 -1.498417
v 0.014821 0.813828 -1.454770
v -0.003181 0.813828 -1.411263
v -0.019778 0.813828 -1.367934
v -0.034944 0.813828 -1.324816
v -0.048650 0.813827 -1.281941
v -0.060862 0.813827 -1.239336
v -0.071537 0.813827 -1.197028
v -0.080631 0.813827 -1.155045
v -0.085649 0.813827 -1.128052
v -0.091216 0.813828 -1.092524
v -0.095487 0.813828 -1.057515
v -0.098442 0.813827 -1.023056
v -0.100059 0.813827 -0.989165
v -0.100317 0.813828 -0.955855
v -0.099190 0.813828 -0.923140
v -0.097738 0.813827 -0.902621
v -0.094710 0.813827 -0.874211
v -0.090541 0.813827 -0.846493
v -0.085230 0.813827 -0.819480
v -0.078772 0.813827 -0.793170
v -0.071159 0.813827 -0.767556
v -0.062378 0.813827 -0.742628
v -0.052839 0.813827 -0.719348
v -0.041711 0.813826 -0.695733
v -0.029492 0.813826 -0.673033
v -0.016143 0.813827 -0.651147
v -0.001574 0.813827 -0.629947
v 0.014432 0.813827 -0.609197
v 0.032543 0.813827 -0.588130
v 0.054928 0.813827 -0.564544
v 0.080967 0.813827 -0.539436
v 0.113512 0.813827 -0.510325
v 0.152338 0.813827 -0.477463
v 0.188586 0.813827 -0.447452
v 0.222658 0.813827 -0.418905
v 0.253608 0.813827 -0.391884
v 0.281543 0.813827 -0.365800
v 0.285944 0.813827 -0.361477
v 0.303157 0.813827 -0.343829
v 0.319180 0.813828 -0.326040
v 0.333847 0.813827 -0.308145
v 0.347119 0.813827 -0.290060
v 0.358938 0.813827 -0.271720
v 0.363557 0.813827 -0.263745
v 0.373274 0.813827 -0.244825
v 0.381588 0.813827 -0.225388
v 0.388606 0.813827 -0.205258
v 0.394360 0.813827 -0.184353
v 0.398867 0.813827 -0.162570
v 0.399486 0.813827 -0.158916
v 0.402822 0.813827 -0.133089
v 0.404535 0.813827 -0.106258
v 0.404639 0.813827 -0.078134
v 0.403108 0.813827 -0.048542
v 0.399901 0.813827 -0.017298
v 0.398526 0.813827 -0.007025
v 0.392681 0.813828 0.028532
v 0.384541 0.813828 0.067678
v 0.373596 0.813827 0.111844
v 0.358983 0.813828 0.163340
v 0.339363 0.813827 0.225749
v 0.314603 0.813827 0.299534
v 0.291924 0.813827 0.365910
v 0.271466 0.813827 0.427233
v 0.253648 0.813827 0.483879
v 0.241804 0.813827 0.524698
v 0.228261 0.813827 0.576649
v 0.216426 0.813827 0.628787
v 0.206231 0.813827 0.681378
v 0.197660 0.813827 0.734534
v 0.190704 0.813827 0.788376
v 0.185354 0.813827 0.843043
v 0.181612 0.813827 0.898691
v 0.179481 0.813827 0.955495
v 0.178971 0.813827 1.013645
v 0.179721 0.813827 1.060642
v 0.182200 0.813827 1.122790
v 0.186492 0.813827 1.188264
v 0.192771 0.813827 1.258133
v 0.201325 0.813827 1.334125
v 0.212675 0.813827 1.419338
v 0.228001 0.813827 1.520792
v 0.252195 0.813827 1.667948
v 0.271583 0.813827 1.784379
v 0.311740 0.816036 -1.948720
v 0.282597 0.816036 -1.914358
v 0.249917 0.816036 -1.873041
v 0.217510 0.816036 -1.829169
v 0.185657 0.816036 -1.783148
v 0.154601 0.816036 -1.735340
v 0.124565 0.816037 -1.686084
v 0.095802 0.816036 -1.635787
v 0.070810 0.816036 -1.589225
v 0.048616 0.816036 -1.545270
v 0.027786 0.816036 -1.501366
v 0.008327 0.816037 -1.457556
v -0.009746 0.816037 -1.413879
v -0.026411 0.816036 -1.370372
v -0.041643 0.816036 -1.327066
v -0.055413 0.816036 -1.283992
v -0.067684 0.816036 -1.241176
v -0.078417 0.816036 -1.198643
v -0.087563 0.816036 -1.156419
v -0.092612 0.816036 -1.129260
v -0.098215 0.816036 -1.093501
v -0.102516 0.816036 -1.058247
v -0.105493 0.816036 -1.023529
v -0.107123 0.816036 -0.989363
v -0.107383 0.816036 -0.955763
v -0.106246 0.816036 -0.922742
v -0.104778 0.816036 -0.902020
v -0.101720 0.816036 -0.873313
v -0.097504 0.816036 -0.845287
v -0.092131 0.816036 -0.817958
v -0.085593 0.816036 -0.791322
v -0.077881 0.816036 -0.765376
v -0.068982 0.816036 -0.740111
v -0.059310 0.816036 -0.716506
v -0.048021 0.816035 -0.692551
v -0.035623 0.816036 -0.669517
v -0.022074 0.816036 -0.647305
v -0.007287 0.816036 -0.625787
v 0.008956 0.816036 -0.604731
v 0.027298 0.816036 -0.583394
v 0.049916 0.816036 -0.559563
v 0.076160 0.816036 -0.534255
v 0.108883 0.816036 -0.504986
v 0.147818 0.816036 -0.472030
v 0.184078 0.816036 -0.442011
v 0.218076 0.816036 -0.413525
v 0.248883 0.816036 -0.386630
v 0.276611 0.816036 -0.360738
v 0.280973 0.816036 -0.356455
v 0.298007 0.816036 -0.338991
v 0.313825 0.816036 -0.321429
v 0.328268 0.816036 -0.303808
v 0.341302 0.816036 -0.286048
v 0.352876 0.816036 -0.268088
v 0.357389 0.816036 -0.260296
v 0.366878 0.816036 -0.241821
v 0.374999 0.816036 -0.222835
v 0.381859 0.816036 -0.203157
v 0.387489 0.816036 -0.182701
v 0.391906 0.816036 -0.161355
v 0.392512 0.816036 -0.157772
v 0.395788 0.816036 -0.132416
v 0.397472 0.816036 -0.106024
v 0.397574 0.816036 -0.078307
v 0.396063 0.816036 -0.049089
v 0.392890 0.816036 -0.018185
v 0.391528 0.816036 -0.008012
v 0.385734 0.816037 0.027238
v 0.377652 0.816037 0.066106
v 0.366767 0.816036 0.110026
v 0.352214 0.816036 0.161311
v 0.332646 0.816036 0.223555
v 0.307915 0.816036 0.297251
v 0.285232 0.816036 0.363637
v 0.264746 0.816036 0.425046
v 0.246883 0.816036 0.481838
v 0.234994 0.816036 0.522807
v 0.221395 0.816036 0.574976
v 0.209510 0.816036 0.627332
v 0.199273 0.816036 0.680143
v 0.190667 0.816036 0.733519
v 0.183682 0.816036 0.787579
v 0.178312 0.816036 0.842462
v 0.174555 0.816036 0.898322
v 0.172416 0.816036 0.955332
v 0.171904 0.816036 1.013682
v 0.172657 0.816036 1.060829
v 0.175143 0.816036 1.123163
v 0.179447 0.816036 1.188812
v 0.185741 0.816036 1.258846
v 0.194312 0.816036 1.334988
v 0.205679 0.816036 1.420335
v 0.221021 0.816036 1.521898
v 0.245226 0.816036 1.669117
v 0.264609 0.816036 1.785520
v 0.306332 0.817765 -1.953472
v 0.277030 0.817764 -1.918923
v 0.244196 0.817764 -1.877411
v 0.211654 0.817764 -1.833355
v 0.179677 0.817765 -1.787157
v 0.148509 0.817765 -1.739175
v 0.118366 0.817765 -1.689745
v 0.089503 0.817765 -1.639272
v 0.064423 0.817764 -1.592548
v 0.042150 0.817765 -1.548435
v 0.021244 0.817765 -1.504371
v 0.001711 0.817765 -1.460394
v -0.016433 0.817765 -1.416544
v -0.033167 0.817765 -1.372855
v -0.048467 0.817765 -1.329358
v -0.062302 0.817764 -1.286081
v -0.074635 0.817764 -1.243050
v -0.085425 0.817764 -1.200288
v -0.094625 0.817764 -1.157818
v -0.099705 0.817764 -1.130491
v -0.105345 0.817765 -1.094496
v -0.109676 0.817765 -1.058992
v -0.112675 0.817764 -1.024010
v -0.114320 0.817764 -0.989565
v -0.114582 0.817765 -0.955669
v -0.113433 0.817765 -0.922336
v -0.111951 0.817764 -0.901407
v -0.108860 0.817764 -0.872397
v -0.104598 0.817764 -0.844059
v -0.099161 0.817764 -0.816406
v -0.092541 0.817764 -0.789440
v -0.084729 0.817764 -0.763155
v -0.075709 0.817764 -0.737548
v -0.065901 0.817764 -0.713611
v -0.054450 0.817764 -0.689309
v -0.041868 0.817764 -0.665935
v -0.028116 0.817764 -0.643391
v -0.013106 0.817764 -0.621549
v 0.003377 0.817764 -0.600181
v 0.021955 0.817764 -0.578569
v 0.044809 0.817764 -0.554488
v 0.071264 0.817764 -0.528977
v 0.104167 0.817764 -0.499546
v 0.143215 0.817764 -0.466495
v 0.179485 0.817764 -0.436467
v 0.213408 0.817764 -0.408045
v 0.244068 0.817764 -0.381277
v 0.271587 0.817764 -0.355582
v 0.275908 0.817764 -0.351339
v 0.292760 0.817764 -0.334062
v 0.308369 0.817764 -0.316732
v 0.322585 0.817764 -0.299389
v 0.335376 0.817764 -0.281960
v 0.346700 0.817764 -0.264389
v 0.351106 0.817764 -0.256781
v 0.360361 0.817764 -0.238761
v 0.368285 0.817764 -0.220234
v 0.374985 0.817764 -0.201017
v 0.380490 0.817764 -0.181017
v 0.384814 0.817764 -0.160118
v 0.385408 0.817764 -0.156606
v 0.388622 0.817764 -0.131729
v 0.390276 0.817764 -0.105786
v 0.390377 0.817764 -0.078483
v 0.388885 0.817764 -0.049647
v 0.385748 0.817764 -0.019089
v 0.384400 0.817764 -0.009017
v 0.378657 0.817765 0.025919
v 0.370634 0.817765 0.064505
v 0.359810 0.817764 0.108175
v 0.345318 0.817764 0.159245
v 0.325803 0.817764 0.221318
v 0.301102 0.817764 0.294924
v 0.278416 0.817764 0.361322
v 0.257901 0.817764 0.422817
v 0.239990 0.817764 0.479758
v 0.228058 0.817764 0.520881
v 0.214401 0.817764 0.573271
v 0.202465 0.817764 0.625850
v 0.192184 0.817764 0.678885
v 0.183542 0.817764 0.732485
v 0.176528 0.817764 0.786767
v 0.171137 0.817764 0.841871
v 0.167366 0.817764 0.897946
v 0.165219 0.817764 0.955167
v 0.164705 0.817764 1.013719
v 0.165461 0.817764 1.061020
v 0.167954 0.817764 1.123543
v 0.172269 0.817764 1.189370
v 0.178578 0.817764 1.259572
v 0.187166 0.817764 1.335868
v 0.198552 0.817764 1.421350
v 0.213911 0.817764 1.523024
v 0.238126 0.817764 1.670307
v 0.257504 0.817764 1.786683
v 0.300849 0.819005 -1.958290
v 0.271385 0.819004 -1.923552
v 0.238396 0.819005 -1.881842
v 0.205715 0.819005 -1.837600
v 0.173615 0.819005 -1.791221
v 0.142332 0.819005 -1.743063
v 0.112082 0.819005 -1.693457
v 0.083117 0.819005 -1.642807
v 0.057948 0.819005 -1.595917
v 0.035595 0.819005 -1.551645
v 0.014611 0.819005 -1.507417
v -0.004996 0.819005 -1.463271
v -0.023213 0.819005 -1.419246
v -0.040018 0.819005 -1.375373
v -0.055387 0.819005 -1.331682
v -0.069287 0.819004 -1.288200
v -0.081683 0.819005 -1.244951
v -0.092531 0.819005 -1.201956
v -0.101784 0.819004 -1.159237
v -0.106897 0.819005 -1.131739
v -0.112574 0.819005 -1.095505
v -0.116936 0.819005 -1.059748
v -0.119958 0.819005 -1.024498
v -0.121616 0.819005 -0.989769
v -0.121880 0.819005 -0.955574
v -0.120721 0.819005 -0.921925
v -0.119224 0.819005 -0.900786
v -0.116100 0.819004 -0.871469
v -0.111790 0.819004 -0.842813
v -0.106288 0.819004 -0.814833
v -0.099587 0.819004 -0.787531
v -0.091673 0.819004 -0.760904
v -0.082530 0.819004 -0.734949
v -0.072585 0.819004 -0.710675
v -0.060968 0.819004 -0.686022
v -0.048200 0.819004 -0.662303
v -0.034242 0.819004 -0.639422
v -0.019007 0.819004 -0.617252
v -0.002280 0.819004 -0.595567
v 0.016537 0.819004 -0.573677
v 0.039632 0.819004 -0.549343
v 0.066300 0.819004 -0.523626
v 0.099386 0.819004 -0.494031
v 0.138547 0.819004 -0.460883
v 0.174828 0.819004 -0.430847
v 0.208676 0.819004 -0.402488
v 0.239187 0.819004 -0.375850
v 0.266494 0.819004 -0.350354
v 0.270773 0.819004 -0.346151
v 0.287440 0.819004 -0.329065
v 0.302838 0.819004 -0.311969
v 0.316823 0.819004 -0.294909
v 0.329367 0.819004 -0.277816
v 0.340438 0.819004 -0.260638
v 0.344735 0.819004 -0.253218
v 0.353754 0.819004 -0.235659
v 0.361479 0.819004 -0.217597
v 0.368016 0.819004 -0.198848
v 0.373393 0.819004 -0.179310
v 0.377623 0.819004 -0.158863
v 0.378205 0.819004 -0.155424
v 0.381356 0.819004 -0.131034
v 0.382981 0.819004 -0.105544
v 0.383080 0.819004 -0.078662
v 0.381608 0.819004 -0.050212
v 0.378506 0.819004 -0.020005
v 0.377172 0.819004 -0.010037
v 0.371482 0.819005 0.024582
v 0.363518 0.819005 0.062881
v 0.352757 0.819004 0.106298
v 0.338326 0.819004 0.157150
v 0.318865 0.819004 0.219051
v 0.294195 0.819004 0.292566
v 0.271504 0.819004 0.358975
v 0.250960 0.819004 0.420557
v 0.233002 0.819004 0.477649
v 0.221025 0.819004 0.518928
v 0.207309 0.819004 0.571543
v 0.195323 0.819004 0.624347
v 0.184998 0.819004 0.677609
v 0.176319 0.819004 0.731436
v 0.169276 0.819004 0.785945
v 0.163862 0.819004 0.841271
v 0.160076 0.819004 0.897566
v 0.157922 0.819004 0.954999
v 0.157406 0.819004 1.013757
v 0.158164 0.819004 1.061214
v 0.160665 0.819004 1.123928
v 0.164992 0.819004 1.189937
v 0.171316 0.819004 1.260308
v 0.179922 0.819004 1.336759
v 0.191326 0.819004 1.422379
v 0.206701 0.819004 1.524166
v 0.230927 0.819004 1.671515
v 0.250301 0.819004 1.787862
v 0.295315 0.819751 -1.963152
v 0.265689 0.819751 -1.928222
v 0.232542 0.819751 -1.886314
v 0.199723 0.819751 -1.841883
v 0.167497 0.819751 -1.795323
v 0.136098 0.819751 -1.746986
v 0.105740 0.819751 -1.697203
v 0.076672 0.819751 -1.646374
v 0.051413 0.819751 -1.599316
v 0.028979 0.819751 -1.554884
v 0.007918 0.819751 -1.510491
v -0.011765 0.819751 -1.466175
v -0.030055 0.819751 -1.421972
v -0.046932 0.819751 -1.377914
v -0.062369 0.819751 -1.334027
v -0.076336 0.819751 -1.290338
v -0.088794 0.819751 -1.246868
v -0.099703 0.819751 -1.203639
v -0.109010 0.819751 -1.160669
v -0.114154 0.819751 -1.132998
v -0.119869 0.819751 -1.096523
v -0.124262 0.819751 -1.060511
v -0.127308 0.819751 -1.024990
v -0.128979 0.819751 -0.989975
v -0.129246 0.819751 -0.955478
v -0.128075 0.819751 -0.921510
v -0.126563 0.819751 -0.900159
v -0.123407 0.819751 -0.870533
v -0.119048 0.819751 -0.841556
v -0.113481 0.819751 -0.813246
v -0.106696 0.819751 -0.785605
v -0.098679 0.819751 -0.758632
v -0.089413 0.819751 -0.732326
v -0.079329 0.819751 -0.707713
v -0.067545 0.819751 -0.682705
v -0.054590 0.819751 -0.658638
v -0.040424 0.819751 -0.635417
v -0.024962 0.819751 -0.612916
v -0.007988 0.819751 -0.590912
v 0.011070 0.819751 -0.568740
v 0.034407 0.819751 -0.544151
v 0.061290 0.819751 -0.518226
v 0.094561 0.819751 -0.488465
v 0.133837 0.819751 -0.455220
v 0.170128 0.819751 -0.425174
v 0.203900 0.819751 -0.396880
v 0.234261 0.819751 -0.370374
v 0.261353 0.819751 -0.345078
v 0.265591 0.819751 -0.340916
v 0.282071 0.819751 -0.324022
v 0.297256 0.819751 -0.307163
v 0.311007 0.819751 -0.290387
v 0.323303 0.819751 -0.273633
v 0.334119 0.819751 -0.256853
v 0.338306 0.819751 -0.249623
v 0.347086 0.819751 -0.232528
v 0.354610 0.819751 -0.214936
v 0.360982 0.819751 -0.196659
v 0.366231 0.819751 -0.177588
v 0.370367 0.819751 -0.157597
v 0.370936 0.819751 -0.154231
v 0.374023 0.819751 -0.130332
v 0.375619 0.819751 -0.105299
v 0.375716 0.819751 -0.078843
v 0.374264 0.819751 -0.050782
v 0.371198 0.819751 -0.020929
v 0.369878 0.819751 -0.011065
v 0.364242 0.819751 0.023232
v 0.356337 0.819751 0.061243
v 0.345638 0.819751 0.104404
v 0.331270 0.819751 0.155036
v 0.311863 0.819751 0.216763
v 0.287224 0.819751 0.290186
v 0.264530 0.819751 0.356606
v 0.243956 0.819751 0.418277
v 0.225950 0.819751 0.475522
v 0.213927 0.819751 0.516957
v 0.200153 0.819751 0.569798
v 0.188114 0.819751 0.622831
v 0.177745 0.819751 0.676322
v 0.169029 0.819751 0.730378
v 0.161956 0.819751 0.785114
v 0.156521 0.819751 0.840665
v 0.152720 0.819751 0.897181
v 0.150558 0.819751 0.954829
v 0.150040 0.819751 1.013795
v 0.150801 0.819751 1.061410
v 0.153309 0.819751 1.124316
v 0.157648 0.819751 1.190508
v 0.163988 0.819751 1.261051
v 0.172611 0.819751 1.337659
v 0.184033 0.819751 1.423418
v 0.199426 0.819751 1.525318
v 0.223662 0.819751 1.672733
v 0.243032 0.819751 1.789052
v -0.033410 0.811148 1.968751
v -0.027119 0.813827 1.965913
v -0.020677 0.816036 1.963008
v -0.014114 0.817764 1.960048
v 0.136302 0.811148 -1.980012
v 0.092893 0.811148 -1.952831
v 0.139893 0.813827 -1.974117
v 0.143570 0.816036 -1.968083
v 0.192402 0.817764 -1.988675
v 0.147316 0.817764 -1.961935
v 0.196053 0.819004 -1.982355
v -0.007460 0.819004 1.957047
v 0.010997 0.819004 1.995969
v -0.078823 0.811148 1.851196
v -0.064665 0.811148 1.892193
v -0.048950 0.811148 1.932658
v -0.112064 0.811148 1.725179
v -0.102499 0.811148 1.767697
v -0.091427 0.811148 1.809700
v -0.120148 0.811148 1.682142
v -0.126779 0.811148 1.638580
v -0.131990 0.811148 1.594487
v -0.135818 0.811148 1.549860
v -0.138301 0.811148 1.504739
v -0.138541 0.811148 1.498461
v -0.139593 0.811148 1.446225
v -0.139038 0.811149 1.393273
v -0.136956 0.811149 1.339557
v -0.133431 0.811148 1.285025
v -0.128550 0.811148 1.229617
v -0.122409 0.811148 1.173265
v -0.115110 0.811149 1.115893
v -0.106765 0.811149 1.057415
v -0.097500 0.811148 0.997734
v -0.087453 0.811148 0.936738
v -0.076780 0.811148 0.874295
v -0.065741 0.811149 0.810693
v -0.042139 0.811148 0.671402
v -0.028035 0.811149 0.579830
v -0.017665 0.811148 0.502692
v -0.010001 0.811148 0.434179
v -0.004556 0.811148 0.371602
v -0.001054 0.811149 0.313463
v 0.000680 0.811149 0.258845
v 0.000774 0.811148 0.207109
v -0.000681 0.811148 0.157781
v -0.003618 0.811148 0.110481
v -0.007849 0.811148 0.066167
v -0.013615 0.811148 0.021846
v -0.020913 0.811148 -0.021942
v -0.029934 0.811148 -0.066419
v -0.040508 0.811148 -0.111113
v -0.055258 0.811148 -0.165609
v -0.070786 0.811148 -0.216847
v -0.088140 0.811148 -0.269310
v -0.107250 0.811148 -0.323154
v -0.128051 0.811148 -0.378589
v -0.154393 0.811149 -0.445733
v -0.193657 0.811148 -0.542518
v -0.241446 0.811148 -0.660052
v -0.248894 0.811148 -0.678752
v -0.279415 0.811148 -0.757764
v -0.304494 0.811148 -0.827282
v -0.323413 0.811148 -0.884417
v -0.370507 0.811148 -1.073017
v -0.362275 0.811148 -1.030152
v -0.351865 0.811148 -0.984843
v -0.339025 0.811148 -0.936522
v -0.376738 0.811148 -1.113832
v -0.381113 0.811148 -1.152952
v -0.382660 0.811148 -1.172285
v -0.384529 0.811148 -1.245331
v -0.384417 0.811148 -1.209236
v -0.339534 0.811148 -1.480089
v -0.350466 0.811148 -1.449439
v -0.359878 0.811148 -1.418338
v -0.367785 0.811148 -1.386724
v -0.368589 0.811148 -1.383090
v -0.375052 0.811148 -1.349455
v -0.379849 0.811148 -1.315347
v -0.383005 0.811148 -1.280670
v -0.213166 0.811148 -1.691953
v -0.235698 0.811148 -1.663612
v -0.256821 0.811148 -1.634637
v -0.276498 0.811148 -1.604997
v -0.280957 0.811148 -1.597853
v -0.297794 0.811148 -1.569135
v -0.313189 0.811148 -1.539923
v -0.327105 0.811148 -1.510246
v 0.050903 0.811148 -1.925008
v 0.010369 0.811148 -1.896499
v -0.028668 0.811148 -1.867258
v -0.066163 0.811148 -1.837230
v -0.080562 0.811148 -1.825118
v -0.109625 0.811148 -1.799551
v -0.137460 0.811148 -1.773463
v -0.164015 0.811148 -1.746851
v -0.189260 0.811148 -1.719689
v 0.100455 0.816036 -1.941086
v 0.104352 0.817764 -1.935033
v 0.058776 0.816036 -1.913469
v 0.062834 0.817764 -1.907522
v 0.018571 0.816036 -1.885193
v 0.022798 0.817764 -1.879365
v -0.020118 0.816036 -1.856212
v -0.015711 0.817764 -1.850519
v -0.057246 0.816036 -1.826478
v -0.052650 0.817764 -1.820936
v -0.071495 0.816036 -1.814492
v -0.066822 0.817764 -1.809016
v -0.100237 0.816036 -1.789207
v -0.095399 0.817764 -1.783876
v -0.127741 0.816036 -1.763429
v -0.122732 0.817764 -1.758258
v -0.153956 0.816036 -1.737158
v -0.148772 0.817764 -1.732162
v -0.178855 0.816036 -1.710370
v -0.173492 0.817764 -1.705567
v -0.202409 0.816036 -1.683041
v -0.196865 0.817764 -1.678448
v -0.224587 0.816036 -1.655145
v -0.218861 0.817764 -1.650782
v -0.245358 0.816036 -1.626654
v -0.239450 0.817764 -1.622540
v -0.264688 0.816036 -1.597537
v -0.258602 0.817764 -1.593692
v -0.269066 0.816036 -1.590523
v -0.262937 0.817764 -1.586745
v -0.285589 0.816036 -1.562342
v -0.279298 0.817764 -1.558841
v -0.300684 0.816036 -1.533698
v -0.294239 0.817764 -1.530490
v -0.314321 0.816036 -1.504616
v -0.307732 0.817764 -1.501715
v -0.326494 0.816036 -1.475079
v -0.319774 0.817764 -1.472496
v -0.337198 0.816036 -1.445068
v -0.330361 0.817764 -1.442815
v -0.346414 0.816036 -1.414619
v -0.339474 0.817764 -1.412703
v -0.354154 0.816036 -1.383666
v -0.347130 0.817764 -1.382090
v -0.354942 0.816036 -1.380108
v -0.347909 0.817764 -1.378571
v -0.361272 0.816036 -1.347165
v -0.354170 0.817764 -1.345985
v -0.365973 0.816036 -1.313743
v -0.358821 0.817764 -1.312916
v -0.369068 0.816036 -1.279739
v -0.361884 0.817764 -1.279258
v -0.370562 0.816036 -1.245054
v -0.363365 0.817764 -1.244912
v -0.370453 0.816036 -1.209593
v -0.363256 0.817764 -1.209776
v -0.368725 0.816036 -1.173249
v -0.361543 0.817764 -1.173745
v -0.367202 0.816036 -1.154215
v -0.360032 0.817764 -1.154866
v -0.362890 0.816036 -1.115665
v -0.355753 0.817764 -1.116610
v -0.356741 0.816036 -1.075391
v -0.349647 0.817764 -1.076614
v -0.348608 0.816036 -1.033036
v -0.341564 0.817764 -1.034522
v -0.338307 0.816036 -0.988204
v -0.331319 0.817764 -0.989936
v -0.325584 0.816036 -0.940324
v -0.318657 0.817764 -0.942283
v -0.310092 0.816036 -0.888621
v -0.303227 0.817764 -0.890788
v -0.291292 0.816036 -0.831846
v -0.284487 0.817764 -0.834198
v -0.266333 0.816036 -0.762661
v -0.259591 0.817764 -0.765185
v -0.235908 0.816036 -0.683900
v -0.229216 0.817764 -0.686553
v -0.228477 0.816036 -0.665241
v -0.221792 0.817764 -0.667915
v -0.180729 0.816036 -0.547809
v -0.174066 0.817764 -0.550535
v -0.141423 0.816036 -0.450915
v -0.134737 0.817765 -0.453586
v -0.115010 0.816036 -0.383596
v -0.108289 0.817764 -0.386176
v -0.094131 0.816036 -0.327952
v -0.087370 0.817764 -0.330424
v -0.074929 0.816036 -0.273847
v -0.068119 0.817764 -0.276185
v -0.057473 0.816036 -0.221073
v -0.050611 0.817764 -0.223251
v -0.041835 0.816036 -0.169476
v -0.034917 0.817764 -0.171469
v -0.026964 0.816036 -0.114533
v -0.019984 0.817764 -0.116296
v -0.016292 0.816036 -0.069422
v -0.009261 0.817764 -0.070970
v -0.007177 0.816036 -0.024483
v -0.000098 0.817764 -0.025793
v 0.000203 0.816036 0.019799
v 0.007324 0.817764 0.018744
v 0.006032 0.816036 0.064606
v 0.013186 0.817764 0.063802
v 0.010307 0.816036 0.109382
v 0.017483 0.817764 0.108815
v 0.013273 0.816036 0.157143
v 0.020465 0.817764 0.156814
v 0.014741 0.816036 0.206917
v 0.021940 0.817764 0.206818
v 0.014647 0.816036 0.259081
v 0.021845 0.817764 0.259202
v 0.012899 0.816036 0.314107
v 0.020090 0.817764 0.314438
v 0.009375 0.816036 0.372629
v 0.016555 0.817764 0.373158
v 0.003899 0.816036 0.435564
v 0.011063 0.817764 0.436277
v -0.003801 0.816036 0.504402
v 0.003343 0.817764 0.505284
v -0.014210 0.816036 0.581828
v -0.007085 0.817764 0.582858
v -0.028351 0.816036 0.673637
v -0.021244 0.817764 0.674790
v -0.051979 0.816036 0.813083
v -0.044886 0.817764 0.814315
v -0.063016 0.816036 0.876673
v -0.055922 0.817764 0.877899
v -0.073678 0.816036 0.939057
v -0.066579 0.817764 0.940253
v -0.083708 0.816036 0.999948
v -0.076600 0.817764 1.001088
v -0.092950 0.816036 1.059480
v -0.085830 0.817764 1.060544
v -0.101268 0.816036 1.117767
v -0.094134 0.817764 1.118733
v -0.108537 0.816036 1.174909
v -0.101388 0.817764 1.175756
v -0.114649 0.816036 1.230992
v -0.107485 0.817764 1.231701
v -0.119503 0.816036 1.286094
v -0.112325 0.817764 1.286645
v -0.123007 0.816036 1.340284
v -0.115818 0.817764 1.340658
v -0.125074 0.816036 1.393621
v -0.117878 0.817764 1.393801
v -0.125625 0.816036 1.446162
v -0.118425 0.817764 1.446130
v -0.124582 0.816036 1.497956
v -0.117387 0.817764 1.497694
v -0.124344 0.816036 1.504178
v -0.117150 0.817764 1.503888
v -0.121884 0.816036 1.548882
v -0.114702 0.817764 1.548378
v -0.118093 0.816036 1.593073
v -0.110931 0.817764 1.592345
v -0.112936 0.816036 1.636711
v -0.105801 0.817764 1.635748
v -0.106376 0.816036 1.679804
v -0.099278 0.817764 1.678599
v -0.098383 0.816036 1.722358
v -0.091332 0.817764 1.720905
v -0.088929 0.816036 1.764385
v -0.081935 0.817764 1.762677
v -0.077988 0.816036 1.805890
v -0.071061 0.817764 1.803927
v -0.065535 0.816036 1.846886
v -0.058687 0.817764 1.844665
v -0.051550 0.816036 1.887384
v -0.044791 0.817764 1.884906
v -0.036027 0.816036 1.927355
v -0.029367 0.817764 1.924622
v 0.096629 0.813827 -1.947027
v 0.054793 0.813827 -1.919306
v 0.014422 0.813827 -1.890913
v -0.024444 0.813827 -1.861800
v -0.061757 0.813827 -1.831917
v -0.076082 0.813827 -1.819867
v -0.104986 0.813827 -1.794440
v -0.132658 0.813827 -1.768505
v -0.159045 0.813827 -1.742061
v -0.184119 0.813827 -1.715085
v -0.207851 0.813827 -1.687550
v -0.230208 0.813827 -1.659428
v -0.251157 0.813827 -1.630693
v -0.270663 0.813827 -1.601311
v -0.275081 0.813827 -1.594231
v -0.291764 0.813827 -1.565779
v -0.307010 0.813827 -1.536848
v -0.320789 0.813827 -1.507464
v -0.333091 0.813827 -1.477613
v -0.343910 0.813827 -1.447279
v -0.353225 0.813827 -1.416501
v -0.361050 0.813827 -1.385213
v -0.361846 0.813827 -1.381617
v -0.368243 0.813827 -1.348323
v -0.372993 0.813827 -1.314554
v -0.376119 0.813827 -1.280210
v -0.377628 0.813827 -1.245194
v -0.377517 0.813827 -1.209412
v -0.375774 0.813827 -1.172761
v -0.374239 0.813827 -1.153576
v -0.369896 0.813827 -1.114738
v -0.363705 0.813827 -1.074190
v -0.355522 0.813827 -1.031577
v -0.345166 0.813827 -0.986504
v -0.332384 0.813827 -0.938401
v -0.316831 0.813827 -0.886494
v -0.297970 0.813827 -0.829537
v -0.272951 0.813827 -0.760183
v -0.242478 0.813827 -0.681295
v -0.235038 0.813827 -0.662616
v -0.187269 0.813827 -0.545133
v -0.147984 0.813828 -0.448294
v -0.121607 0.813827 -0.381063
v -0.100768 0.813827 -0.325524
v -0.081612 0.813827 -0.271552
v -0.064208 0.813827 -0.218935
v -0.048625 0.813827 -0.167520
v -0.033815 0.813827 -0.112803
v -0.023193 0.813827 -0.067903
v -0.014126 0.813827 -0.023197
v -0.006787 0.813827 0.020834
v -0.000990 0.813827 0.065396
v 0.003262 0.813827 0.109938
v 0.006214 0.813827 0.157465
v 0.007676 0.813827 0.207015
v 0.007581 0.813828 0.258961
v 0.005840 0.813828 0.313781
v 0.002327 0.813827 0.372109
v -0.003133 0.813827 0.434863
v -0.010815 0.813827 0.503537
v -0.021204 0.813828 0.580817
v -0.035326 0.813827 0.672506
v -0.058941 0.813828 0.811874
v -0.069979 0.813827 0.875470
v -0.080647 0.813827 0.937884
v -0.090685 0.813827 0.998828
v -0.099939 0.813828 1.058435
v -0.108270 0.813828 1.116819
v -0.115555 0.813827 1.174077
v -0.121682 0.813827 1.230296
v -0.126549 0.813827 1.285554
v -0.130064 0.813828 1.339916
v -0.132139 0.813828 1.393445
v -0.132691 0.813827 1.446194
v -0.131644 0.813827 1.498211
v -0.131405 0.813827 1.504462
v -0.128933 0.813827 1.549377
v -0.125124 0.813827 1.593789
v -0.119939 0.813827 1.637657
v -0.113343 0.813827 1.680987
v -0.105304 0.813827 1.723786
v -0.095794 0.813827 1.766060
v -0.084787 0.813827 1.807818
v -0.072257 0.813827 1.849067
v -0.058185 0.813827 1.889817
v -0.042565 0.813827 1.930038
v 0.017595 0.819751 1.992694
v -0.000745 0.819751 1.954019
v -0.015800 0.819751 1.919054
v -0.031022 0.819751 1.879857
v -0.044738 0.819751 1.840141
v -0.056952 0.819751 1.799927
v -0.067688 0.819751 1.759200
v -0.076969 0.819751 1.717943
v -0.084820 0.819751 1.676144
v -0.091268 0.819751 1.633787
v -0.096341 0.819751 1.590860
v -0.100073 0.819751 1.547352
v -0.102497 0.819751 1.503298
v -0.102732 0.819751 1.497164
v -0.103761 0.819751 1.446064
v -0.103217 0.819751 1.394167
v -0.101173 0.819751 1.341421
v -0.097703 0.819751 1.287768
v -0.092891 0.819751 1.233145
v -0.086825 0.819751 1.177482
v -0.079602 0.819751 1.120701
v -0.071326 0.819751 1.062711
v -0.062120 0.819751 1.003413
v -0.052117 0.819751 0.942687
v -0.041471 0.819751 0.880397
v -0.030437 0.819751 0.816824
v -0.006768 0.819751 0.677137
v 0.007429 0.819751 0.584956
v 0.017898 0.819751 0.507079
v 0.025656 0.819751 0.437731
v 0.031180 0.819751 0.374237
v 0.034740 0.819751 0.315114
v 0.036508 0.819751 0.259450
v 0.036604 0.819751 0.206617
v 0.035115 0.819751 0.156144
v 0.032103 0.819751 0.107661
v 0.027760 0.819751 0.062164
v 0.021831 0.819751 0.016594
v 0.014323 0.819751 -0.028461
v 0.005062 0.819751 -0.074123
v -0.005765 0.819751 -0.119886
v -0.020825 0.819751 -0.175528
v -0.036633 0.819751 -0.227688
v -0.054249 0.819751 -0.280948
v -0.073597 0.819751 -0.335461
v -0.094599 0.819751 -0.391433
v -0.121120 0.819751 -0.459028
v -0.160494 0.819751 -0.556090
v -0.208176 0.819751 -0.673362
v -0.215583 0.819751 -0.691957
v -0.245857 0.819751 -0.770326
v -0.270627 0.819751 -0.838990
v -0.289242 0.819751 -0.895201
v -0.304545 0.819751 -0.946274
v -0.317085 0.819751 -0.993464
v -0.327214 0.819751 -1.037550
v -0.335195 0.819751 -1.079107
v -0.341215 0.819751 -1.118534
v -0.345427 0.819751 -1.156192
v -0.346912 0.819751 -1.174756
v -0.348595 0.819751 -1.210150
v -0.348702 0.819751 -1.244621
v -0.347252 0.819751 -1.278280
v -0.344253 0.819751 -1.311232
v -0.339703 0.819751 -1.343580
v -0.333581 0.819751 -1.375440
v -0.332820 0.819751 -1.378880
v -0.325338 0.819751 -1.408799
v -0.316432 0.819751 -1.438225
v -0.306084 0.819751 -1.467236
v -0.294310 0.819751 -1.495805
v -0.281111 0.819751 -1.523955
v -0.266484 0.819751 -1.551709
v -0.250453 0.819751 -1.579049
v -0.246203 0.819751 -1.585859
v -0.227416 0.819751 -1.614159
v -0.207196 0.819751 -1.641894
v -0.185572 0.819751 -1.669093
v -0.162568 0.819751 -1.695782
v -0.138212 0.819751 -1.721986
v -0.112529 0.819751 -1.747725
v -0.085543 0.819751 -1.773016
v -0.057303 0.819751 -1.797860
v -0.043289 0.819751 -1.809648
v -0.006735 0.819751 -1.838922
v 0.031410 0.819751 -1.867494
v 0.071100 0.819751 -1.895408
v 0.112291 0.819751 -1.922702
v 0.154946 0.819751 -1.949411
v 0.199737 0.819751 -1.975976
v 0.151113 0.819005 -1.955701
v 0.108304 0.819005 -1.928896
v 0.066947 0.819005 -1.901493
v 0.027085 0.819004 -1.873457
v -0.011244 0.819005 -1.844747
v -0.047991 0.819005 -1.815317
v -0.062084 0.819005 -1.803463
v -0.090494 0.819004 -1.778471
v -0.117654 0.819004 -1.753015
v -0.143516 0.819004 -1.727097
v -0.168055 0.819004 -1.700697
v -0.191244 0.819004 -1.673792
v -0.213055 0.819004 -1.646358
v -0.233460 0.819004 -1.618368
v -0.252431 0.819004 -1.589793
v -0.256724 0.819004 -1.582914
v -0.272920 0.819004 -1.555291
v -0.287705 0.819004 -1.527238
v -0.301052 0.819004 -1.498773
v -0.312960 0.819004 -1.469878
v -0.323428 0.819004 -1.440531
v -0.332438 0.819004 -1.410760
v -0.340007 0.819004 -1.380492
v -0.340778 0.819004 -1.377012
v -0.346969 0.819004 -1.344788
v -0.351570 0.819004 -1.312078
v -0.354601 0.819004 -1.278772
v -0.356067 0.819004 -1.244767
v -0.355959 0.819004 -1.209963
v -0.354261 0.819005 -1.174248
v -0.352763 0.819005 -1.155526
v -0.348517 0.819005 -1.117568
v -0.342454 0.819004 -1.077855
v -0.334422 0.819005 -1.036029
v -0.324234 0.819005 -0.991692
v -0.311633 0.819005 -0.944269
v -0.296266 0.819005 -0.892984
v -0.277589 0.819004 -0.836583
v -0.252755 0.819004 -0.767743
v -0.222430 0.819004 -0.689243
v -0.215015 0.819004 -0.670626
v -0.167311 0.819004 -0.553300
v -0.127960 0.819004 -0.456295
v -0.101475 0.819004 -0.388792
v -0.080515 0.819004 -0.332931
v -0.061216 0.819004 -0.278556
v -0.043654 0.819004 -0.225460
v -0.027903 0.819004 -0.173489
v -0.012907 0.819004 -0.118083
v -0.002132 0.819004 -0.072539
v 0.007079 0.819004 -0.027121
v 0.014545 0.819004 0.017674
v 0.020440 0.819004 0.062987
v 0.024760 0.819004 0.108241
v 0.027756 0.819004 0.156481
v 0.029239 0.819004 0.206718
v 0.029143 0.819004 0.259326
v 0.027382 0.819004 0.314775
v 0.023834 0.819004 0.373695
v 0.018326 0.819004 0.437001
v 0.010587 0.819004 0.506177
v 0.000139 0.819004 0.583902
v -0.014039 0.819004 0.675958
v -0.037694 0.819004 0.815564
v -0.048730 0.819004 0.879143
v -0.059381 0.819004 0.941464
v -0.069393 0.819004 1.002245
v -0.078612 0.819004 1.061623
v -0.086900 0.819004 1.119712
v -0.094140 0.819004 1.176615
v -0.100221 0.819004 1.232419
v -0.105048 0.819004 1.287204
v -0.108529 0.819004 1.341038
v -0.110581 0.819004 1.393983
v -0.111126 0.819004 1.446097
v -0.110093 0.819004 1.497430
v -0.109857 0.819004 1.503594
v -0.107421 0.819004 1.547868
v -0.103669 0.819004 1.591606
v -0.098567 0.819004 1.634772
v -0.092082 0.819004 1.677377
v -0.084183 0.819004 1.719431
v -0.074844 0.819004 1.760947
v -0.064039 0.819004 1.801936
v -0.051744 0.819004 1.842414
v -0.037938 0.819004 1.882393
v -0.022614 0.819004 1.921851
vn -1.0000 -0.0000 -0.0000
vn -0.0000 -0.0000 1.0000
vn 1.0000 -0.0000 -0.0000
vn -0.0000 -0.0000 -1.0000
vn -0.0000 1.0000 -0.0000
vn -0.0000 1.0000 0.0012
vn -0.0000 1.0000 -0.0001
vn -0.0000 -1.0000 -0.0000
vn -0.4540 0.8910 -0.0000
vn -0.0000 0.8910 -0.4540
vn -0.0000 0.8957 -0.4446
vn -0.0000 0.8910 -0.4541
vn -0.0000 0.8911 -0.4537
vn -0.0000 0.8909 -0.4542
vn -0.0000 0.8916 -0.4529
vn -0.0000 0.8904 -0.4551
vn -0.0000 0.8909 -0.4543
vn -0.0000 0.8909 -0.4541
vn -0.0000 0.8910 -0.4539
vn -0.0000 0.8911 -0.4539
vn -0.4436 -0.8911 0.0957
vn -0.3494 -0.8910 0.2899
vn -0.4516 -0.8910 0.0464
vn -0.4488 -0.8910 0.0683
vn -0.4465 -0.8908 0.0842
vn 0.4475 0.8911 -0.0759
vn -0.4408 -0.8909 0.1093
vn -0.4419 -0.8910 0.1039
vn 0.4420 0.8910 -0.1041
vn -0.4239 -0.8908 0.1636
vn -0.4236 -0.8910 0.1635
vn -0.3981 -0.8910 0.2184
vn -0.4019 -0.8908 0.2120
vn -0.4070 -0.8905 0.2032
vn 0.3554 0.8910 -0.2827
vn 0.3559 0.8908 -0.2824
vn -0.3374 -0.8908 0.3043
vn 0.3397 0.8909 -0.3015
vn 0.3405 0.8911 -0.2999
vn 0.3874 0.8911 0.2362
vn 0.4000 0.8910 0.2147
vn 0.3152 0.8909 -0.3269
vn 0.3026 0.8911 -0.3383
vn 0.4424 0.8910 0.1017
vn 0.4487 0.8910 -0.0695
vn 0.4570 0.8883 -0.0463
vn 0.4493 0.8910 -0.0653
vn 0.4493 0.8910 -0.0652
vn 0.4500 0.8910 -0.0599
vn 0.4501 0.8910 -0.0594
vn 0.4512 0.8910 -0.0508
vn 0.4513 0.8911 -0.0474
vn 0.4520 0.8910 -0.0423
vn 0.4486 0.8908 -0.0720
vn 0.4485 0.8911 -0.0689
vn 0.4480 0.8909 -0.0742
vn 0.4479 0.8910 -0.0736
vn 0.4478 0.8910 -0.0745
vn 0.4494 0.8910 -0.0646
vn 0.4484 0.8910 -0.0708
vn 0.4479 0.8910 -0.0746
vn 0.4525 0.8910 -0.0370
vn 0.4528 0.8910 -0.0324
vn 0.4531 0.8910 -0.0297
vn 0.4534 0.8910 -0.0221
vn 0.4534 0.8910 -0.0228
vn 0.4537 0.8910 -0.0162
vn 0.4537 0.8910 -0.0152
vn 0.4540 0.8910 -0.0072
vn 0.4539 0.8910 -0.0047
vn 0.4540 0.8910 -0.0009
vn 0.4540 0.8910 0.0055
vn 0.4540 0.8910 0.0038
vn 0.4536 0.8910 0.0170
vn 0.4537 0.8910 0.0158
vn 0.4530 0.8910 0.0305
vn 0.4526 0.8911 0.0343
vn 0.4521 0.8910 0.0421
vn 0.4517 0.8910 0.0454
vn 0.4514 0.8910 0.0490
vn 0.4506 0.8910 0.0554
vn 0.4503 0.8910 0.0582
vn 0.4489 0.8910 0.0681
vn 0.4490 0.8910 0.0676
vn 0.4477 0.8910 0.0751
vn 0.4473 0.8910 0.0775
vn 0.4458 0.8910 0.0864
vn 0.4451 0.8910 0.0895
vn 0.4441 0.8910 0.0943
vn 0.4426 0.8910 0.1013
vn 0.4430 0.8910 0.0996
vn 0.4393 0.8910 0.1145
vn 0.4403 0.8909 0.1114
vn 0.4373 0.8910 0.1219
vn 0.4361 0.8910 0.1265
vn 0.4340 0.8911 0.1331
vn 0.4305 0.8910 0.1439
vn 0.4320 0.8910 0.1395
vn 0.4335 0.8910 0.1349
vn 0.4412 0.8910 0.1069
vn 0.4404 0.8911 0.1099
vn 0.4389 0.8910 0.1163
vn 0.4367 0.8910 0.1239
vn 0.4360 0.8910 0.1268
vn 0.4331 0.8910 0.1361
vn 0.4328 0.8910 0.1373
vn 0.4304 0.8910 0.1444
vn 0.4301 0.8910 0.1455
vn 0.4296 0.8910 0.1468
vn 0.4306 0.8910 0.1437
vn 0.4427 0.8910 0.1005
vn 0.4447 0.8910 0.0912
vn 0.4445 0.8910 0.0924
vn 0.4463 0.8910 0.0828
vn 0.4480 0.8910 0.0736
vn 0.4476 0.8911 0.0756
vn 0.4499 0.8909 0.0619
vn 0.4493 0.8910 0.0649
vn 0.4502 0.8910 0.0587
vn 0.4503 0.8910 0.0577
vn 0.4515 0.8910 0.0479
vn 0.4516 0.8910 0.0474
vn 0.4525 0.8910 0.0368
vn 0.4530 0.8910 0.0315
vn 0.4532 0.8910 0.0256
vn 0.4536 0.8910 0.0195
vn 0.4538 0.8910 0.0134
vn 0.4539 0.8910 0.0112
vn 0.4540 0.8910 0.0020
vn 0.4541 0.8910 -0.0015
vn 0.4538 0.8910 -0.0112
vn 0.4536 0.8909 -0.0228
vn 0.4536 0.8910 -0.0186
vn 0.4526 0.8909 -0.0370
vn 0.4526 0.8910 -0.0360
vn 0.4514 0.8910 -0.0487
vn 0.4513 0.8910 -0.0495
vn 0.4496 0.8910 -0.0638
vn 0.4501 0.8910 -0.0584
vn 0.4479 0.8909 -0.0758
vn 0.4484 0.8910 -0.0714
vn 0.4452 0.8910 -0.0893
vn 0.4451 0.8910 -0.0897
vn 0.4420 0.8910 -0.1039
vn 0.4413 0.8910 -0.1072
vn 0.4390 0.8910 -0.1157
vn 0.4365 0.8909 -0.1251
vn 0.4354 0.8910 -0.1286
vn 0.4098 0.8910 -0.1957
vn 0.4091 0.8909 -0.1971
vn 0.4156 0.8910 -0.1827
vn 0.4143 0.8910 -0.1858
vn 0.4193 0.8910 -0.1741
vn 0.4205 0.8910 -0.1713
vn 0.4246 0.8909 -0.1609
vn 0.4250 0.8910 -0.1597
vn 0.4309 0.8910 -0.1431
vn 0.4303 0.8909 -0.1452
vn 0.4340 0.8910 -0.1335
vn 0.3294 0.8910 -0.3125
vn 0.3283 0.8909 -0.3137
vn 0.3379 0.8910 -0.3031
vn 0.3359 0.8910 -0.3055
vn 0.3434 0.8910 -0.2969
vn 0.3425 0.8910 -0.2980
vn 0.3513 0.8910 -0.2877
vn 0.3501 0.8910 -0.2892
vn 0.3618 0.8910 -0.2743
vn 0.3575 0.8908 -0.2804
vn 0.3685 0.8911 -0.2649
vn 0.3644 0.8910 -0.2710
vn 0.3738 0.8910 -0.2578
vn 0.3721 0.8909 -0.2603
vn 0.3803 0.8910 -0.2479
vn 0.3787 0.8910 -0.2505
vn 0.3852 0.8910 -0.2403
vn 0.3865 0.8910 -0.2381
vn 0.3916 0.8910 -0.2300
vn 0.3927 0.8910 -0.2279
vn 0.4009 0.8910 -0.2133
vn 0.3965 0.8907 -0.2223
vn 0.4018 0.8910 -0.2115
vn 0.2968 0.8910 -0.3435
vn 0.2929 0.8910 -0.3469
vn 0.2912 0.8910 -0.3482
vn 0.2895 0.8910 -0.3497
vn 0.2912 0.8910 -0.3484
vn 0.2916 0.8910 -0.3480
vn 0.2952 0.8910 -0.3449
vn 0.2951 0.8910 -0.3450
vn 0.2994 0.8910 -0.3413
vn 0.3065 0.8910 -0.3349
vn 0.3066 0.8910 -0.3348
vn 0.3117 0.8910 -0.3301
vn 0.3133 0.8910 -0.3286
vn 0.3188 0.8910 -0.3234
vn 0.3182 0.8909 -0.3240
vn 0.3225 0.8910 -0.3196
vn 0.3037 0.8910 -0.3376
vn 0.3037 0.8910 -0.3375
vn 0.3038 0.8911 -0.3372
vn 0.3030 0.8909 -0.3383
vn 0.3444 0.8909 -0.2961
vn 0.3376 0.8910 -0.3035
vn 0.3377 0.8909 -0.3036
vn 0.4347 0.8910 -0.1310
vn 0.4283 0.8909 -0.1509
vn 0.4264 0.8910 -0.1557
vn 0.4202 0.8909 -0.1722
vn 0.4176 0.8910 -0.1781
vn 0.4108 0.8909 -0.1936
vn 0.4465 0.8909 -0.0832
vn 0.4410 0.8910 -0.1082
vn 0.4516 0.8909 -0.0481
vn 0.4488 0.8911 -0.0675
vn 0.4540 0.8909 -0.0118
vn 0.4537 0.8910 -0.0156
vn 0.4463 0.8910 0.0830
vn 0.4459 0.8910 0.0858
vn 0.4438 0.8910 0.0961
vn 0.4428 0.8910 0.1002
vn 0.4402 0.8910 0.1111
vn 0.4386 0.8911 0.1169
vn 0.4364 0.8910 0.1251
vn 0.4389 0.8909 0.1170
vn 0.4324 0.8910 0.1382
vn 0.4335 0.8909 0.1352
vn 0.4282 0.8910 0.1506
vn 0.4298 0.8909 0.1467
vn 0.4247 0.8911 0.1601
vn 0.4256 0.8910 0.1579
vn 0.4226 0.8910 0.1658
vn 0.4219 0.8910 0.1674
vn 0.4195 0.8910 0.1736
vn 0.4171 0.8911 0.1790
vn 0.4153 0.8910 0.1833
vn 0.4130 0.8910 0.1885
vn 0.4134 0.8910 0.1875
vn 0.4102 0.8910 0.1946
vn 0.4093 0.8911 0.1962
vn 0.4053 0.8910 0.2047
vn 0.4039 0.8910 0.2073
vn 0.3998 0.8910 0.2152
vn 0.3856 0.8909 0.2401
vn 0.3941 0.8910 0.2254
vn 0.3940 0.8910 0.2256
vn 0.3900 0.8910 0.2323
vn 0.3814 0.8910 0.2464
vn 0.3798 0.8910 0.2487
vn 0.3778 0.8910 0.2518
vn 0.3560 0.8910 0.2816
vn 0.3629 0.8910 0.2728
vn 0.3649 0.8911 0.2699
vn 0.3672 0.8910 0.2670
vn 0.3726 0.8910 0.2593
vn 0.3733 0.8910 0.2584
vn 0.3777 0.8910 0.2518
vn 0.3582 0.8908 0.2795
vn 0.3479 0.8911 0.2915
vn 0.3465 0.8908 0.2939
vn 0.3374 0.8912 0.3032
vn 0.3362 0.8905 0.3064
vn 0.3265 0.8914 0.3143
vn 0.3231 0.8910 -0.3190
vn 0.3228 0.8911 -0.3190
vn 0.3234 0.8908 -0.3191
vn 0.3232 0.8907 -0.3197
vn 0.3224 0.8911 -0.3193
vn 0.3226 0.8909 -0.3196
vn 0.3229 0.8910 -0.3192
vn 0.3137 0.8962 -0.3137
vn 0.3228 0.8911 -0.3191
vn 0.3227 0.8911 -0.3190
vn 0.3225 0.8912 -0.3191
vn 0.3330 0.8843 -0.3273
vn 0.3233 0.8910 -0.3187
vn 0.3230 0.8909 -0.3194
vn 0.2968 0.8910 -0.3436
vn 0.3047 0.8909 -0.3367
vn 0.3214 0.8909 -0.3208
vn 0.3213 0.8911 -0.3206
vn 0.3294 0.8909 -0.3127
vn 0.3251 0.8910 -0.3169
vn 0.3252 0.8910 -0.3169
vn 0.3405 0.8912 -0.2998
vn 0.3409 0.8909 -0.2999
vn 0.3345 0.8908 -0.3075
vn 0.3233 0.8911 -0.3184
vn -0.3372 -0.8911 0.3036
vn -0.3375 -0.8908 0.3041
vn 0.3239 0.8908 -0.3188
vn 0.3232 0.8910 -0.3189
vn 0.3200 0.8932 -0.3158
vn 0.3297 0.8868 -0.3240
vn -0.3373 -0.8909 0.3041
vn -0.3368 -0.8912 0.3039
vn -0.3373 -0.8910 0.3039
vn 0.3252 0.8888 -0.3230
vn 0.3223 0.8911 -0.3195
vn 0.3230 0.8908 -0.3195
vn -0.3372 -0.8909 0.3042
vn -0.3372 -0.8910 0.3040
vn -0.3555 -0.8919 0.2796
vn -0.3377 -0.8909 0.3037
vn -0.3376 -0.8911 0.3033
vn -0.3373 -0.8911 0.3036
vn -0.3404 -0.8927 0.2953
vn -0.3419 -0.8922 0.2951
vn -0.3430 -0.8880 0.3064
vn -0.3376 -0.8908 0.3042
vn -0.3425 -0.8910 0.2981
vn -0.3370 -0.8909 0.3044
vn -0.3369 -0.8910 0.3043
vn -0.3418 -0.8909 0.2990
vn -0.3420 -0.8907 0.2994
vn -0.3420 -0.8910 0.2985
vn -0.3423 -0.8909 0.2985
vn -0.3574 -0.8902 0.2826
vn 0.3261 0.8910 -0.3160
vn 0.3260 0.8910 -0.3159
vn 0.3556 0.8909 -0.2825
vn 0.3477 0.8911 -0.2918
vn 0.3555 0.8909 -0.2826
vn 0.3557 0.8906 -0.2832
vn 0.3486 0.8910 -0.2908
vn 0.3484 0.8916 -0.2891
vn 0.3551 0.8911 -0.2827
vn 0.3596 0.8909 -0.2774
vn 0.3525 0.8910 -0.2860
vn 0.3527 0.8909 -0.2861
vn 0.3518 0.8910 -0.2871
vn 0.3410 0.8909 -0.3001
vn -0.3510 -0.8912 0.2875
vn -0.3509 -0.8910 0.2881
vn -0.3512 -0.8909 0.2879
vn 0.3410 0.8910 -0.2997
vn 0.3408 0.8910 -0.2999
vn 0.3316 0.8919 -0.3076
vn 0.3350 0.8904 -0.3081
vn 0.3407 0.8910 -0.3001
vn -0.3508 -0.8910 0.2882
vn -0.3511 -0.8910 0.2878
vn 0.3408 0.8910 -0.3000
vn -0.3504 -0.8910 0.2886
vn -0.3509 -0.8909 0.2883
vn -0.3577 -0.8910 0.2795
vn -0.3578 -0.8908 0.2799
vn -0.3511 -0.8910 0.2877
vn -0.3582 -0.8909 0.2794
vn -0.3578 -0.8910 0.2795
vn -0.3520 -0.8908 0.2872
vn -0.3510 -0.8911 0.2878
vn 0.3485 0.8910 -0.2910
vn 0.3441 0.8906 -0.2972
vn 0.3519 0.8913 -0.2860
vn -0.3800 -0.8899 0.2523
vn -0.7276 -0.4851 -0.4851
vn -0.3851 -0.8909 0.2408
vn -0.3699 -0.8909 0.2634
vn -0.3699 -0.8909 0.2636
vn -0.3577 -0.8910 0.2796
vn -0.3577 -0.8910 0.2797
vn -0.3504 -0.8910 0.2887
vn -0.3500 -0.8910 0.2892
vn 0.3395 0.8909 -0.3016
vn -0.3825 -0.8913 0.2434
vn 0.2671 0.8759 -0.4018
vn 0.3099 0.8801 -0.3597
vn 0.3346 0.8886 -0.3138
vn 0.3458 0.8877 -0.3041
vn 0.3429 0.8896 -0.3016
vn -0.3721 -0.8899 0.2638
vn -0.4477 -0.8837 0.1367
vn 0.3817 0.8907 -0.2468
vn -0.4430 -0.8860 0.1370
vn -0.4359 -0.8857 0.1599
vn -0.3732 -0.8905 0.2603
vn 0.3566 0.8903 -0.2832
vn 0.3877 0.8909 -0.2365
vn 0.3830 0.8910 -0.2437
vn 0.3831 0.8909 -0.2438
vn 0.3815 0.8910 -0.2463
vn 0.3816 0.8909 -0.2463
vn 0.3741 0.8910 -0.2572
vn -0.3924 -0.8907 0.2297
vn -0.3705 -0.8909 0.2629
vn -0.3705 -0.8909 0.2628
vn 0.3441 0.8906 -0.2973
vn -0.3568 -0.8909 0.2812
vn 0.3409 0.8910 -0.2998
vn 0.3411 0.8909 -0.2998
vn -0.3705 -0.8919 0.2593
vn -0.4266 -0.8874 0.1747
vn -0.4330 -0.8873 0.1588
vn 0.3809 0.8904 -0.2492
vn 0.3826 0.8904 -0.2466
vn -0.3789 -0.8915 0.2483
vn 0.1741 0.8390 -0.5156
vn 0.2718 0.8703 -0.4109
vn 0.3881 0.8908 -0.2364
vn 0.3870 0.8909 -0.2376
vn 0.3564 0.8907 -0.2823
vn 0.3549 0.8894 -0.2882
vn 0.3910 0.8909 -0.2312
vn 0.3531 0.8914 -0.2841
vn -0.4017 -0.8860 0.2316
vn -0.5674 -0.6983 -0.4364
vn 0.3240 0.8863 -0.3309
vn 0.3373 0.8869 -0.3157
vn 0.3914 0.8908 -0.2308
vn 0.3908 0.8910 -0.2312
vn 0.3904 0.8908 -0.2324
vn 0.3514 0.8882 -0.2960
vn 0.3501 0.8894 -0.2938
vn -0.3713 -0.8909 0.2615
vn -0.3703 -0.8909 0.2629
vn -0.3954 -0.8904 0.2255
vn -0.3945 -0.8911 0.2242
vn -0.4106 -0.8900 0.1982
vn -0.4068 -0.8899 0.2063
vn -0.4059 -0.8905 0.2055
vn -0.5349 -0.8419 -0.0712
vn -0.5272 -0.8469 -0.0691
vn 0.4166 0.8905 -0.1832
vn 0.4164 0.8907 -0.1822
vn 0.3931 0.8910 -0.2271
vn 0.3953 0.8909 -0.2237
vn 0.3953 0.8909 -0.2236
vn 0.3960 0.8909 -0.2224
vn 0.3958 0.8910 -0.2223
vn -0.3969 -0.8909 0.2206
vn -0.4004 -0.8926 0.2073
vn -0.3726 -0.8912 0.2588
vn -0.3712 -0.8911 0.2610
vn -0.4013 -0.8902 0.2158
vn -0.3995 -0.8910 0.2156
vn -0.4118 -0.8901 0.1952
vn -0.4108 -0.8908 0.1940
vn 0.4176 0.8904 -0.1813
vn -0.4079 -0.8908 0.2001
vn 0.4199 0.8903 -0.1760
vn 0.4171 0.8911 -0.1789
vn 0.3757 0.8898 -0.2591
vn 0.4116 0.8905 -0.1938
vn -0.4180 -0.8898 0.1829
vn 0.3745 0.8907 -0.2578
vn 0.3795 0.8898 -0.2534
vn 0.4115 0.8908 -0.1929
vn -0.4154 -0.8893 0.1914
vn -0.4136 -0.8901 0.1915
vn 0.3694 0.8906 -0.2652
vn 0.3730 0.8891 -0.2651
vn 0.4111 0.8907 -0.1939
vn 0.3895 0.8907 -0.2344
vn 0.3876 0.8908 -0.2372
vn 0.3263 0.8850 -0.3323
vn 0.3045 0.8845 -0.3534
vn -0.3960 -0.8895 0.2278
vn 0.3538 0.8905 -0.2860
vn 0.3545 0.8913 -0.2827
vn 0.3545 0.8909 -0.2838
vn -0.3770 -0.8905 0.2548
vn 0.3853 0.8904 -0.2423
vn 0.4101 0.8914 -0.1931
vn -0.5896 -0.7754 -0.2262
vn 0.3847 0.8908 -0.2418
vn 0.3869 0.8908 -0.2384
vn 0.4110 0.8913 -0.1917
vn 0.3750 0.8905 -0.2575
vn 0.3906 0.8911 -0.2311
vn 0.3934 0.8908 -0.2274
vn 0.4092 0.8909 -0.1969
vn 0.4093 0.8909 -0.1971
vn 0.4081 0.8910 -0.1991
vn 0.4082 0.8909 -0.1991
vn -0.4055 -0.8908 0.2048
vn -0.4053 -0.8910 0.2047
vn -0.4046 -0.8912 0.2051
vn -0.4069 -0.8904 0.2039
vn -0.4044 -0.8907 0.2075
vn -0.4062 -0.8908 0.2035
vn -0.4057 -0.8902 0.2072
vn -0.4043 -0.8922 0.2012
vn -0.4078 -0.8893 0.2071
vn -0.4036 -0.8923 0.2024
vn -0.4037 -0.8909 0.2083
vn -0.4045 -0.8910 0.2063
vn -0.4049 -0.8915 0.2034
vn -0.4054 -0.8907 0.2056
vn -0.4155 -0.8910 0.1831
vn -0.4063 -0.8909 0.2030
vn -0.4067 -0.8910 0.2020
vn -0.4017 -0.8910 0.2116
vn -0.3869 -0.8905 0.2395
vn -0.3525 -0.8837 0.3078
vn 0.4271 0.8905 -0.1569
vn -0.4035 -0.8880 0.2207
vn -0.3995 -0.8906 0.2173
vn -0.3985 -0.8907 0.2187
vn 0.4326 0.8899 -0.1448
vn -0.4045 -0.8912 0.2055
vn -0.3990 -0.8912 0.2156
vn -0.3992 -0.8907 0.2174
vn 0.4331 0.8901 -0.1420
vn 0.4312 0.8907 -0.1439
vn -0.3966 -0.8911 0.2206
vn -0.3983 -0.8903 0.2207
vn 0.4311 0.8900 -0.1483
vn 0.4294 0.8910 -0.1475
vn -0.4013 -0.8910 0.2123
vn -0.3950 -0.8909 0.2243
vn -0.3884 -0.8894 0.2412
vn 0.4296 0.8900 -0.1529
vn 0.4262 0.8910 -0.1564
vn -0.3904 -0.8910 0.2319
vn -0.3901 -0.8911 0.2320
vn -0.3995 -0.8908 0.2166
vn -0.3965 -0.8912 0.2203
vn -0.4035 -0.8910 0.2083
vn -0.4037 -0.8908 0.2083
vn -0.2253 -0.8253 0.5179
vn -0.4082 -0.8910 0.1986
vn -0.4079 -0.8904 0.2019
vn -0.4071 -0.8909 0.2015
vn -0.4065 -0.8904 0.2048
vn -0.4054 -0.8911 0.2040
vn -0.4061 -0.8903 0.2059
vn -0.4055 -0.8908 0.2051
vn -0.4058 -0.8902 0.2071
vn -0.4043 -0.8911 0.2062
vn -0.4049 -0.8903 0.2085
vn -0.4046 -0.8906 0.2076
vn -0.4047 -0.8902 0.2092
vn -0.4035 -0.8910 0.2082
vn -0.4036 -0.8902 0.2111
vn -0.4031 -0.8906 0.2104
vn -0.4031 -0.8902 0.2122
vn -0.4023 -0.8904 0.2130
vn -0.4023 -0.8902 0.2137
vn -0.4017 -0.8905 0.2138
vn -0.4018 -0.8899 0.2158
vn -0.4006 -0.8906 0.2151
vn -0.3998 -0.8896 0.2209
vn -0.3983 -0.8906 0.2197
vn -0.3974 -0.8893 0.2264
vn -0.3955 -0.8904 0.2254
vn -0.3887 -0.8880 0.2458
vn -0.4147 -0.8902 0.1885
vn -0.4141 -0.8909 0.1866
vn -0.3754 -0.8914 0.2540
vn -0.6189 -0.7512 -0.2294
vn 0.1763 0.8284 -0.5317
vn 0.3867 0.8908 -0.2386
vn 0.4130 0.8900 -0.1932
vn 0.4102 0.8910 -0.1944
vn 0.4178 0.8909 -0.1781
vn 0.4177 0.8909 -0.1783
vn 0.4178 0.8909 -0.1782
vn 0.4077 0.8909 -0.2001
vn 0.4076 0.8910 -0.2000
vn 0.3999 0.8909 -0.2153
vn -0.4061 -0.8909 0.2036
vn 0.4289 0.8895 -0.1575
vn 0.4199 0.8906 -0.1745
vn 0.4259 0.8903 -0.1609
vn 0.4251 0.8910 -0.1595
vn 0.4283 0.8910 -0.1506
vn 0.4274 0.8912 -0.1519
vn 0.4281 0.8911 -0.1506
vn 0.4279 0.8905 -0.1545
vn 0.4291 0.8908 -0.1493
vn 0.4316 0.8895 -0.1499
vn -0.3967 -0.8904 0.2233
vn 0.4282 0.8906 -0.1535
vn 0.4340 0.8900 -0.1397
vn 0.4348 0.8901 -0.1365
vn -0.3997 -0.8910 0.2155
vn -0.4003 -0.8910 0.2144
vn 0.4329 0.8911 -0.1359
vn -0.4226 -0.8909 0.1664
vn -0.4229 -0.8907 0.1670
vn -0.4222 -0.8910 0.1668
vn -0.4191 -0.8903 0.1781
vn -0.4187 -0.8905 0.1781
vn 0.4369 0.8910 -0.1239
vn 0.4366 0.8911 -0.1240
vn -0.4007 -0.8906 0.2149
vn 0.4577 0.8853 -0.0822
vn 0.4344 0.8903 -0.1367
vn 0.4290 0.8907 -0.1504
vn 0.4279 0.8910 -0.1516
vn 0.4351 0.8909 -0.1303
vn 0.4360 0.8907 -0.1288
vn 0.4350 0.8910 -0.1299
vn 0.4345 0.8913 -0.1296
vn 0.4371 0.8902 -0.1288
vn 0.4356 0.8906 -0.1305
vn 0.4341 0.8917 -0.1284
vn 0.4353 0.8908 -0.1304
vn 0.4356 0.8909 -0.1286
vn 0.4354 0.8907 -0.1307
vn 0.4355 0.8909 -0.1287
vn 0.4351 0.8910 -0.1300
vn 0.4338 0.8908 -0.1356
vn 0.4329 0.8912 -0.1352
vn 0.4332 0.8911 -0.1353
vn 0.4360 0.8908 -0.1284
vn 0.4357 0.8909 -0.1283
vn 0.4353 0.8909 -0.1296
vn 0.4352 0.8910 -0.1295
vn 0.4354 0.8909 -0.1294
vn -0.4254 -0.8910 0.1584
vn -0.4330 -0.8910 0.1365
vn -0.4324 -0.8910 0.1383
vn -0.4343 -0.8909 0.1330
vn -0.4327 -0.8908 0.1387
vn -0.4362 -0.8907 0.1279
vn -0.4352 -0.8912 0.1277
vn 0.4399 0.8914 -0.1088
vn 0.4404 0.8911 -0.1095
vn 0.4407 0.8910 -0.1095
vn -0.4364 -0.8907 0.1277
vn -0.4322 -0.8915 0.1360
vn -0.4324 -0.8910 0.1386
vn -0.4262 -0.8907 0.1583
vn 0.4431 0.8910 -0.0993
vn 0.4429 0.8910 -0.0996
vn 0.4434 0.8904 -0.1028
vn 0.4425 0.8909 -0.1025
vn -0.4329 -0.8908 0.1380
vn -0.4325 -0.8911 0.1378
vn -0.4256 -0.8908 0.1589
vn -0.4246 -0.8910 0.1608
vn -0.4141 -0.8909 0.1868
vn -0.4142 -0.8908 0.1868
vn 0.4420 0.8910 -0.1040
vn 0.4363 0.8912 -0.1242
vn 0.4417 0.8909 -0.1060
vn 0.4347 0.8917 -0.1259
vn 0.4359 0.8911 -0.1265
vn 0.4419 0.8909 -0.1048
vn 0.4209 0.8910 -0.1703
vn 0.4278 0.8909 -0.1528
vn 0.4266 0.8909 -0.1558
vn 0.4348 0.8909 -0.1310
vn 0.4416 0.8909 -0.1062
vn -0.4397 -0.8908 0.1149
vn 0.4428 0.8909 -0.1016
vn -0.4356 -0.8910 0.1279
vn -0.4355 -0.8911 0.1276
vn -0.4325 -0.8909 0.1383
vn -0.4394 -0.8910 0.1139
vn -0.4426 -0.8905 0.1054
vn -0.4416 -0.8910 0.1058
vn 0.4468 0.8906 -0.0847
vn -0.4395 -0.8911 0.1128
vn -0.4414 -0.8912 0.1049
vn -0.4412 -0.8912 0.1056
vn 0.4464 0.8908 -0.0845
vn 0.4460 0.8910 -0.0846
vn -0.4468 -0.8909 0.0813
vn 0.4659 0.8846 0.0201
vn -0.4448 -0.8910 0.0906
vn -0.4463 -0.8911 0.0822
vn -0.4450 -0.8909 0.0908
vn -0.4490 -0.8904 0.0743
vn 0.4464 0.8909 -0.0832
vn 0.4414 0.8909 -0.1066
vn 0.4353 0.8910 -0.1294
vn -0.4225 -0.8911 0.1658
vn -0.4231 -0.8907 0.1659
vn 0.4366 0.8908 -0.1257
vn 0.4364 0.8909 -0.1259
vn 0.4418 0.8910 -0.1050
vn 0.4418 0.8909 -0.1051
vn 0.4464 0.8910 -0.0831
vn 0.4465 0.8909 -0.0830
vn 0.4467 0.8910 -0.0816
vn 0.4472 0.8909 -0.0797
vn 0.4474 0.8908 -0.0796
vn 0.4458 0.8915 -0.0808
vn 0.4428 0.8911 -0.0996
vn 0.4413 0.8916 -0.1014
vn 0.4408 0.8911 -0.1079
vn -0.4358 -0.8910 0.1269
vn 0.4491 0.8913 -0.0622
vn -0.4462 -0.8911 0.0827
vn -0.4463 -0.8911 0.0818
vn -0.4446 -0.8912 0.0901
vn -0.4448 -0.8910 0.0908
vn -0.4442 -0.8910 0.0939
vn -0.4464 -0.8911 0.0821
vn -0.4468 -0.8909 0.0819
vn 0.4500 0.8909 -0.0620
vn 0.4499 0.8909 -0.0628
vn -0.4419 -0.8910 0.1042
vn -0.4417 -0.8911 0.1039
vn 0.4464 0.8910 -0.0829
vn 0.4475 0.8910 -0.0760
vn 0.4477 0.8910 -0.0759
vn 0.4495 0.8909 -0.0655
vn 0.4497 0.8910 -0.0631
vn 0.4516 0.8907 -0.0514
vn 0.4508 0.8910 -0.0531
vn 0.4494 0.8910 -0.0645
vn 0.4497 0.8909 -0.0638
vn -0.4449 -0.8908 0.0928
vn -0.4447 -0.8909 0.0928
vn 0.4497 0.8910 -0.0628
vn 0.4496 0.8911 -0.0624
vn 0.4496 0.8916 -0.0541
vn 0.4500 0.8909 -0.0616
vn 0.4511 0.8910 -0.0514
vn 0.4500 0.8908 -0.0627
vn 0.4494 0.8911 -0.0622
vn 0.4512 0.8909 -0.0517
vn 0.4522 0.8906 -0.0490
vn -0.4520 -0.8889 0.0751
vn -0.4484 -0.8911 0.0695
vn -0.4489 -0.8909 0.0689
vn -0.4484 -0.8912 0.0692
vn -0.4455 -0.8910 0.0877
vn -0.4494 -0.8907 0.0692
vn -0.4485 -0.8912 0.0686
vn 0.4516 0.8909 -0.0483
vn 0.4515 0.8910 -0.0481
vn 0.4510 0.8912 -0.0490
vn 0.4519 0.8907 -0.0491
vn -0.4492 -0.8907 0.0699
vn -0.4482 -0.8912 0.0698
vn -0.4471 -0.8908 0.0817
vn -0.4465 -0.8911 0.0813
vn -0.4467 -0.8910 0.0813
vn -0.4493 -0.8908 0.0674
vn -0.4491 -0.8910 0.0664
vn -0.4493 -0.8910 0.0650
vn -0.4491 -0.8909 0.0679
vn -0.4487 -0.8910 0.0686
vn -0.4485 -0.8914 0.0650
vn -0.4493 -0.8909 0.0667
vn -0.4491 -0.8910 0.0665
vn -0.4410 -0.8909 0.1084
vn -0.4449 -0.8910 0.0906
vn -0.4461 -0.8909 0.0851
vn -0.4466 -0.8910 0.0813
vn -0.4490 -0.8910 0.0670
vn -0.4488 -0.8911 0.0678
vn -0.4417 -0.8910 0.1049
vn 0.4462 0.8911 -0.0828
vn 0.4463 0.8909 -0.0836
vn 0.4476 0.8910 -0.0758
vn 0.4491 0.8911 -0.0655
vn 0.4494 0.8910 -0.0651
vn 0.4497 0.8908 -0.0652
vn 0.4502 0.8909 -0.0595
vn 0.4505 0.8908 -0.0596
vn 0.4455 0.8910 -0.0876
vn 0.4512 0.8910 -0.0509
vn 0.4510 0.8911 -0.0506
vn 0.4525 0.8910 -0.0375
vn 0.4513 0.8910 -0.0493
vn 0.4529 0.8907 -0.0377
vn 0.4526 0.8909 -0.0377
vn 0.4530 0.8908 -0.0366
vn 0.4518 0.8908 -0.0483
vn -0.4485 -0.8911 0.0687
vn -0.4469 -0.8908 0.0820
vn -0.4467 -0.8909 0.0816
vn 0.4499 0.8909 -0.0620
vn 0.4492 0.8912 -0.0625
vn 0.4510 0.8910 -0.0520
vn 0.4511 0.8910 -0.0520
vn 0.4524 0.8910 -0.0394
vn 0.4523 0.8910 -0.0389
vn 0.4531 0.8910 -0.0291
vn 0.4533 0.8910 -0.0259
vn 0.4532 0.8910 -0.0267
vn 0.4533 0.8910 -0.0256
vn 0.4540 0.8906 -0.0267
vn 0.4528 0.8911 -0.0283
vn 0.4526 0.8914 -0.0232
vn 0.4537 0.8909 -0.0214
vn 0.4538 0.8909 -0.0213
vn -0.4503 -0.8907 0.0632
vn 0.4537 0.8910 -0.0174
vn -0.4522 -0.8910 0.0410
vn -0.4521 -0.8910 0.0407
vn -0.4521 -0.8910 0.0411
vn -0.4520 -0.8910 0.0420
vn -0.4523 -0.8910 0.0403
vn -0.4504 -0.8912 0.0546
vn 0.4538 0.8909 -0.0203
vn -0.4513 -0.8907 0.0552
vn -0.4508 -0.8910 0.0546
vn -0.4506 -0.8912 0.0529
vn -0.4512 -0.8909 0.0527
vn 0.4538 0.8909 -0.0184
vn 0.4538 0.8909 -0.0187
vn 0.4546 0.8906 -0.0129
vn -0.4514 -0.8908 0.0521
vn -0.4511 -0.8911 0.0501
vn 0.4540 0.8906 -0.0279
vn 0.4535 0.8909 -0.0257
vn 0.4531 0.8911 -0.0261
vn -0.3455 -0.7712 0.5347
vn -0.3430 -0.7635 0.5471
vn 0.4526 0.8910 -0.0355
vn 0.4531 0.8908 -0.0326
vn 0.4526 0.8911 -0.0326
vn 0.4532 0.8908 -0.0319
vn 0.4529 0.8910 -0.0315
vn 0.4528 0.8910 -0.0312
vn 0.4534 0.8908 -0.0308
vn 0.4534 0.8908 -0.0309
vn 0.4526 0.8912 -0.0309
vn 0.4524 0.8913 -0.0309
vn 0.4537 0.8906 -0.0305
vn 0.4533 0.8909 -0.0302
vn 0.4524 0.8913 -0.0301
vn 0.4533 0.8908 -0.0302
vn 0.4531 0.8909 -0.0302
vn 0.4535 0.8908 -0.0289
vn 0.4579 0.8885 -0.0291
vn 0.4525 0.8908 -0.0408
vn 0.4541 0.8908 -0.0131
vn 0.4542 0.8908 -0.0137
vn 0.4536 0.8911 -0.0131
vn -0.4525 -0.8908 0.0427
vn 0.4540 0.8909 -0.0136
vn 0.4538 0.8910 -0.0141
vn 0.4539 0.8909 -0.0133
vn -0.4524 -0.8909 0.0405
vn -0.4530 -0.8906 0.0403
vn 0.4531 0.8914 -0.0130
vn 0.4544 0.8907 -0.0130
vn 0.4538 0.8910 -0.0130
vn 0.4534 0.8912 -0.0134
vn 0.4536 0.8912 -0.0048
vn 0.4542 0.8908 -0.0096
vn 0.4539 0.8910 -0.0064
vn 0.4532 0.8913 -0.0135
vn 0.4541 0.8909 -0.0068
vn 0.4537 0.8911 -0.0121
vn 0.4540 0.8909 -0.0100
vn -0.4524 -0.8910 0.0387
vn 0.4533 0.8910 -0.0244
vn 0.4540 0.8909 -0.0159
vn 0.4554 0.8901 -0.0198
vn 0.4517 0.8921 -0.0119
vn 0.4535 0.8910 -0.0229
vn 0.4534 0.8910 -0.0231
vn -0.4501 -0.8907 0.0636
vn 0.4541 0.8907 -0.0196
vn 0.4563 0.8885 -0.0480
vn -0.4515 -0.8906 0.0543
vn 0.4542 0.8907 -0.0195
vn 0.4542 0.8907 -0.0199
vn 0.4504 0.8928 -0.0000
vn -0.4513 -0.8908 0.0536
vn -0.4505 -0.8911 0.0539
vn 0.4529 0.8914 -0.0190
vn 0.4529 0.8913 -0.0197
vn -0.4513 -0.8910 0.0504
vn 0.4553 0.8900 0.0263
vn 0.4543 0.8907 -0.0129
vn 0.4535 0.8911 -0.0149
vn 0.4539 0.8909 -0.0139
vn -0.4526 -0.8909 0.0377
vn -0.4526 -0.8909 0.0376
vn 0.4541 0.8909 -0.0100
vn 0.4542 0.8909 -0.0036
vn 0.4540 0.8910 -0.0068
vn 0.4540 0.8909 0.0155
vn 0.4538 0.8909 0.0153
vn 0.4539 0.8909 0.0155
vn 0.4539 0.8910 -0.0065
vn 0.4541 0.8909 -0.0107
vn 0.4537 0.8910 -0.0134
vn 0.4533 0.8910 -0.0262
vn 0.4534 0.8909 -0.0246
vn 0.0369 -0.0646 0.9972
vn 0.0993 -0.0695 0.9926
vn -0.4461 -0.8910 0.0839
vn 0.4497 0.8910 -0.0630
vn 0.4509 0.8910 -0.0527
vn 0.4523 0.8910 -0.0395
vn 0.4522 0.8910 -0.0407
vn 0.4540 0.8909 -0.0114
vn -0.3346 -0.8906 0.3080
vn -0.3346 -0.8907 0.3076
vn 0.3036 0.8910 -0.3376
vn -0.3346 -0.8906 0.3081
vn -0.3340 -0.8907 0.3084
vn 0.1957 0.8746 -0.4435
vn 0.3189 0.8909 -0.3234
vn -0.3417 -0.8829 0.3221
vn -0.3347 -0.8906 0.3078
vn -0.4472 -0.0000 0.8944
vn 0.3039 0.8908 -0.3378
vn 0.3036 0.8908 -0.3380
vn 0.3035 0.8911 -0.3373
vn 0.3195 0.8913 -0.3216
vn 0.3562 0.8910 -0.2815
vn 0.3491 0.8907 -0.2912
vn 0.3371 0.8909 -0.3043
vn 0.3375 0.8910 -0.3038
vn 0.3252 0.8909 -0.3170
vn 0.3178 0.8907 -0.3249
vn 0.3175 0.8910 -0.3246
vn 0.3175 0.8910 -0.3245
vn 0.3082 0.8899 -0.3363
vn 0.3062 0.8911 -0.3348
vn 0.3220 0.8910 -0.3201
vn 0.3218 0.8909 -0.3206
vn -0.3369 -0.8909 0.3046
vn -0.3368 -0.8910 0.3045
vn -0.3419 -0.8910 0.2987
vn -0.3421 -0.8909 0.2989
vn -0.3445 -0.8908 0.2964
vn 0.3251 0.8910 -0.3170
vn 0.3233 0.8909 -0.3190
vn 0.3242 0.8909 -0.3180
vn 0.3243 0.8908 -0.3182
vn -0.3374 -0.8910 0.3039
vn -0.3371 -0.8912 0.3033
vn -0.3415 -0.8916 0.2972
vn -0.3412 -0.8904 0.3012
vn -0.3412 -0.8927 0.2944
vn -0.3373 -0.8910 0.3041
vn 0.3237 0.8908 -0.3190
vn 0.3229 0.8911 -0.3189
vn 0.3252 0.8900 -0.3195
vn 0.3180 0.8971 -0.3066
vn -0.3368 -0.8911 0.3042
vn -0.3370 -0.8911 0.3039
vn -0.3437 -0.8898 0.3001
vn -0.3417 -0.8908 0.2995
vn -0.3412 -0.8916 0.2977
vn -0.3371 -0.8910 0.3040
vn -0.3370 -0.8910 0.3042
vn 0.3226 0.8910 -0.3195
vn 0.3227 0.8906 -0.3203
vn 0.3180 0.8923 -0.3204
vn 0.3241 0.8910 -0.3179
vn 0.3216 0.8913 -0.3197
vn 0.3207 0.8910 -0.3213
vn 0.3212 0.8908 -0.3215
vn -0.3364 -0.8910 0.3049
vn -0.3365 -0.8909 0.3051
vn -0.3327 -0.8911 0.3086
vn -0.3991 -0.8908 0.2171
vn -0.3851 -0.8910 0.2407
vn -0.3823 -0.8908 0.2455
vn -0.3697 -0.8910 0.2634
vn -0.3636 -0.8908 0.2724
vn -0.3497 -0.8910 0.2896
vn -0.3501 -0.8909 0.2893
vn 0.3279 0.8906 -0.3150
vn 0.3281 0.8907 -0.3147
vn 0.3334 0.8910 -0.3081
vn 0.3334 0.8910 -0.3080
vn 0.3337 0.8910 -0.3078
vn 0.3341 0.8909 -0.3077
vn 0.3338 0.8913 -0.3069
vn 0.3409 0.8909 -0.3002
vn 0.3408 0.8909 -0.3001
vn -0.3516 -0.8907 0.2882
vn -0.3513 -0.8907 0.2885
vn -0.3584 -0.8917 0.2765
vn -0.3569 -0.8914 0.2793
vn -0.3562 -0.8915 0.2800
vn -0.3510 -0.8910 0.2878
vn 0.3407 0.8911 -0.2998
vn 0.3406 0.8912 -0.2997
vn 0.3339 0.8910 -0.3077
vn 0.3342 0.8908 -0.3079
vn 0.3370 0.8910 -0.3043
vn 0.3485 0.8910 -0.2908
vn 0.3495 0.8904 -0.2916
vn 0.3550 0.8912 -0.2824
vn 0.3554 0.8908 -0.2830
vn -0.4264 -0.8909 0.1566
vn -0.4156 -0.8909 0.1832
vn -0.4140 -0.8908 0.1871
vn -0.4066 -0.8910 0.2020
vn -0.3974 -0.8907 0.2207
vn -0.3970 -0.8909 0.2205
vn -0.4062 -0.8909 0.2030
vn -0.4054 -0.8909 0.2048
vn -0.4124 -0.8910 0.1897
vn -0.4090 -0.8905 0.1992
vn 0.4334 0.8906 -0.1380
vn 0.4334 0.8906 -0.1376
vn 0.4314 0.8910 -0.1413
vn 0.4320 0.8907 -0.1415
vn 0.4307 0.8910 -0.1438
vn 0.4320 0.8903 -0.1442
vn 0.4301 0.8912 -0.1441
vn 0.4314 0.8905 -0.1445
vn 0.4308 0.8907 -0.1448
vn 0.4298 0.8913 -0.1446
vn 0.4302 0.8910 -0.1450
vn 0.4306 0.8908 -0.1453
vn 0.4298 0.8911 -0.1455
vn 0.4312 0.8904 -0.1458
vn 0.4293 0.8913 -0.1459
vn 0.4303 0.8908 -0.1459
vn 0.4303 0.8907 -0.1466
vn 0.4296 0.8911 -0.1465
vn 0.4299 0.8909 -0.1466
vn 0.4293 0.8912 -0.1464
vn 0.4300 0.8908 -0.1471
vn 0.4301 0.8907 -0.1470
vn 0.4292 0.8911 -0.1473
vn 0.4297 0.8908 -0.1476
vn 0.4294 0.8909 -0.1479
vn 0.4298 0.8907 -0.1482
vn 0.4288 0.8911 -0.1488
vn 0.4294 0.8907 -0.1490
vn -0.4365 -0.8908 0.1265
vn 0.4515 0.8910 -0.0464
vn 0.4514 0.8911 -0.0472
vn -0.4486 -0.8910 0.0692
vn -0.4496 -0.8905 0.0692
vn -0.4500 -0.8867 0.1059
vn -0.4437 -0.8905 0.1008
vn -0.4433 -0.8933 0.0739
vn -0.4483 -0.8912 0.0693
vn -0.4488 -0.8910 0.0689
vn 0.4509 0.8912 -0.0488
vn 0.4511 0.8912 -0.0487
vn 0.4519 0.8912 -0.0379
vn 0.4524 0.8910 -0.0385
vn 0.4509 0.8912 -0.0497
vn 0.4513 0.8910 -0.0498
vn -0.4479 -0.8909 0.0753
vn -0.4483 -0.8906 0.0769
vn 0.4499 0.8910 -0.0613
vn 0.4506 0.8907 -0.0606
vn -0.4468 -0.8909 0.0814
vn -0.4464 -0.8911 0.0812
vn -0.4449 -0.8911 0.0900
vn -0.4461 -0.8905 0.0902
vn -0.4437 -0.8916 0.0899
vn -0.4466 -0.8910 0.0819
vn -0.4468 -0.8909 0.0817
vn 0.4493 0.8912 -0.0618
vn 0.4496 0.8910 -0.0624
vn 0.4505 0.8912 -0.0528
vn 0.4521 0.8904 -0.0527
vn 0.4511 0.8911 -0.0500
vn 0.4501 0.8908 -0.0624
vn 0.4496 0.8910 -0.0626
vn -0.4467 -0.8908 0.0831
vn -0.4466 -0.8910 0.0823
vn -0.4449 -0.8910 0.0911
vn -0.4448 -0.8910 0.0910
vn -0.4411 -0.8909 0.1084
vn -0.4409 -0.8909 0.1087
vn 0.4529 0.8910 -0.0321
vn 0.4525 0.8911 -0.0356
vn 0.4527 0.8909 -0.0356
vn 0.4509 0.8910 -0.0531
vn 0.4493 0.8910 -0.0649
vn 0.4477 0.8909 -0.0759
vn 0.4637 0.8858 0.0201
vn -0.4418 -0.8911 0.1036
vn -0.4409 -0.8908 0.1094
vn -0.4396 -0.8910 0.1136
vn -0.4341 -0.8909 0.1332
vn -0.4342 -0.8909 0.1333
vn -0.4342 -0.8909 0.1331
vn -0.4396 -0.8910 0.1139
vn -0.4392 -0.8911 0.1145
vn -0.4417 -0.8910 0.1053
vn 0.4459 0.8911 -0.0849
vn 0.4454 0.8913 -0.0852
vn 0.4482 0.8907 -0.0758
vn 0.4474 0.8911 -0.0759
vn 0.4476 0.8910 -0.0757
vn 0.4456 0.8912 -0.0846
vn 0.4462 0.8910 -0.0836
vn -0.4422 -0.8908 0.1051
vn -0.4395 -0.8910 0.1144
vn -0.4395 -0.8911 0.1131
vn -0.4395 -0.8910 0.1138
vn 0.3743 0.8909 -0.2572
vn 0.3695 0.8910 -0.2638
vn 0.3696 0.8909 -0.2639
vn 0.3694 0.8910 -0.2641
vn 0.3695 0.8909 -0.2641
vn 0.3682 0.8910 -0.2657
vn 0.3682 0.8910 -0.2654
vn 0.3629 0.8906 -0.2740
vn 0.3640 0.8899 -0.2748
vn 0.3595 0.8907 -0.2781
vn 0.3590 0.8905 -0.2794
vn 0.3541 0.8917 -0.2819
vn 0.3572 0.8890 -0.2865
vn 0.3335 0.8937 -0.3001
vn 0.3375 0.8910 -0.3037
vn 0.3559 0.8907 -0.2829
vn 0.3544 0.8914 -0.2825
vn 0.3493 0.8903 -0.2922
vn 0.3485 0.8911 -0.2908
vn 0.3484 0.8910 -0.2911
vn 0.3549 0.8909 -0.2835
vn 0.3532 0.8904 -0.2872
vn -0.3743 -0.8910 0.2570
vn -0.3739 -0.8904 0.2596
vn -0.4693 -0.8774 0.0995
vn -0.4658 -0.8793 0.0992
vn 0.3832 0.8911 -0.2431
vn 0.3840 0.8907 -0.2434
vn 0.4125 0.8901 -0.1937
vn 0.4118 0.8907 -0.1924
vn 0.4109 0.8911 -0.1925
vn 0.3816 0.8902 -0.2488
vn 0.3782 0.8906 -0.2525
vn -0.4237 -0.8890 0.1738
vn -0.4221 -0.8876 0.1845
vn -0.3724 -0.8908 0.2603
vn -0.3721 -0.8908 0.2606
vn -0.3718 -0.8906 0.2618
vn -0.4137 -0.8885 0.1983
vn -0.4106 -0.8902 0.1972
vn 0.3539 0.8887 -0.2916
vn 0.3555 0.8883 -0.2908
vn 0.4118 0.8906 -0.1932
vn 0.4127 0.8909 -0.1896
vn 0.4257 0.8906 -0.1601
vn 0.4295 0.8896 -0.1555
vn 0.4244 0.8910 -0.1615
vn 0.4164 0.8910 -0.1809
vn 0.4178 0.8907 -0.1792
vn -0.4093 -0.8909 0.1970
vn -0.4084 -0.8907 0.1998
vn -0.3949 -0.8910 0.2242
vn -0.3943 -0.8911 0.2248
vn -0.3943 -0.8907 0.2261
vn -0.4049 -0.8905 0.2076
vn -0.4041 -0.8908 0.2077
vn 0.4304 0.8888 -0.1573
vn -0.3565 -0.8830 0.3054
vn 0.4260 0.8905 -0.1600
vn 0.4250 0.8910 -0.1595
vn 0.4279 0.8908 -0.1529
vn 0.4277 0.8909 -0.1530
vn 0.4278 0.8909 -0.1522
vn 0.4272 0.8913 -0.1521
vn 0.4303 0.8900 -0.1511
vn -0.3955 -0.8904 0.2253
vn -0.3958 -0.8911 0.2219
vn -0.4038 -0.8904 0.2102
vn -0.4000 -0.8917 0.2118
vn -0.4008 -0.8912 0.2122
vn -0.3977 -0.8906 0.2206
vn -0.3982 -0.8907 0.2194
vn 0.4319 0.8899 -0.1468
vn 0.4307 0.8906 -0.1460
vn 0.4272 0.8906 -0.1558
vn 0.4279 0.8911 -0.1509
vn 0.4282 0.8909 -0.1514
vn 0.4326 0.8903 -0.1420
vn 0.4347 0.8896 -0.1399
vn -0.4006 -0.8903 0.2166
vn -0.3997 -0.8910 0.2154
vn -0.4015 -0.8922 0.2066
vn -0.4024 -0.8895 0.2165
vn -0.4010 -0.8915 0.2108
vn -0.4021 -0.8911 0.2106
vn -0.4026 -0.8908 0.2108
vn 0.4585 0.8848 -0.0831
vn -0.2284 -0.8116 0.5378
vn 0.4288 0.8908 -0.1504
vn 0.4285 0.8910 -0.1501
vn 0.4349 0.8910 -0.1301
vn 0.4352 0.8909 -0.1299
vn 0.4416 0.8909 -0.1061
vn 0.4417 0.8910 -0.1055
vn 0.4418 0.8909 -0.1050
vn 0.4422 0.8909 -0.1040
vn 0.4370 0.8909 -0.1238
vn 0.4368 0.8910 -0.1240
vn 0.4335 0.8909 -0.1356
vn 0.4335 0.8908 -0.1358
vn -0.4227 -0.8907 0.1670
vn -0.4232 -0.8906 0.1664
vn -0.4146 -0.8911 0.1845
vn -0.4136 -0.8909 0.1875
vn -0.4142 -0.8908 0.1867
vn -0.4231 -0.8910 0.1648
vn -0.4233 -0.8908 0.1650
vn 0.4369 0.8910 -0.1236
vn -0.4293 -0.8909 0.1481
vn -0.4300 -0.8905 0.1483
vn 0.4423 0.8909 -0.1032
vn 0.4422 0.8910 -0.1032
vn 0.4466 0.8909 -0.0828
vn 0.4461 0.8909 -0.0860
vn 0.4467 0.8911 -0.0801
vn 0.4429 0.8910 -0.0999
vn 0.4411 0.8908 -0.1094
vn 0.4412 0.8909 -0.1081
vn -0.4359 -0.8909 0.1275
vn -0.4360 -0.8908 0.1275
vn -0.4318 -0.8911 0.1393
vn -0.4325 -0.8910 0.1381
vn -0.4256 -0.8909 0.1586
vn -0.4257 -0.8908 0.1586
vn -0.4347 -0.8910 0.1313
vn -0.4350 -0.8909 0.1303
vn -0.4411 -0.8910 0.1078
vn -0.4422 -0.8904 0.1080
vn -0.4459 -0.8910 0.0850
vn -0.4491 -0.8910 0.0667
vn -0.4511 -0.8910 0.0523
vn -0.4484 -0.8916 0.0639
vn -0.4497 -0.8911 0.0619
vn -0.4494 -0.8906 0.0698
vn -0.4514 -0.8908 0.0527
vn -0.4512 -0.8908 0.0528
vn 0.4538 0.8909 -0.0176
vn -0.4505 -0.8907 0.0617
vn -0.4491 -0.8910 0.0659
vn -0.4496 -0.8910 0.0638
vn -0.4510 -0.8908 0.0548
vn -0.4515 -0.8906 0.0544
vn 0.4540 0.8908 -0.0201
vn -0.4521 -0.8911 0.0393
vn -0.4513 -0.8913 0.0430
vn -0.4495 -0.8909 0.0653
vn -0.4496 -0.8909 0.0652
vn -0.4518 -0.8910 0.0448
vn -0.4515 -0.8910 0.0487
vn -0.4529 -0.8908 0.0372
vn -0.4518 -0.8912 0.0405
vn -0.4518 -0.8909 0.0466
vn -0.4511 -0.8911 0.0488
vn -0.4530 -0.8903 0.0465
vn -0.4515 -0.8914 0.0399
vn -0.4525 -0.8909 0.0401
vn 0.4537 0.8911 -0.0125
vn 0.4540 0.8909 -0.0138
vn -0.4519 -0.8908 0.0468
vn -0.4523 -0.8908 0.0431
vn -0.4517 -0.8910 0.0464
vn -0.4518 -0.8909 0.0477
vn -0.4541 -0.8908 0.0151
vn 0.4540 0.8910 -0.0034
vn -0.4529 -0.8909 0.0349
vn -0.4527 -0.8910 0.0350
vn -0.4516 -0.8910 0.0468
vn -0.4517 -0.8909 0.0478
vn -0.4522 -0.8911 0.0387
vn -0.4527 -0.8908 0.0393
vn 0.4538 0.8910 -0.0120
vn 0.4540 0.8909 -0.0125
vn 0.4537 0.8911 -0.0069
vn 0.4537 0.8911 -0.0061
vn 0.4540 0.8910 -0.0067
vn 0.4542 0.8909 -0.0080
vn 0.4542 0.8908 -0.0080
vn 0.4543 0.8908 -0.0130
vn 0.4537 0.8910 -0.0130
vn -0.4527 -0.8907 0.0406
vn -0.4521 -0.8910 0.0408
vn -0.4522 -0.8906 0.0487
vn -0.4512 -0.8913 0.0448
vn -0.4511 -0.8914 0.0436
vn -0.4519 -0.8911 0.0412
vn -0.4527 -0.8907 0.0417
vn 0.4548 0.8905 -0.0134
vn 0.4537 0.8910 -0.0138
vn 0.4541 0.8909 -0.0070
vn 0.4540 0.8910 -0.0065
vn 0.4538 0.8910 -0.0147
vn 0.4540 0.8909 -0.0144
vn -0.4520 -0.8908 0.0462
vn 0.4553 0.8899 0.0270
vn -0.4514 -0.8910 0.0485
vn -0.4514 -0.8910 0.0483
vn -0.4495 -0.8909 0.0649
vn -0.4496 -0.8908 0.0655
vn -0.4504 -0.8903 0.0668
vn -0.4511 -0.8910 0.0520
vn -0.4510 -0.8910 0.0520
vn 0.4544 0.8906 -0.0172
vn 0.4536 0.8910 -0.0180
vn 0.4503 0.8927 -0.0159
vn 0.4582 0.8887 -0.0158
vn 0.4519 0.8919 -0.0159
vn 0.4536 0.8910 -0.0191
vn 0.4544 0.8906 -0.0186
vn -0.4506 -0.8912 0.0531
vn -0.4509 -0.8910 0.0532
vn -0.4496 -0.8911 0.0616
vn -0.4508 -0.8899 0.0694
vn -0.4487 -0.8913 0.0643
vn -0.4506 -0.8911 0.0539
vn -0.4507 -0.8910 0.0546
vn 0.4537 0.8909 -0.0196
vn 0.4531 0.8912 -0.0201
vn 0.4486 0.8932 -0.0315
vn 0.4544 0.8908 -0.0000
vn 0.4536 0.8910 -0.0206
vn 0.4536 0.8910 -0.0205
vn -0.4505 -0.8909 0.0577
vn -0.4507 -0.8908 0.0578
vn -0.4496 -0.8909 0.0648
vn -0.4495 -0.8908 0.0661
vn -0.4500 -0.8908 0.0632
vn -0.4503 -0.8910 0.0578
vn -0.4503 -0.8908 0.0603
vn -0.4501 -0.8911 0.0583
vn -0.4501 -0.8910 0.0587
vn -0.4505 -0.8909 0.0586
vn -0.4502 -0.8910 0.0586
vn -0.4501 -0.8910 0.0590
vn -0.4499 -0.8911 0.0589
vn -0.4500 -0.8910 0.0594
vn -0.4498 -0.8911 0.0593
vn -0.4499 -0.8911 0.0594
vn -0.4509 -0.8906 0.0594
vn -0.4499 -0.8911 0.0598
vn -0.4501 -0.8910 0.0593
vn -0.4500 -0.8910 0.0598
vn -0.4498 -0.8911 0.0598
vn -0.4500 -0.8909 0.0615
vn -0.4499 -0.8910 0.0609
vn -0.4494 -0.8903 0.0734
vn -0.4487 -0.8906 0.0735
vn 0.4527 0.8909 -0.0353
vn 0.4533 0.8910 -0.0260
vn 0.4531 0.8910 -0.0278
vn 0.4540 0.8909 -0.0107
vn 0.4532 0.8912 0.0216
vn 0.4541 0.8909 0.0035
vn 0.4486 0.8910 0.0703
vn 0.4506 0.8910 0.0550
vn 0.4501 0.8910 0.0596
vn 0.4524 0.8910 0.0388
vn 0.4531 0.8910 0.0273
vn 0.4542 0.8908 0.0111
vn 0.4539 0.8910 -0.0007
vn 0.4602 0.8874 -0.0267
vn -0.0000 0.8910 0.4540
vn -0.0001 0.8911 0.4539
vn -0.0001 0.8910 0.4540
vn -0.0000 0.8910 0.4541
vn -0.0000 0.8911 0.4538
vn -0.0001 0.8909 0.4541
vn -0.0020 0.8929 0.4503
vn -0.0001 0.8910 0.4541
vn -0.0000 0.8909 0.4541
vn 0.0001 0.8910 0.4539
vn -0.0000 0.8912 0.4537
vn -0.0000 0.8913 0.4534
vn -0.0000 0.8908 0.4543
vn -0.0000 0.8909 0.4543
vn -0.0000 1.0000 -0.0017
vn -0.0000 0.9999 0.0104
vn -0.0000 1.0000 0.0001
vn -0.0000 1.0000 0.0050
vn -0.0000 0.8910 0.4539
vn -0.4344 0.8911 -0.1315
vn -0.4433 0.8910 -0.0981
vn -0.4539 0.8910 0.0138
vn -0.4520 0.8911 -0.0411
vn -0.4527 0.8909 -0.0355
vn -0.4532 0.8910 -0.0275
vn -0.4533 0.8910 -0.0257
vn -0.4537 0.8910 -0.0168
vn -0.4537 0.8910 -0.0177
vn -0.4540 0.8910 -0.0048
vn -0.4541 0.8910 -0.0033
vn -0.4539 0.8910 0.0055
vn -0.4539 0.8909 0.0175
vn -0.4462 0.8908 -0.0857
vn -0.4447 0.8911 -0.0907
vn -0.4472 0.8910 -0.0780
vn -0.4497 0.8909 -0.0633
vn -0.4486 0.8911 -0.0682
vn -0.4510 0.8909 -0.0531
vn -0.4409 0.8908 -0.1102
vn -0.4362 0.8914 -0.1230
vn -0.4402 0.8910 -0.1112
vn -0.4109 0.8911 -0.1927
vn -0.4109 0.8911 -0.1928
vn -0.4177 0.8909 -0.1787
vn -0.4162 0.8910 -0.1815
vn -0.4216 0.8910 -0.1686
vn -0.4205 0.8910 -0.1709
vn -0.4281 0.8908 -0.1527
vn -0.4258 0.8911 -0.1572
vn -0.4331 0.8909 -0.1369
vn -0.3875 0.8913 -0.2353
vn -0.3942 0.8910 -0.2254
vn -0.4017 0.8910 -0.2117
vn -0.3998 0.8912 -0.2144
vn -0.4059 0.8909 -0.2037
vn -0.3920 0.8908 -0.2298
vn -0.3851 0.8910 -0.2403
vn -0.3815 0.8910 -0.2463
vn -0.3780 0.8912 -0.2509
vn -0.3747 0.8909 -0.2566
vn -0.3676 0.8911 -0.2663
vn -0.3666 0.8911 -0.2673
vn -0.3604 0.8909 -0.2764
vn -0.3526 0.8913 -0.2850
vn -0.3555 0.8909 -0.2826
vn -0.3451 0.8910 -0.2950
vn -0.3452 0.8910 -0.2949
vn -0.3395 0.8910 -0.3015
vn -0.3374 0.8909 -0.3040
vn -0.3322 0.8912 -0.3088
vn -0.3263 0.8905 -0.3171
vn -0.3212 0.8912 -0.3205
vn -0.3127 0.8908 -0.3296
vn -0.3102 0.8912 -0.3310
vn -0.3047 0.8909 -0.3368
vn -0.2996 0.8912 -0.3405
vn -0.2945 0.8902 -0.3476
vn -0.2928 0.8905 -0.3482
vn -0.2836 0.8914 -0.3534
vn -0.2832 0.8915 -0.3536
vn -0.2775 0.8907 -0.3601
vn -0.2688 0.8921 -0.3632
vn -0.2726 0.8906 -0.3640
vn -0.2610 0.8913 -0.3709
vn -0.2464 0.8873 -0.3898
vn -0.2506 0.8970 -0.3642
vn -0.2512 0.8906 -0.3791
vn -0.2608 0.8913 -0.3708
vn -0.4529 0.8909 0.0353
vn -0.4528 0.8909 0.0362
vn -0.4532 0.8910 0.0273
vn -0.4479 0.8910 0.0739
vn -0.4493 0.8910 0.0651
vn -0.4504 0.8909 0.0590
vn -0.4509 0.8910 0.0534
vn -0.4519 0.8910 0.0441
vn -0.4462 0.8908 0.0857
vn -0.4465 0.8909 0.0827
vn -0.4425 0.8910 0.1017
vn -0.4420 0.8909 0.1048
vn -0.4400 0.8910 0.1120
vn -0.4312 0.8909 0.1428
vn -0.4335 0.8910 0.1349
vn -0.4368 0.8910 0.1241
vn -0.4359 0.8908 0.1286
vn -0.4381 0.8910 0.1192
vn -0.4315 0.8910 0.1414
vn -0.4264 0.8910 0.1558
vn -0.4273 0.8909 0.1541
vn -0.4234 0.8910 0.1636
vn -0.4224 0.8909 0.1668
vn -0.4218 0.8910 0.1680
vn -0.4205 0.8910 0.1710
vn -0.4204 0.8910 0.1713
vn -0.4207 0.8910 0.1707
vn -0.4225 0.8911 0.1658
vn -0.4225 0.8911 0.1657
vn -0.4246 0.8910 0.1608
vn -0.4278 0.8911 0.1515
vn -0.4278 0.8911 0.1518
vn -0.4259 0.8910 0.1573
vn -0.4366 0.8910 0.1246
vn -0.4345 0.8910 0.1317
vn -0.4337 0.8911 0.1339
vn -0.4318 0.8910 0.1402
vn -0.4301 0.8910 0.1452
vn -0.4386 0.8910 0.1175
vn -0.4394 0.8911 0.1138
vn -0.4419 0.8910 0.1045
vn -0.4445 0.8910 0.0920
vn -0.4450 0.8910 0.0902
vn -0.4479 0.8910 0.0746
vn -0.4488 0.8910 0.0677
vn -0.4503 0.8910 0.0586
vn -0.4519 0.8910 0.0436
vn -0.4519 0.8910 0.0431
vn -0.4532 0.8910 0.0281
vn -0.4534 0.8911 0.0198
vn -0.4539 0.8910 0.0134
vn -0.4540 0.8910 -0.0008
vn -0.4538 0.8911 -0.0042
vn -0.4538 0.8910 -0.0115
vn -0.4536 0.8910 -0.0181
vn -0.4531 0.8911 -0.0265
vn -0.4531 0.8910 -0.0273
vn -0.4514 0.8911 -0.0464
vn -0.4522 0.8910 -0.0409
vn -0.4526 0.8910 -0.0351
vn -0.4495 0.8911 -0.0623
vn -0.4499 0.8910 -0.0605
vn -0.4512 0.8910 -0.0505
vn -0.4479 0.8911 -0.0734
vn -0.4484 0.8910 -0.0707
vn -0.4490 0.8910 -0.0668
vn -0.4479 0.8910 -0.0738
vn -0.4476 0.8910 -0.0765
vn -0.4476 0.8910 -0.0766
vn -0.4473 0.8910 -0.0776
vn -0.4477 0.8910 -0.0759
vn -0.4487 0.8910 -0.0697
vn -0.4491 0.8909 -0.0682
vn -0.4494 0.8910 -0.0641
vn -0.4464 0.8938 -0.0422
vn -0.4504 0.8910 -0.0573
vn -0.4508 0.8909 -0.0554
vn -0.4513 0.8910 -0.0492
vn -0.4523 0.8909 -0.0412
vn -0.4523 0.8910 -0.0398
vn -0.4530 0.8910 -0.0293
vn -0.4529 0.8910 -0.0298
vn -0.4536 0.8910 -0.0199
vn -0.4536 0.8910 -0.0201
vn -0.4538 0.8910 -0.0138
vn -0.4542 0.8909 -0.0048
vn -0.4538 0.8911 -0.0081
vn -0.4542 0.8909 0.0092
vn -0.4538 0.8911 0.0053
vn -0.4538 0.8910 0.0174
vn -0.4537 0.8910 0.0174
vn -0.4532 0.8911 0.0249
vn -0.4532 0.8910 0.0257
vn -0.4526 0.8909 0.0373
vn -0.4526 0.8910 0.0361
vn -0.4518 0.8910 0.0444
vn -0.4514 0.8909 0.0498
vn -0.4507 0.8911 0.0533
vn -0.4500 0.8910 0.0606
vn -0.4487 0.8911 0.0683
vn -0.4487 0.8911 0.0678
vn -0.4470 0.8908 0.0813
vn -0.4471 0.8909 0.0797
vn -0.4451 0.8910 0.0891
vn -0.4435 0.8907 0.0998
vn -0.4435 0.8912 0.0955
vn -0.4395 0.8907 0.1159
vn -0.4395 0.8911 0.1130
vn -0.4358 0.8909 0.1277
vn -0.4359 0.8910 0.1268
vn -0.4332 0.8910 0.1358
vn -0.4332 0.8910 0.1362
vn -0.4290 0.8910 0.1482
vn -0.4291 0.8904 0.1518
vn -0.4200 0.8918 0.1681
vn -0.4176 0.8887 0.1895
vn -0.4135 0.8929 0.1780
vn -0.4362 0.8838 0.1694
vn -0.0000 0.8912 -0.4536
vn -0.0000 0.8912 -0.4537
vn 0.4540 0.8910 -0.0000
vn 0.2032 0.9592 0.1966
vn 0.4290 0.9012 -0.0616
vn 0.3992 0.9151 -0.0572
vn 0.3571 0.9326 -0.0515
vn 0.3327 0.9418 -0.0475
vn 0.2647 0.9636 -0.0378
vn 0.2863 0.9573 -0.0409
vn 0.2129 0.9766 -0.0303
vn 0.1497 0.9885 -0.0213
vn 0.0942 0.9955 -0.0137
vn 0.0074 1.0000 -0.0030
vn 0.0308 0.9995 -0.0050
vn 0.0566 0.9984 -0.0080
vn 0.0724 0.9973 -0.0103
vn 0.0594 0.9966 0.0563
vn 0.0362 0.9987 0.0349
vn 0.1038 0.9897 0.0986
vn 0.0816 0.9935 0.0794
vn 0.1470 0.9790 0.1413
vn 0.1381 0.9814 0.1330
vn 0.1223 0.9851 0.1212
vn 0.1897 0.9647 0.1828
vn 0.1750 0.9697 0.1703
vn 0.1555 0.9750 0.1588
vn 0.2186 0.9522 0.2133
vn 0.2693 0.9232 0.2743
vn 0.2632 0.9287 0.2614
vn 0.2509 0.9369 0.2433
vn 0.2360 0.9448 0.2273
vn 0.2887 0.9161 0.2781
vn 0.3027 0.9060 0.2960
vn 0.4193 0.9058 -0.0608
vn 0.4185 0.9058 -0.0661
vn 0.4186 0.9058 -0.0661
vn 0.4180 0.9058 -0.0696
vn 0.4179 0.9058 -0.0696
vn 0.4181 0.9058 -0.0687
vn 0.4188 0.9058 -0.0643
vn 0.4281 0.9014 -0.0647
vn 0.4194 0.9058 -0.0609
vn 0.4201 0.9058 -0.0559
vn 0.4200 0.9058 -0.0559
vn 0.4211 0.9058 -0.0474
vn 0.4357 0.8992 -0.0408
vn 0.4221 0.9058 -0.0379
vn 0.4224 0.9058 -0.0345
vn 0.4229 0.9058 -0.0277
vn 0.4232 0.9058 -0.0206
vn 0.4328 0.9013 -0.0173
vn 0.4235 0.9058 -0.0151
vn 0.4237 0.9058 -0.0068
vn 0.4237 0.9058 -0.0008
vn 0.4315 0.9021 0.0038
vn 0.4237 0.9058 0.0051
vn 0.4235 0.9058 0.0159
vn 0.4228 0.9058 0.0284
vn 0.4358 0.8991 0.0405
vn 0.4218 0.9058 0.0413
vn 0.4213 0.9058 0.0457
vn 0.4203 0.9058 0.0543
vn 0.4190 0.9058 0.0635
vn 0.4290 0.9006 0.0692
vn 0.4179 0.9058 0.0701
vn 0.4160 0.9058 0.0807
vn 0.4145 0.9058 0.0880
vn 0.4178 0.9036 0.0948
vn 0.4131 0.9058 0.0946
vn 0.4101 0.9058 0.1069
vn 0.4070 0.9058 0.1181
vn 0.4134 0.9014 0.1287
vn 0.4042 0.9058 0.1272
vn 0.4033 0.9058 0.1302
vn 0.4020 0.9058 0.1341
vn 0.4010 0.9058 0.1370
vn 0.4017 0.9058 0.1348
vn 0.4018 0.9058 0.1348
vn 0.4042 0.9058 0.1271
vn 0.4043 0.9058 0.1271
vn 0.4077 0.9058 0.1157
vn 0.4077 0.9057 0.1157
vn 0.4112 0.9058 0.1026
vn 0.4080 0.9074 0.1011
vn 0.4129 0.9058 0.0950
vn 0.4149 0.9058 0.0863
vn 0.4182 0.9057 0.0687
vn 0.4197 0.9058 0.0578
vn 0.4191 0.9062 0.0561
vn 0.4201 0.9058 0.0547
vn 0.4214 0.9057 0.0447
vn 0.4168 0.9080 0.0428
vn 0.4224 0.9058 0.0344
vn 0.4233 0.9057 0.0219
vn 0.4158 0.9092 0.0235
vn 0.4235 0.9058 0.0125
vn 0.4239 0.9057 -0.0016
vn 0.4120 0.9112 0.0019
vn 0.4237 0.9058 -0.0104
vn 0.4230 0.9057 -0.0270
vn 0.4050 0.9141 -0.0204
vn 0.4213 0.9058 -0.0455
vn 0.4098 0.9106 -0.0530
vn 0.4196 0.9057 -0.0596
vn 0.4178 0.9058 -0.0707
vn 0.4178 0.9058 -0.0708
vn 0.4155 0.9057 -0.0838
vn 0.4102 0.9080 -0.0849
vn 0.4125 0.9058 -0.0970
vn 0.4087 0.9057 -0.1125
vn 0.3981 0.9113 -0.1049
vn 0.4051 0.9064 -0.1196
vn 0.4050 0.9058 -0.1246
vn 0.4003 0.9057 -0.1396
vn 0.3912 0.9108 -0.1320
vn 0.3967 0.9058 -0.1491
vn 0.3898 0.9057 -0.1667
vn 0.3753 0.9142 -0.1528
vn 0.3867 0.9058 -0.1734
vn 0.3818 0.9058 -0.1840
vn 0.3698 0.9095 -0.1899
vn 0.3751 0.9057 -0.1974
vn 0.3698 0.9056 -0.2074
vn 0.3663 0.9060 -0.2121
vn 0.3665 0.9058 -0.2127
vn 0.3608 0.9058 -0.2223
vn 0.3490 0.9097 -0.2249
vn 0.3535 0.9057 -0.2339
vn 0.3472 0.9058 -0.2429
vn 0.3370 0.9084 -0.2473
vn 0.3401 0.9057 -0.2529
vn 0.3335 0.9057 -0.2615
vn 0.3246 0.9076 -0.2661
vn 0.3267 0.9058 -0.2699
vn 0.3197 0.9058 -0.2782
vn 0.3114 0.9080 -0.2805
vn 0.3135 0.9058 -0.2851
vn 0.3064 0.9058 -0.2928
vn 0.2992 0.9084 -0.2919
vn 0.3010 0.9058 -0.2983
vn 0.2969 0.9058 -0.3023
vn 0.2924 0.9058 -0.3068
vn 0.2826 0.9103 -0.3026
vn 0.2862 0.9058 -0.3125
vn 0.2787 0.9058 -0.3192
vn 0.2761 0.9082 -0.3146
vn 0.2754 0.9058 -0.3220
vn 0.2721 0.9058 -0.3248
vn 0.2702 0.9058 -0.3264
vn 0.2754 0.9043 -0.3262
vn 0.2738 0.9058 -0.3234
vn 0.2771 0.9058 -0.3206
vn 0.2825 0.9058 -0.3158
vn 0.2826 0.9057 -0.3159
vn 0.2942 0.9057 -0.3051
vn 0.2942 0.9058 -0.3051
vn 0.3074 0.9057 -0.2918
vn 0.3214 0.9057 -0.2763
vn 0.3356 0.9057 -0.2589
vn 0.3493 0.9057 -0.2401
vn 0.3619 0.9057 -0.2207
vn 0.3619 0.9057 -0.2208
vn 0.3733 0.9057 -0.2009
vn 0.3835 0.9057 -0.1807
vn 0.3922 0.9057 -0.1607
vn 0.3998 0.9057 -0.1408
vn 0.4063 0.9057 -0.1207
vn 0.4063 0.9057 -0.1208
vn 0.4116 0.9057 -0.1010
vn 0.4159 0.9057 -0.0818
vn 0.4192 0.9057 -0.0630
vn 0.4191 0.9058 -0.0630
vn 0.4215 0.9057 -0.0449
vn 0.4214 0.9057 -0.0449
vn 0.4227 0.9058 -0.0299
vn 0.4236 0.9058 -0.0146
vn 0.4236 0.9057 -0.0146
vn 0.4238 0.9058 0.0033
vn 0.4238 0.9057 0.0033
vn 0.4233 0.9057 0.0202
vn 0.4222 0.9058 0.0362
vn 0.4207 0.9058 0.0513
vn 0.4187 0.9058 0.0656
vn 0.4166 0.9058 0.0775
vn 0.4142 0.9057 0.0897
vn 0.4142 0.9058 0.0897
vn 0.4109 0.9058 0.1037
vn 0.4074 0.9057 0.1168
vn 0.4074 0.9058 0.1167
vn 0.4037 0.9058 0.1290
vn 0.4036 0.9058 0.1290
vn 0.3997 0.9058 0.1406
vn 0.3998 0.9058 0.1406
vn 0.3957 0.9058 0.1516
vn 0.4088 0.8995 0.1541
vn 0.3944 0.9058 0.1548
vn 0.3916 0.9058 0.1620
vn 0.3932 0.9029 0.1735
vn 0.3873 0.9058 0.1720
vn 0.3915 0.9058 0.1620
vn 0.3855 0.9058 0.1759
vn 0.3829 0.9058 0.1817
vn 0.3829 0.9058 0.1816
vn 0.3783 0.9058 0.1910
vn 0.3734 0.9058 0.2004
vn 0.3679 0.9058 0.2104
vn 0.3618 0.9058 0.2206
vn 0.3623 0.9022 0.2341
vn 0.3554 0.9058 0.2308
vn 0.3526 0.9058 0.2351
vn 0.3485 0.9058 0.2412
vn 0.3427 0.9058 0.2492
vn 0.3500 0.9004 0.2585
vn 0.3387 0.9058 0.2546
vn 0.3324 0.9058 0.2629
vn 0.3232 0.9058 0.2741
vn 0.3132 0.9058 0.2855
vn 0.3053 0.9058 0.2939
vn 0.3118 0.8967 0.3141
vn 0.2598 0.9322 0.2520
vn 0.2675 0.9322 0.2438
vn 0.2760 0.9322 0.2341
vn 0.2838 0.9322 0.2245
vn 0.2839 0.9322 0.2245
vn 0.2911 0.9322 0.2150
vn 0.2976 0.9322 0.2060
vn 0.3035 0.9322 0.1972
vn 0.3035 0.9322 0.1971
vn 0.3090 0.9322 0.1884
vn 0.3089 0.9322 0.1884
vn 0.3141 0.9322 0.1796
vn 0.3141 0.9322 0.1797
vn 0.3188 0.9322 0.1711
vn 0.3188 0.9322 0.1712
vn 0.3230 0.9322 0.1631
vn 0.3269 0.9322 0.1551
vn 0.3307 0.9322 0.1469
vn 0.3344 0.9322 0.1384
vn 0.3344 0.9322 0.1383
vn 0.3379 0.9322 0.1294
vn 0.3413 0.9322 0.1201
vn 0.3414 0.9322 0.1201
vn 0.3447 0.9322 0.1102
vn 0.3479 0.9322 0.0997
vn 0.3509 0.9322 0.0885
vn 0.3509 0.9322 0.0886
vn 0.3537 0.9322 0.0766
vn 0.3558 0.9322 0.0661
vn 0.3576 0.9322 0.0560
vn 0.3575 0.9322 0.0560
vn 0.3592 0.9322 0.0438
vn 0.3606 0.9322 0.0309
vn 0.3615 0.9322 0.0173
vn 0.3615 0.9322 0.0172
vn 0.3619 0.9322 0.0028
vn 0.3617 0.9322 -0.0125
vn 0.3610 0.9322 -0.0256
vn 0.3599 0.9322 -0.0383
vn 0.3579 0.9322 -0.0538
vn 0.3551 0.9322 -0.0698
vn 0.3515 0.9322 -0.0863
vn 0.3469 0.9322 -0.1031
vn 0.3470 0.9322 -0.1031
vn 0.3414 0.9322 -0.1203
vn 0.3349 0.9322 -0.1372
vn 0.3350 0.9322 -0.1372
vn 0.3274 0.9322 -0.1543
vn 0.3188 0.9322 -0.1716
vn 0.3187 0.9322 -0.1716
vn 0.3090 0.9322 -0.1885
vn 0.2983 0.9322 -0.2050
vn 0.2866 0.9322 -0.2211
vn 0.2745 0.9322 -0.2360
vn 0.2745 0.9322 -0.2359
vn 0.2625 0.9322 -0.2492
vn 0.2512 0.9322 -0.2605
vn 0.2413 0.9322 -0.2697
vn 0.2338 0.9322 -0.2762
vn 0.2308 0.9322 -0.2787
vn 0.2324 0.9322 -0.2773
vn 0.2324 0.9322 -0.2774
vn 0.2380 0.9322 -0.2726
vn 0.2470 0.9322 -0.2645
vn 0.2470 0.9322 -0.2646
vn 0.2535 0.9323 -0.2581
vn 0.2536 0.9322 -0.2582
vn 0.2591 0.9322 -0.2527
vn 0.2590 0.9322 -0.2527
vn 0.2689 0.9322 -0.2422
vn 0.2799 0.9322 -0.2295
vn 0.2799 0.9322 -0.2294
vn 0.2918 0.9322 -0.2142
vn 0.3043 0.9322 -0.1961
vn 0.3132 0.9322 -0.1814
vn 0.3132 0.9322 -0.1813
vn 0.3221 0.9322 -0.1654
vn 0.3329 0.9322 -0.1424
vn 0.3419 0.9322 -0.1192
vn 0.3418 0.9322 -0.1192
vn 0.3490 0.9322 -0.0961
vn 0.3491 0.9322 -0.0961
vn 0.3545 0.9322 -0.0734
vn 0.3545 0.9322 -0.0733
vn 0.3568 0.9322 -0.0604
vn 0.3591 0.9322 -0.0464
vn 0.3613 0.9322 -0.0231
vn 0.3612 0.9322 -0.0231
vn 0.3620 0.9322 -0.0013
vn 0.3615 0.9322 0.0187
vn 0.3601 0.9322 0.0370
vn 0.3587 0.9322 0.0480
vn 0.3571 0.9322 0.0587
vn 0.3543 0.9322 0.0737
vn 0.3512 0.9322 0.0871
vn 0.3513 0.9322 0.0871
vn 0.3481 0.9322 0.0988
vn 0.3452 0.9322 0.1085
vn 0.3430 0.9322 0.1151
vn 0.3424 0.9322 0.1170
vn 0.3432 0.9322 0.1145
vn 0.3433 0.9322 0.1145
vn 0.3452 0.9322 0.1086
vn 0.3475 0.9322 0.1009
vn 0.3475 0.9322 0.1008
vn 0.3502 0.9322 0.0913
vn 0.3529 0.9322 0.0801
vn 0.3553 0.9322 0.0689
vn 0.3573 0.9322 0.0576
vn 0.3572 0.9322 0.0576
vn 0.3589 0.9322 0.0464
vn 0.3602 0.9322 0.0352
vn 0.3611 0.9322 0.0243
vn 0.3616 0.9322 0.0136
vn 0.3617 0.9322 0.0136
vn 0.3619 0.9322 0.0032
vn 0.3618 0.9322 -0.0058
vn 0.3616 0.9322 -0.0144
vn 0.3611 0.9322 -0.0237
vn 0.3604 0.9322 -0.0324
vn 0.3596 0.9322 -0.0405
vn 0.3587 0.9322 -0.0478
vn 0.3578 0.9322 -0.0541
vn 0.3571 0.9322 -0.0587
vn 0.3569 0.9322 -0.0594
vn 0.3570 0.9322 -0.0594
vn 0.3575 0.9322 -0.0565
vn 0.3574 0.9322 -0.0565
vn 0.3582 0.9322 -0.0517
vn 0.3811 0.9229 -0.0546
vn 0.2123 0.9544 0.2097
vn 0.2205 0.9545 0.2010
vn 0.2205 0.9544 0.2010
vn 0.2275 0.9545 0.1930
vn 0.2340 0.9545 0.1851
vn 0.2340 0.9544 0.1851
vn 0.2400 0.9545 0.1773
vn 0.2400 0.9544 0.1773
vn 0.2453 0.9545 0.1698
vn 0.2502 0.9545 0.1625
vn 0.2547 0.9545 0.1553
vn 0.2590 0.9545 0.1481
vn 0.2629 0.9545 0.1411
vn 0.2629 0.9544 0.1411
vn 0.2663 0.9545 0.1345
vn 0.2696 0.9545 0.1279
vn 0.2695 0.9545 0.1279
vn 0.2726 0.9545 0.1211
vn 0.2757 0.9545 0.1141
vn 0.2786 0.9545 0.1067
vn 0.2814 0.9545 0.0990
vn 0.2815 0.9545 0.0990
vn 0.2842 0.9545 0.0908
vn 0.2842 0.9545 0.0909
vn 0.2868 0.9544 0.0822
vn 0.2868 0.9545 0.0822
vn 0.2893 0.9545 0.0730
vn 0.2893 0.9544 0.0730
vn 0.2916 0.9544 0.0632
vn 0.2916 0.9545 0.0632
vn 0.2933 0.9545 0.0545
vn 0.2933 0.9545 0.0546
vn 0.2948 0.9545 0.0462
vn 0.2962 0.9544 0.0362
vn 0.2961 0.9545 0.0361
vn 0.2973 0.9545 0.0255
vn 0.2980 0.9544 0.0142
vn 0.2980 0.9545 0.0142
vn 0.2984 0.9544 0.0023
vn 0.2982 0.9544 -0.0103
vn 0.2976 0.9545 -0.0211
vn 0.2967 0.9544 -0.0316
vn 0.2951 0.9544 -0.0444
vn 0.2928 0.9544 -0.0576
vn 0.2898 0.9544 -0.0711
vn 0.2860 0.9544 -0.0850
vn 0.2861 0.9544 -0.0850
vn 0.2815 0.9544 -0.0991
vn 0.2761 0.9544 -0.1131
vn 0.2762 0.9544 -0.1131
vn 0.2700 0.9544 -0.1272
vn 0.2628 0.9544 -0.1415
vn 0.2628 0.9544 -0.1414
vn 0.2548 0.9544 -0.1554
vn 0.2460 0.9544 -0.1690
vn 0.2459 0.9544 -0.1690
vn 0.2363 0.9544 -0.1823
vn 0.2263 0.9544 -0.1945
vn 0.2164 0.9544 -0.2054
vn 0.2164 0.9544 -0.2055
vn 0.2071 0.9544 -0.2148
vn 0.1989 0.9545 -0.2224
vn 0.1928 0.9545 -0.2277
vn 0.1903 0.9545 -0.2298
vn 0.1902 0.9545 -0.2298
vn 0.1916 0.9545 -0.2286
vn 0.1916 0.9545 -0.2287
vn 0.1962 0.9545 -0.2247
vn 0.1962 0.9545 -0.2248
vn 0.2036 0.9544 -0.2181
vn 0.2037 0.9544 -0.2181
vn 0.2090 0.9545 -0.2129
vn 0.2091 0.9544 -0.2129
vn 0.2136 0.9544 -0.2083
vn 0.2217 0.9544 -0.1997
vn 0.2308 0.9544 -0.1891
vn 0.2308 0.9544 -0.1892
vn 0.2406 0.9544 -0.1765
vn 0.2406 0.9544 -0.1766
vn 0.2509 0.9544 -0.1617
vn 0.2582 0.9545 -0.1495
vn 0.2655 0.9544 -0.1364
vn 0.2745 0.9544 -0.1174
vn 0.2744 0.9544 -0.1174
vn 0.2819 0.9544 -0.0983
vn 0.2818 0.9544 -0.0983
vn 0.2878 0.9544 -0.0792
vn 0.2923 0.9544 -0.0605
vn 0.2942 0.9544 -0.0499
vn 0.2941 0.9545 -0.0498
vn 0.2960 0.9544 -0.0382
vn 0.2979 0.9544 -0.0190
vn 0.2978 0.9544 -0.0190
vn 0.2984 0.9544 -0.0011
vn 0.2980 0.9544 0.0154
vn 0.2969 0.9544 0.0305
vn 0.2968 0.9544 0.0305
vn 0.2957 0.9545 0.0395
vn 0.2957 0.9545 0.0396
vn 0.2945 0.9544 0.0484
vn 0.2944 0.9544 0.0484
vn 0.2921 0.9544 0.0607
vn 0.2896 0.9545 0.0718
vn 0.2896 0.9544 0.0718
vn 0.2871 0.9544 0.0815
vn 0.2870 0.9545 0.0814
vn 0.2846 0.9545 0.0895
vn 0.2828 0.9545 0.0949
vn 0.2823 0.9545 0.0965
vn 0.2823 0.9545 0.0964
vn 0.2830 0.9545 0.0944
vn 0.2865 0.9545 0.0831
vn 0.2887 0.9545 0.0753
vn 0.2910 0.9545 0.0660
vn 0.2909 0.9545 0.0660
vn 0.2929 0.9545 0.0568
vn 0.2946 0.9545 0.0475
vn 0.2946 0.9544 0.0475
vn 0.2959 0.9544 0.0382
vn 0.2959 0.9545 0.0382
vn 0.2969 0.9545 0.0291
vn 0.2970 0.9544 0.0291
vn 0.2977 0.9544 0.0200
vn 0.2982 0.9544 0.0112
vn 0.2982 0.9545 0.0112
vn 0.2983 0.9545 0.0026
vn 0.2984 0.9544 0.0026
vn 0.2983 0.9545 -0.0048
vn 0.2982 0.9544 -0.0119
vn 0.2981 0.9545 -0.0119
vn 0.2977 0.9545 -0.0195
vn 0.2972 0.9545 -0.0267
vn 0.2971 0.9545 -0.0267
vn 0.2965 0.9545 -0.0334
vn 0.2957 0.9545 -0.0394
vn 0.2950 0.9545 -0.0446
vn 0.2944 0.9545 -0.0484
vn 0.2943 0.9545 -0.0490
vn 0.2947 0.9545 -0.0465
vn 0.2953 0.9545 -0.0427
vn 0.3149 0.9481 -0.0449
vn 0.1670 0.9724 0.1631
vn 0.1726 0.9724 0.1573
vn 0.1726 0.9724 0.1572
vn 0.1781 0.9724 0.1510
vn 0.1831 0.9724 0.1448
vn 0.1831 0.9724 0.1449
vn 0.1878 0.9724 0.1387
vn 0.1920 0.9724 0.1329
vn 0.1958 0.9724 0.1272
vn 0.1993 0.9724 0.1215
vn 0.2026 0.9724 0.1159
vn 0.2057 0.9724 0.1104
vn 0.2084 0.9724 0.1052
vn 0.2109 0.9724 0.1001
vn 0.2133 0.9724 0.0948
vn 0.2134 0.9724 0.0948
vn 0.2157 0.9724 0.0892
vn 0.2157 0.9724 0.0893
vn 0.2180 0.9724 0.0835
vn 0.2202 0.9724 0.0775
vn 0.2224 0.9724 0.0711
vn 0.2244 0.9724 0.0643
vn 0.2264 0.9724 0.0571
vn 0.2282 0.9724 0.0494
vn 0.2295 0.9724 0.0427
vn 0.2306 0.9724 0.0361
vn 0.2318 0.9724 0.0283
vn 0.2326 0.9724 0.0199
vn 0.2332 0.9724 0.0111
vn 0.2335 0.9724 0.0018
vn 0.2333 0.9724 -0.0080
vn 0.2334 0.9724 -0.0080
vn 0.2329 0.9724 -0.0165
vn 0.2322 0.9724 -0.0247
vn 0.2309 0.9724 -0.0347
vn 0.2291 0.9724 -0.0450
vn 0.2291 0.9724 -0.0451
vn 0.2268 0.9724 -0.0557
vn 0.2239 0.9723 -0.0665
vn 0.2238 0.9724 -0.0665
vn 0.2202 0.9724 -0.0776
vn 0.2203 0.9724 -0.0776
vn 0.2161 0.9724 -0.0885
vn 0.2112 0.9724 -0.0995
vn 0.2113 0.9724 -0.0995
vn 0.2056 0.9723 -0.1107
vn 0.1994 0.9724 -0.1216
vn 0.1994 0.9723 -0.1216
vn 0.1925 0.9724 -0.1323
vn 0.1925 0.9723 -0.1323
vn 0.1849 0.9723 -0.1426
vn 0.1849 0.9723 -0.1427
vn 0.1771 0.9724 -0.1522
vn 0.1694 0.9723 -0.1608
vn 0.1693 0.9724 -0.1607
vn 0.1621 0.9724 -0.1681
vn 0.1621 0.9724 -0.1680
vn 0.1557 0.9724 -0.1740
vn 0.1556 0.9724 -0.1740
vn 0.1508 0.9724 -0.1782
vn 0.1489 0.9724 -0.1798
vn 0.1499 0.9724 -0.1789
vn 0.1499 0.9724 -0.1790
vn 0.1535 0.9724 -0.1759
vn 0.1536 0.9724 -0.1759
vn 0.1593 0.9724 -0.1707
vn 0.1593 0.9724 -0.1706
vn 0.1636 0.9724 -0.1666
vn 0.1671 0.9724 -0.1630
vn 0.1735 0.9724 -0.1563
vn 0.1806 0.9724 -0.1480
vn 0.1883 0.9723 -0.1381
vn 0.1883 0.9723 -0.1382
vn 0.1963 0.9723 -0.1265
vn 0.2020 0.9724 -0.1170
vn 0.2078 0.9723 -0.1067
vn 0.2147 0.9723 -0.0918
vn 0.2148 0.9723 -0.0919
vn 0.2205 0.9723 -0.0769
vn 0.2206 0.9723 -0.0769
vn 0.2252 0.9723 -0.0620
vn 0.2287 0.9723 -0.0473
vn 0.2302 0.9724 -0.0389
vn 0.2302 0.9724 -0.0390
vn 0.2317 0.9723 -0.0299
vn 0.2316 0.9723 -0.0299
vn 0.2331 0.9723 -0.0149
vn 0.2335 0.9724 -0.0009
vn 0.2335 0.9723 -0.0009
vn 0.2332 0.9724 0.0121
vn 0.2323 0.9724 0.0239
vn 0.2323 0.9724 0.0238
vn 0.2314 0.9724 0.0310
vn 0.2304 0.9724 0.0378
vn 0.2304 0.9724 0.0379
vn 0.2286 0.9724 0.0475
vn 0.2266 0.9724 0.0562
vn 0.2246 0.9724 0.0637
vn 0.2227 0.9724 0.0700
vn 0.2213 0.9724 0.0743
vn 0.2209 0.9724 0.0755
vn 0.2215 0.9724 0.0739
vn 0.2214 0.9724 0.0739
vn 0.2227 0.9724 0.0701
vn 0.2242 0.9724 0.0651
vn 0.2259 0.9724 0.0589
vn 0.2277 0.9724 0.0517
vn 0.2292 0.9724 0.0444
vn 0.2305 0.9724 0.0372
vn 0.2315 0.9724 0.0299
vn 0.2316 0.9724 0.0299
vn 0.2324 0.9724 0.0227
vn 0.2323 0.9724 0.0227
vn 0.2329 0.9724 0.0157
vn 0.2333 0.9724 0.0088
vn 0.2334 0.9724 0.0020
vn 0.2334 0.9724 -0.0037
vn 0.2333 0.9724 -0.0093
vn 0.2332 0.9724 -0.0093
vn 0.2330 0.9724 -0.0153
vn 0.2325 0.9724 -0.0209
vn 0.2320 0.9724 -0.0261
vn 0.2314 0.9724 -0.0308
vn 0.2308 0.9724 -0.0349
vn 0.2304 0.9724 -0.0379
vn 0.2303 0.9724 -0.0379
vn 0.2303 0.9724 -0.0383
vn 0.2306 0.9724 -0.0364
vn 0.2310 0.9724 -0.0335
vn 0.2446 0.9690 -0.0349
vn 0.1178 0.9859 0.1192
vn 0.1238 0.9859 0.1128
vn 0.1238 0.9859 0.1129
vn 0.1278 0.9859 0.1084
vn 0.1278 0.9859 0.1083
vn 0.1314 0.9859 0.1039
vn 0.1348 0.9859 0.0995
vn 0.1377 0.9859 0.0953
vn 0.1405 0.9859 0.0913
vn 0.1430 0.9859 0.0872
vn 0.1454 0.9859 0.0832
vn 0.1476 0.9859 0.0792
vn 0.1495 0.9859 0.0755
vn 0.1513 0.9859 0.0718
vn 0.1531 0.9859 0.0680
vn 0.1548 0.9859 0.0641
vn 0.1548 0.9859 0.0640
vn 0.1564 0.9859 0.0599
vn 0.1580 0.9859 0.0556
vn 0.1596 0.9859 0.0510
vn 0.1610 0.9859 0.0461
vn 0.1611 0.9859 0.0462
vn 0.1624 0.9859 0.0410
vn 0.1637 0.9859 0.0355
vn 0.1647 0.9859 0.0306
vn 0.1655 0.9859 0.0259
vn 0.1663 0.9859 0.0203
vn 0.1669 0.9859 0.0143
vn 0.1673 0.9859 0.0080
vn 0.1674 0.9859 0.0080
vn 0.1675 0.9859 0.0013
vn 0.1674 0.9859 -0.0058
vn 0.1671 0.9859 -0.0118
vn 0.1666 0.9859 -0.0177
vn 0.1666 0.9859 -0.0178
vn 0.1657 0.9859 -0.0249
vn 0.1644 0.9859 -0.0323
vn 0.1627 0.9859 -0.0399
vn 0.1606 0.9859 -0.0477
vn 0.1580 0.9859 -0.0557
vn 0.1550 0.9859 -0.0635
vn 0.1551 0.9859 -0.0635
vn 0.1516 0.9859 -0.0714
vn 0.1476 0.9859 -0.0794
vn 0.1476 0.9859 -0.0795
vn 0.1431 0.9859 -0.0873
vn 0.1430 0.9859 -0.0873
vn 0.1381 0.9859 -0.0949
vn 0.1327 0.9859 -0.1024
vn 0.1327 0.9859 -0.1023
vn 0.1271 0.9859 -0.1092
vn 0.1215 0.9859 -0.1153
vn 0.1163 0.9859 -0.1206
vn 0.1117 0.9859 -0.1249
vn 0.1082 0.9859 -0.1279
vn 0.1082 0.9859 -0.1278
vn 0.1068 0.9859 -0.1290
vn 0.1076 0.9859 -0.1284
vn 0.1102 0.9859 -0.1262
vn 0.1143 0.9859 -0.1224
vn 0.1144 0.9859 -0.1225
vn 0.1174 0.9859 -0.1195
vn 0.1199 0.9859 -0.1170
vn 0.1245 0.9859 -0.1121
vn 0.1296 0.9859 -0.1062
vn 0.1351 0.9859 -0.0991
vn 0.1409 0.9859 -0.0908
vn 0.1450 0.9859 -0.0840
vn 0.1450 0.9859 -0.0839
vn 0.1491 0.9859 -0.0766
vn 0.1541 0.9859 -0.0659
vn 0.1582 0.9859 -0.0552
vn 0.1583 0.9859 -0.0552
vn 0.1616 0.9859 -0.0445
vn 0.1641 0.9859 -0.0339
vn 0.1641 0.9859 -0.0340
vn 0.1652 0.9859 -0.0279
vn 0.1651 0.9859 -0.0280
vn 0.1662 0.9859 -0.0215
vn 0.1672 0.9859 -0.0107
vn 0.1673 0.9859 -0.0107
vn 0.1676 0.9859 -0.0006
vn 0.1673 0.9859 0.0086
vn 0.1673 0.9859 0.0087
vn 0.1667 0.9859 0.0171
vn 0.1660 0.9859 0.0222
vn 0.1653 0.9859 0.0272
vn 0.1640 0.9859 0.0341
vn 0.1626 0.9859 0.0403
vn 0.1612 0.9859 0.0457
vn 0.1598 0.9859 0.0502
vn 0.1588 0.9859 0.0533
vn 0.1585 0.9859 0.0541
vn 0.1585 0.9859 0.0542
vn 0.1589 0.9859 0.0530
vn 0.1598 0.9859 0.0503
vn 0.1609 0.9859 0.0467
vn 0.1621 0.9859 0.0423
vn 0.1621 0.9859 0.0422
vn 0.1634 0.9859 0.0371
vn 0.1645 0.9859 0.0319
vn 0.1654 0.9859 0.0267
vn 0.1661 0.9859 0.0215
vn 0.1662 0.9859 0.0215
vn 0.1667 0.9859 0.0163
vn 0.1672 0.9859 0.0112
vn 0.1671 0.9859 0.0112
vn 0.1674 0.9859 0.0063
vn 0.1675 0.9859 0.0015
vn 0.1675 0.9859 -0.0027
vn 0.1674 0.9859 -0.0067
vn 0.1672 0.9859 -0.0110
vn 0.1671 0.9859 -0.0110
vn 0.1668 0.9859 -0.0150
vn 0.1669 0.9859 -0.0150
vn 0.1665 0.9859 -0.0187
vn 0.1661 0.9859 -0.0221
vn 0.1657 0.9859 -0.0250
vn 0.1656 0.9859 -0.0250
vn 0.1653 0.9859 -0.0272
vn 0.1652 0.9859 -0.0275
vn 0.1655 0.9859 -0.0261
vn 0.1658 0.9859 -0.0242
vn 0.1812 0.9831 -0.0258
vn 0.0682 0.9949 0.0745
vn 0.0745 0.9949 0.0679
vn 0.0769 0.9949 0.0652
vn 0.0791 0.9949 0.0626
vn 0.0791 0.9949 0.0625
vn 0.0811 0.9949 0.0599
vn 0.0829 0.9949 0.0573
vn 0.0829 0.9949 0.0574
vn 0.0845 0.9949 0.0549
vn 0.0846 0.9949 0.0549
vn 0.0861 0.9949 0.0525
vn 0.0875 0.9949 0.0501
vn 0.0875 0.9949 0.0500
vn 0.0888 0.9949 0.0477
vn 0.0900 0.9949 0.0454
vn 0.0911 0.9949 0.0432
vn 0.0921 0.9949 0.0409
vn 0.0932 0.9949 0.0385
vn 0.0931 0.9949 0.0385
vn 0.0941 0.9949 0.0361
vn 0.0942 0.9949 0.0361
vn 0.0951 0.9949 0.0334
vn 0.0951 0.9949 0.0335
vn 0.0960 0.9949 0.0307
vn 0.0969 0.9949 0.0278
vn 0.0977 0.9949 0.0247
vn 0.0985 0.9949 0.0213
vn 0.0985 0.9949 0.0214
vn 0.0991 0.9949 0.0184
vn 0.0996 0.9949 0.0156
vn 0.1001 0.9949 0.0122
vn 0.1004 0.9949 0.0086
vn 0.1007 0.9949 0.0048
vn 0.1008 0.9949 0.0008
vn 0.1008 0.9949 -0.0035
vn 0.1006 0.9949 -0.0071
vn 0.1003 0.9949 -0.0107
vn 0.0997 0.9949 -0.0150
vn 0.0989 0.9949 -0.0195
vn 0.0979 0.9949 -0.0241
vn 0.0979 0.9949 -0.0240
vn 0.0967 0.9949 -0.0287
vn 0.0951 0.9949 -0.0335
vn 0.0933 0.9949 -0.0382
vn 0.0912 0.9949 -0.0430
vn 0.0888 0.9949 -0.0478
vn 0.0861 0.9949 -0.0525
vn 0.0831 0.9949 -0.0571
vn 0.0798 0.9949 -0.0616
vn 0.0799 0.9949 -0.0616
vn 0.0765 0.9949 -0.0657
vn 0.0731 0.9949 -0.0694
vn 0.0700 0.9949 -0.0725
vn 0.0700 0.9949 -0.0726
vn 0.0672 0.9949 -0.0752
vn 0.0672 0.9949 -0.0751
vn 0.0651 0.9949 -0.0769
vn 0.0643 0.9949 -0.0776
vn 0.0643 0.9949 -0.0777
vn 0.0647 0.9949 -0.0773
vn 0.0663 0.9949 -0.0759
vn 0.0663 0.9949 -0.0760
vn 0.0688 0.9949 -0.0737
vn 0.0706 0.9949 -0.0719
vn 0.0722 0.9949 -0.0704
vn 0.0749 0.9949 -0.0675
vn 0.0780 0.9949 -0.0639
vn 0.0780 0.9949 -0.0640
vn 0.0813 0.9949 -0.0597
vn 0.0848 0.9949 -0.0547
vn 0.0848 0.9949 -0.0546
vn 0.0872 0.9949 -0.0505
vn 0.0897 0.9949 -0.0461
vn 0.0927 0.9949 -0.0397
vn 0.0952 0.9949 -0.0332
vn 0.0972 0.9949 -0.0268
vn 0.0988 0.9949 -0.0204
vn 0.0994 0.9949 -0.0169
vn 0.0994 0.9949 -0.0168
vn 0.1000 0.9949 -0.0129
vn 0.1006 0.9949 -0.0064
vn 0.1008 0.9949 -0.0004
vn 0.1007 0.9949 0.0052
vn 0.1003 0.9949 0.0103
vn 0.0999 0.9949 0.0134
vn 0.0995 0.9949 0.0163
vn 0.0987 0.9949 0.0205
vn 0.0978 0.9949 0.0243
vn 0.0978 0.9949 0.0242
vn 0.0970 0.9949 0.0275
vn 0.0962 0.9949 0.0302
vn 0.0956 0.9949 0.0321
vn 0.0954 0.9949 0.0326
vn 0.0956 0.9949 0.0319
vn 0.0961 0.9949 0.0302
vn 0.0962 0.9949 0.0303
vn 0.0968 0.9949 0.0281
vn 0.0976 0.9949 0.0254
vn 0.0983 0.9949 0.0223
vn 0.0990 0.9949 0.0192
vn 0.0995 0.9949 0.0160
vn 0.0995 0.9949 0.0161
vn 0.1000 0.9949 0.0129
vn 0.1003 0.9949 0.0098
vn 0.1006 0.9949 0.0068
vn 0.1008 0.9949 0.0038
vn 0.1007 0.9949 0.0038
vn 0.1008 0.9949 0.0009
vn 0.1008 0.9949 -0.0016
vn 0.1007 0.9949 -0.0040
vn 0.1006 0.9949 -0.0066
vn 0.1004 0.9949 -0.0090
vn 0.1002 0.9949 -0.0113
vn 0.0999 0.9949 -0.0133
vn 0.0997 0.9949 -0.0151
vn 0.0995 0.9949 -0.0164
vn 0.0994 0.9949 -0.0166
vn 0.0996 0.9949 -0.0157
vn 0.0997 0.9949 -0.0147
vn 0.1220 0.9924 -0.0173
vn 0.0333 0.9994 -0.0047
vn 0.0333 0.9994 -0.0053
vn 0.0332 0.9994 -0.0055
vn 0.0333 0.9994 -0.0050
vn 0.0334 0.9994 -0.0044
vn 0.0335 0.9994 -0.0038
vn 0.0335 0.9994 -0.0030
vn 0.0336 0.9994 -0.0022
vn 0.0336 0.9994 -0.0013
vn 0.0337 0.9994 -0.0005
vn 0.0337 0.9994 0.0003
vn 0.0336 0.9994 0.0013
vn 0.0336 0.9994 0.0023
vn 0.0335 0.9994 0.0033
vn 0.0334 0.9994 0.0043
vn 0.0332 0.9994 0.0054
vn 0.0331 0.9994 0.0064
vn 0.0328 0.9994 0.0075
vn 0.0328 0.9994 0.0074
vn 0.0326 0.9994 0.0085
vn 0.0323 0.9994 0.0094
vn 0.0321 0.9994 0.0101
vn 0.0319 0.9994 0.0106
vn 0.0319 0.9994 0.0107
vn 0.0319 0.9994 0.0109
vn 0.0324 0.9994 0.0092
vn 0.0327 0.9994 0.0081
vn 0.0330 0.9994 0.0069
vn 0.0330 0.9994 0.0068
vn 0.0332 0.9994 0.0055
vn 0.0334 0.9994 0.0045
vn 0.0335 0.9994 0.0034
vn 0.0336 0.9994 0.0017
vn 0.0337 0.9994 -0.0001
vn 0.0336 0.9994 -0.0021
vn 0.0334 0.9994 -0.0043
vn 0.0332 0.9994 -0.0056
vn 0.0330 0.9994 -0.0068
vn 0.0325 0.9994 -0.0089
vn 0.0318 0.9994 -0.0111
vn 0.0310 0.9994 -0.0132
vn 0.0310 0.9994 -0.0133
vn 0.0300 0.9994 -0.0154
vn 0.0291 0.9994 -0.0169
vn 0.0283 0.9994 -0.0182
vn 0.0272 0.9994 -0.0199
vn 0.0260 0.9994 -0.0214
vn 0.0260 0.9994 -0.0213
vn 0.0250 0.9994 -0.0225
vn 0.0241 0.9994 -0.0235
vn 0.0236 0.9994 -0.0240
vn 0.0230 0.9994 -0.0246
vn 0.0221 0.9994 -0.0254
vn 0.0216 0.9994 -0.0258
vn 0.0215 0.9994 -0.0260
vn 0.0215 0.9994 -0.0259
vn 0.0218 0.9994 -0.0257
vn 0.0225 0.9994 -0.0251
vn 0.0234 0.9994 -0.0242
vn 0.0234 0.9994 -0.0243
vn 0.0244 0.9994 -0.0232
vn 0.0255 0.9994 -0.0219
vn 0.0267 0.9994 -0.0206
vn 0.0278 0.9994 -0.0191
vn 0.0288 0.9994 -0.0175
vn 0.0297 0.9994 -0.0160
vn 0.0305 0.9994 -0.0144
vn 0.0312 0.9994 -0.0128
vn 0.0318 0.9994 -0.0112
vn 0.0323 0.9994 -0.0096
vn 0.0327 0.9994 -0.0080
vn 0.0330 0.9994 -0.0065
vn 0.0335 0.9994 -0.0036
vn 0.0336 0.9994 -0.0024
vn 0.0336 0.9994 -0.0012
vn 0.0336 0.9994 0.0016
vn 0.0335 0.9994 0.0029
vn 0.0336 0.9994 0.0029
vn 0.0334 0.9994 0.0041
vn 0.0333 0.9994 0.0052
vn 0.0331 0.9994 0.0062
vn 0.0329 0.9994 0.0071
vn 0.0326 0.9994 0.0082
vn 0.0327 0.9994 0.0082
vn 0.0324 0.9994 0.0093
vn 0.0321 0.9994 0.0103
vn 0.0321 0.9994 0.0102
vn 0.0318 0.9994 0.0112
vn 0.0317 0.9994 0.0112
vn 0.0314 0.9994 0.0120
vn 0.0311 0.9994 0.0129
vn 0.0311 0.9994 0.0128
vn 0.0308 0.9994 0.0137
vn 0.0304 0.9994 0.0144
vn 0.0301 0.9994 0.0152
vn 0.0297 0.9994 0.0159
vn 0.0292 0.9994 0.0167
vn 0.0287 0.9994 0.0175
vn 0.0282 0.9994 0.0183
vn 0.0277 0.9994 0.0192
vn 0.0271 0.9994 0.0200
vn 0.0264 0.9994 0.0209
vn 0.0257 0.9994 0.0218
vn 0.0249 0.9994 0.0227
vn 0.0126 0.9993 0.0356
vn 0.0122 0.9999 0.0118
vn -0.3785 0.9092 0.1736
vn -0.3171 0.9369 0.1470
vn -0.2558 0.9593 0.1197
vn -0.1963 0.9761 0.0933
vn -0.0168 0.9998 0.0084
vn -0.0190 0.9993 -0.0334
vn -0.1982 0.9243 -0.3262
vn -0.2225 0.9037 -0.3658
vn -0.2210 0.9092 -0.3530
vn -0.1567 0.9526 -0.2608
vn -0.1806 0.9366 -0.3004
vn -0.1395 0.9620 -0.2346
vn -0.0881 0.9841 -0.1542
vn -0.1170 0.9722 -0.2028
vn -0.1184 0.9727 -0.1996
vn -0.0714 0.9896 -0.1249
vn -0.1387 0.9882 0.0658
vn -0.1367 0.9876 0.0771
vn -0.0889 0.9955 0.0315
vn -0.4006 0.9057 0.1383
vn -0.3951 0.9057 0.1534
vn -0.3951 0.9058 0.1534
vn -0.3893 0.9057 0.1676
vn -0.3892 0.9058 0.1676
vn -0.3859 0.9057 0.1752
vn -0.3980 0.9020 0.1674
vn -0.4135 0.9058 0.0930
vn -0.4098 0.9057 0.1080
vn -0.4067 0.9058 0.1191
vn -0.3957 0.9105 0.1202
vn -0.4044 0.9058 0.1267
vn -0.4044 0.9116 0.0735
vn -0.4155 0.9058 0.0831
vn -0.4165 0.9057 0.0782
vn -0.4190 0.9058 0.0638
vn -0.4190 0.9057 0.0638
vn -0.4209 0.9058 0.0497
vn -0.4148 0.9092 0.0342
vn -0.4217 0.9058 0.0415
vn -0.4223 0.9058 0.0362
vn -0.4231 0.9058 0.0233
vn -0.4232 0.9057 0.0233
vn -0.4235 0.9058 0.0162
vn -0.4234 0.9058 0.0162
vn -0.4237 0.9057 0.0085
vn -0.4237 0.9058 0.0085
vn -0.4237 0.9058 -0.0044
vn -0.4093 0.9122 -0.0180
vn -0.4236 0.9058 -0.0128
vn -0.4235 0.9058 -0.0164
vn -0.4229 0.9058 -0.0273
vn -0.4221 0.9058 -0.0372
vn -0.4222 0.9058 -0.0372
vn -0.4213 0.9058 -0.0459
vn -0.4204 0.9058 -0.0535
vn -0.4195 0.9058 -0.0599
vn -0.4187 0.9058 -0.0650
vn -0.4181 0.9058 -0.0689
vn -0.4177 0.9058 -0.0714
vn -0.4175 0.9058 -0.0725
vn -0.4178 0.9058 -0.0708
vn -0.4177 0.9058 -0.0708
vn -0.4186 0.9058 -0.0660
vn -0.4291 0.9009 -0.0661
vn -0.4191 0.9058 -0.0624
vn -0.4200 0.9058 -0.0565
vn -0.4211 0.9058 -0.0471
vn -0.4220 0.9058 -0.0382
vn -0.4306 0.9017 -0.0375
vn -0.4225 0.9058 -0.0327
vn -0.4230 0.9058 -0.0255
vn -0.4234 0.9058 -0.0169
vn -0.4340 0.9008 -0.0138
vn -0.4236 0.9058 -0.0107
vn -0.4238 0.9058 -0.0008
vn -0.4236 0.9057 0.0125
vn -0.4236 0.9058 0.0125
vn -0.4230 0.9058 0.0263
vn -0.4219 0.9058 0.0403
vn -0.4203 0.9058 0.0547
vn -0.4181 0.9057 0.0697
vn -0.4180 0.9058 0.0697
vn -0.4154 0.9057 0.0843
vn -0.4153 0.9058 0.0842
vn -0.4124 0.9058 0.0976
vn -0.4093 0.9058 0.1097
vn -0.4153 0.9027 0.1124
vn -0.4075 0.9058 0.1163
vn -0.4056 0.9058 0.1229
vn -0.4055 0.9058 0.1229
vn -0.4030 0.9058 0.1309
vn -0.4104 0.9018 0.1357
vn -0.4015 0.9058 0.1356
vn -0.3994 0.9058 0.1417
vn -0.3993 0.9058 0.1417
vn -0.3975 0.9058 0.1469
vn -0.4023 0.9030 0.1509
vn -0.3963 0.9058 0.1501
vn -0.3945 0.9058 0.1548
vn -0.3927 0.9058 0.1593
vn -0.3925 0.9058 0.1596
vn -0.3926 0.9058 0.1596
vn -0.3937 0.9058 0.1568
vn -0.3953 0.9058 0.1527
vn -0.3986 0.9058 0.1438
vn -0.4023 0.9058 0.1332
vn -0.4181 0.9058 0.0690
vn -0.4162 0.9057 0.0799
vn -0.4162 0.9058 0.0799
vn -0.4130 0.9058 0.0949
vn -0.4107 0.9058 0.1045
vn -0.4002 0.9102 0.1064
vn -0.4089 0.9058 0.1112
vn -0.4059 0.9058 0.1216
vn -0.3950 0.9113 0.1165
vn -0.4046 0.9058 0.1259
vn -0.4039 0.9129 0.0586
vn -0.4190 0.9057 0.0640
vn -0.4208 0.9058 0.0498
vn -0.4123 0.9099 0.0461
vn -0.4218 0.9058 0.0411
vn -0.4224 0.9058 0.0338
vn -0.4138 0.9104 0.0013
vn -0.4237 0.9058 0.0051
vn -0.4233 0.9057 0.0201
vn -0.4068 0.9134 0.0156
vn -0.4230 0.9058 0.0255
vn -0.3992 0.9057 -0.1424
vn -0.4057 0.9057 -0.1228
vn -0.4112 0.9057 -0.1028
vn -0.4137 0.9058 -0.0916
vn -0.4163 0.9057 -0.0800
vn -0.4197 0.9057 -0.0591
vn -0.4197 0.9057 -0.0590
vn -0.4221 0.9057 -0.0384
vn -0.4230 0.9058 -0.0256
vn -0.4152 0.9095 -0.0179
vn -0.4235 0.9058 -0.0157
vn -0.4237 0.9058 -0.0045
vn -0.3317 0.9057 -0.2638
vn -0.3425 0.9057 -0.2497
vn -0.3531 0.9057 -0.2344
vn -0.3595 0.9058 -0.2244
vn -0.3656 0.9057 -0.2144
vn -0.3750 0.9057 -0.1976
vn -0.3837 0.9057 -0.1799
vn -0.3838 0.9057 -0.1800
vn -0.3896 0.9058 -0.1667
vn -0.3828 0.9103 -0.1577
vn -0.3935 0.9058 -0.1574
vn -0.2264 0.9058 -0.3582
vn -0.2341 0.9058 -0.3533
vn -0.2341 0.9058 -0.3532
vn -0.2438 0.9058 -0.3466
vn -0.2541 0.9057 -0.3392
vn -0.2541 0.9058 -0.3392
vn -0.2649 0.9058 -0.3308
vn -0.2728 0.9058 -0.3243
vn -0.2799 0.9058 -0.3182
vn -0.2898 0.9058 -0.3092
vn -0.2898 0.9057 -0.3092
vn -0.3000 0.9058 -0.2993
vn -0.3000 0.9057 -0.2994
vn -0.3104 0.9058 -0.2885
vn -0.3169 0.9058 -0.2813
vn -0.3162 0.9087 -0.2725
vn -0.3222 0.9058 -0.2753
vn -0.3318 0.9058 -0.2637
vn -0.1193 0.9724 -0.2007
vn -0.1239 0.9724 -0.1979
vn -0.1290 0.9724 -0.1946
vn -0.1289 0.9724 -0.1946
vn -0.1343 0.9724 -0.1910
vn -0.1343 0.9724 -0.1909
vn -0.1400 0.9724 -0.1869
vn -0.1459 0.9724 -0.1822
vn -0.1503 0.9724 -0.1787
vn -0.1542 0.9724 -0.1753
vn -0.1597 0.9724 -0.1704
vn -0.1597 0.9724 -0.1703
vn -0.1653 0.9724 -0.1649
vn -0.1710 0.9724 -0.1590
vn -0.1710 0.9724 -0.1589
vn -0.1769 0.9724 -0.1524
vn -0.1828 0.9724 -0.1453
vn -0.1887 0.9724 -0.1375
vn -0.1945 0.9724 -0.1291
vn -0.1980 0.9724 -0.1236
vn -0.2014 0.9724 -0.1181
vn -0.2066 0.9724 -0.1089
vn -0.2114 0.9724 -0.0991
vn -0.2159 0.9724 -0.0890
vn -0.2199 0.9724 -0.0784
vn -0.2235 0.9724 -0.0676
vn -0.2265 0.9724 -0.0566
vn -0.2279 0.9724 -0.0504
vn -0.2279 0.9724 -0.0505
vn -0.2293 0.9724 -0.0440
vn -0.2293 0.9724 -0.0441
vn -0.2312 0.9724 -0.0325
vn -0.2326 0.9724 -0.0212
vn -0.2325 0.9724 -0.0212
vn -0.2333 0.9724 -0.0101
vn -0.2335 0.9724 0.0007
vn -0.2332 0.9724 0.0111
vn -0.2327 0.9724 0.0186
vn -0.2320 0.9724 0.0259
vn -0.2320 0.9724 0.0260
vn -0.2308 0.9724 0.0352
vn -0.2293 0.9724 0.0440
vn -0.2275 0.9724 0.0523
vn -0.2256 0.9724 0.0600
vn -0.2236 0.9724 0.0670
vn -0.2216 0.9724 0.0734
vn -0.2196 0.9724 0.0792
vn -0.2178 0.9724 0.0841
vn -0.2169 0.9724 0.0864
vn -0.2162 0.9724 0.0879
vn -0.2163 0.9724 0.0879
vn -0.2163 0.9724 0.0877
vn -0.2173 0.9724 0.0853
vn -0.2186 0.9724 0.0820
vn -0.2200 0.9724 0.0781
vn -0.2216 0.9724 0.0733
vn -0.2217 0.9724 0.0733
vn -0.2234 0.9724 0.0677
vn -0.2253 0.9724 0.0610
vn -0.2254 0.9724 0.0610
vn -0.2272 0.9724 0.0537
vn -0.2272 0.9724 0.0538
vn -0.2288 0.9724 0.0464
vn -0.2303 0.9724 0.0384
vn -0.2315 0.9724 0.0301
vn -0.2324 0.9724 0.0222
vn -0.2330 0.9724 0.0145
vn -0.2334 0.9724 0.0069
vn -0.2335 0.9724 -0.0004
vn -0.2333 0.9724 -0.0074
vn -0.2331 0.9724 -0.0140
vn -0.2330 0.9724 -0.0140
vn -0.2326 0.9724 -0.0202
vn -0.2320 0.9724 -0.0259
vn -0.2320 0.9724 -0.0260
vn -0.2314 0.9724 -0.0311
vn -0.2307 0.9724 -0.0355
vn -0.2302 0.9724 -0.0390
vn -0.2301 0.9724 -0.0390
vn -0.2300 0.9724 -0.0399
vn -0.2301 0.9724 -0.0393
vn -0.2303 0.9724 -0.0379
vn -0.2307 0.9724 -0.0358
vn -0.2311 0.9724 -0.0330
vn -0.2316 0.9724 -0.0295
vn -0.2321 0.9724 -0.0253
vn -0.2326 0.9724 -0.0205
vn -0.2330 0.9724 -0.0151
vn -0.2333 0.9724 -0.0090
vn -0.2335 0.9724 -0.0024
vn -0.2334 0.9724 -0.0024
vn -0.2334 0.9724 0.0047
vn -0.2333 0.9724 0.0089
vn -0.2331 0.9724 0.0128
vn -0.2326 0.9724 0.0200
vn -0.2326 0.9724 0.0199
vn -0.2319 0.9724 0.0274
vn -0.2308 0.9724 0.0351
vn -0.2295 0.9724 0.0431
vn -0.2278 0.9724 0.0512
vn -0.2258 0.9724 0.0595
vn -0.2234 0.9724 0.0679
vn -0.2207 0.9724 0.0762
vn -0.2177 0.9724 0.0845
vn -0.2145 0.9724 0.0923
vn -0.2144 0.9724 0.0923
vn -0.2114 0.9724 0.0990
vn -0.2273 0.9684 0.1023
vn -0.1542 0.9545 -0.2554
vn -0.1583 0.9545 -0.2528
vn -0.1583 0.9545 -0.2529
vn -0.1648 0.9544 -0.2487
vn -0.1716 0.9544 -0.2441
vn -0.1716 0.9545 -0.2440
vn -0.1789 0.9544 -0.2388
vn -0.1789 0.9545 -0.2388
vn -0.1865 0.9544 -0.2329
vn -0.1865 0.9545 -0.2329
vn -0.1920 0.9545 -0.2283
vn -0.1971 0.9545 -0.2240
vn -0.2040 0.9545 -0.2177
vn -0.2112 0.9545 -0.2107
vn -0.2112 0.9545 -0.2108
vn -0.2185 0.9544 -0.2031
vn -0.2260 0.9544 -0.1948
vn -0.2336 0.9544 -0.1857
vn -0.2411 0.9544 -0.1758
vn -0.2486 0.9544 -0.1650
vn -0.2486 0.9544 -0.1651
vn -0.2531 0.9545 -0.1579
vn -0.2574 0.9544 -0.1509
vn -0.2574 0.9544 -0.1510
vn -0.2640 0.9544 -0.1391
vn -0.2702 0.9544 -0.1267
vn -0.2759 0.9544 -0.1137
vn -0.2811 0.9544 -0.1003
vn -0.2856 0.9544 -0.0864
vn -0.2895 0.9544 -0.0724
vn -0.2913 0.9545 -0.0645
vn -0.2931 0.9544 -0.0563
vn -0.2955 0.9544 -0.0416
vn -0.2972 0.9544 -0.0270
vn -0.2981 0.9544 -0.0128
vn -0.2981 0.9544 -0.0129
vn -0.2984 0.9544 0.0009
vn -0.2981 0.9544 0.0142
vn -0.2974 0.9545 0.0238
vn -0.2965 0.9544 0.0332
vn -0.2950 0.9544 0.0450
vn -0.2930 0.9544 0.0563
vn -0.2930 0.9545 0.0563
vn -0.2908 0.9545 0.0668
vn -0.2908 0.9544 0.0668
vn -0.2884 0.9544 0.0766
vn -0.2858 0.9544 0.0856
vn -0.2858 0.9545 0.0856
vn -0.2832 0.9545 0.0938
vn -0.2806 0.9545 0.1013
vn -0.2807 0.9545 0.1012
vn -0.2783 0.9545 0.1075
vn -0.2772 0.9545 0.1104
vn -0.2764 0.9545 0.1124
vn -0.2763 0.9545 0.1124
vn -0.2765 0.9545 0.1121
vn -0.2765 0.9545 0.1122
vn -0.2777 0.9545 0.1089
vn -0.2777 0.9545 0.1090
vn -0.2793 0.9545 0.1048
vn -0.2812 0.9545 0.0998
vn -0.2833 0.9545 0.0937
vn -0.2832 0.9545 0.0937
vn -0.2855 0.9545 0.0865
vn -0.2855 0.9544 0.0865
vn -0.2880 0.9544 0.0780
vn -0.2880 0.9544 0.0779
vn -0.2904 0.9544 0.0687
vn -0.2903 0.9545 0.0687
vn -0.2924 0.9545 0.0593
vn -0.2943 0.9545 0.0491
vn -0.2943 0.9544 0.0490
vn -0.2959 0.9544 0.0385
vn -0.2970 0.9545 0.0284
vn -0.2978 0.9545 0.0185
vn -0.2982 0.9545 0.0088
vn -0.2984 0.9545 -0.0005
vn -0.2983 0.9545 -0.0005
vn -0.2982 0.9545 -0.0095
vn -0.2978 0.9545 -0.0179
vn -0.2972 0.9545 -0.0259
vn -0.2965 0.9545 -0.0332
vn -0.2957 0.9545 -0.0398
vn -0.2957 0.9545 -0.0397
vn -0.2948 0.9545 -0.0454
vn -0.2949 0.9545 -0.0454
vn -0.2942 0.9545 -0.0498
vn -0.2941 0.9545 -0.0498
vn -0.2939 0.9545 -0.0510
vn -0.2941 0.9545 -0.0503
vn -0.2944 0.9545 -0.0485
vn -0.2948 0.9545 -0.0458
vn -0.2953 0.9545 -0.0421
vn -0.2959 0.9545 -0.0376
vn -0.2959 0.9545 -0.0377
vn -0.2966 0.9545 -0.0323
vn -0.2972 0.9545 -0.0262
vn -0.2977 0.9545 -0.0193
vn -0.2977 0.9545 -0.0192
vn -0.2981 0.9545 -0.0116
vn -0.2983 0.9545 -0.0031
vn -0.2983 0.9545 0.0060
vn -0.2981 0.9545 0.0114
vn -0.2979 0.9545 0.0164
vn -0.2973 0.9544 0.0255
vn -0.2973 0.9545 0.0255
vn -0.2963 0.9544 0.0350
vn -0.2963 0.9545 0.0350
vn -0.2949 0.9545 0.0449
vn -0.2950 0.9544 0.0449
vn -0.2932 0.9544 0.0551
vn -0.2932 0.9545 0.0551
vn -0.2911 0.9545 0.0655
vn -0.2911 0.9544 0.0655
vn -0.2885 0.9545 0.0761
vn -0.2855 0.9544 0.0867
vn -0.2820 0.9545 0.0974
vn -0.2821 0.9544 0.0974
vn -0.2782 0.9544 0.1080
vn -0.2781 0.9545 0.1080
vn -0.2740 0.9545 0.1180
vn -0.2741 0.9544 0.1180
vn -0.2706 0.9545 0.1256
vn -0.2829 0.9507 0.1271
vn -0.1913 0.9322 -0.3072
vn -0.1920 0.9322 -0.3067
vn -0.1999 0.9322 -0.3017
vn -0.1999 0.9322 -0.3016
vn -0.2082 0.9322 -0.2960
vn -0.2170 0.9322 -0.2896
vn -0.2262 0.9322 -0.2825
vn -0.2329 0.9322 -0.2769
vn -0.2390 0.9322 -0.2717
vn -0.2475 0.9322 -0.2640
vn -0.2475 0.9322 -0.2641
vn -0.2562 0.9322 -0.2556
vn -0.2651 0.9322 -0.2464
vn -0.2741 0.9322 -0.2363
vn -0.2833 0.9322 -0.2252
vn -0.2925 0.9322 -0.2132
vn -0.3015 0.9322 -0.2002
vn -0.3070 0.9322 -0.1916
vn -0.3122 0.9322 -0.1831
vn -0.3202 0.9322 -0.1687
vn -0.3202 0.9322 -0.1688
vn -0.3277 0.9322 -0.1537
vn -0.3277 0.9322 -0.1536
vn -0.3346 0.9322 -0.1379
vn -0.3409 0.9322 -0.1216
vn -0.3464 0.9322 -0.1049
vn -0.3464 0.9322 -0.1048
vn -0.3511 0.9322 -0.0878
vn -0.3533 0.9322 -0.0782
vn -0.3533 0.9322 -0.0783
vn -0.3554 0.9322 -0.0683
vn -0.3584 0.9322 -0.0504
vn -0.3605 0.9322 -0.0328
vn -0.3616 0.9322 -0.0156
vn -0.3619 0.9322 0.0011
vn -0.3615 0.9322 0.0172
vn -0.3607 0.9322 0.0289
vn -0.3607 0.9322 0.0288
vn -0.3597 0.9322 0.0402
vn -0.3577 0.9322 0.0546
vn -0.3578 0.9322 0.0546
vn -0.3554 0.9322 0.0682
vn -0.3527 0.9322 0.0810
vn -0.3498 0.9322 0.0929
vn -0.3467 0.9322 0.1039
vn -0.3435 0.9322 0.1138
vn -0.3404 0.9322 0.1228
vn -0.3376 0.9322 0.1304
vn -0.3362 0.9322 0.1339
vn -0.3352 0.9322 0.1363
vn -0.3353 0.9322 0.1360
vn -0.3368 0.9322 0.1322
vn -0.3388 0.9322 0.1271
vn -0.3410 0.9322 0.1210
vn -0.3436 0.9322 0.1136
vn -0.3463 0.9322 0.1049
vn -0.3493 0.9322 0.0945
vn -0.3521 0.9322 0.0833
vn -0.3522 0.9322 0.0833
vn -0.3546 0.9322 0.0719
vn -0.3547 0.9322 0.0719
vn -0.3570 0.9322 0.0595
vn -0.3589 0.9322 0.0467
vn -0.3603 0.9322 0.0344
vn -0.3612 0.9322 0.0224
vn -0.3617 0.9322 0.0107
vn -0.3619 0.9322 -0.0007
vn -0.3617 0.9322 -0.0115
vn -0.3612 0.9322 -0.0217
vn -0.3605 0.9322 -0.0314
vn -0.3597 0.9322 -0.0402
vn -0.3596 0.9322 -0.0402
vn -0.3586 0.9322 -0.0482
vn -0.3576 0.9322 -0.0551
vn -0.3577 0.9322 -0.0551
vn -0.3568 0.9322 -0.0605
vn -0.3567 0.9322 -0.0605
vn -0.3565 0.9322 -0.0619
vn -0.3567 0.9322 -0.0610
vn -0.3571 0.9322 -0.0588
vn -0.3570 0.9322 -0.0588
vn -0.3576 0.9322 -0.0555
vn -0.3582 0.9322 -0.0511
vn -0.3590 0.9322 -0.0457
vn -0.3598 0.9322 -0.0392
vn -0.3597 0.9322 -0.0392
vn -0.3604 0.9322 -0.0318
vn -0.3605 0.9322 -0.0318
vn -0.3611 0.9322 -0.0234
vn -0.3611 0.9322 -0.0233
vn -0.3616 0.9322 -0.0140
vn -0.3619 0.9322 -0.0038
vn -0.3618 0.9322 0.0073
vn -0.3616 0.9322 0.0139
vn -0.3616 0.9322 0.0138
vn -0.3613 0.9322 0.0199
vn -0.3606 0.9322 0.0309
vn -0.3594 0.9322 0.0425
vn -0.3578 0.9322 0.0545
vn -0.3557 0.9322 0.0668
vn -0.3531 0.9322 0.0794
vn -0.3499 0.9322 0.0922
vn -0.3500 0.9322 0.0923
vn -0.3463 0.9322 0.1052
vn -0.3421 0.9322 0.1181
vn -0.3374 0.9322 0.1310
vn -0.3324 0.9322 0.1431
vn -0.3288 0.9322 0.1510
vn -0.3419 0.9276 0.1503
vn -0.0330 0.9994 0.0092
vn -0.0304 0.9994 0.0144
vn -0.0309 0.9994 0.0133
vn -0.0314 0.9994 0.0122
vn -0.0318 0.9994 0.0110
vn -0.0322 0.9994 0.0098
vn -0.0326 0.9994 0.0086
vn -0.0329 0.9994 0.0074
vn -0.0331 0.9994 0.0062
vn -0.0333 0.9994 0.0051
vn -0.0334 0.9994 0.0040
vn -0.0334 0.9994 0.0039
vn -0.0335 0.9994 0.0029
vn -0.0336 0.9994 0.0018
vn -0.0336 0.9994 0.0019
vn -0.0336 0.9994 0.0013
vn -0.0337 0.9994 0.0007
vn -0.0337 0.9994 -0.0004
vn -0.0336 0.9994 -0.0013
vn -0.0336 0.9994 -0.0022
vn -0.0335 0.9994 -0.0030
vn -0.0335 0.9994 -0.0037
vn -0.0335 0.9994 -0.0036
vn -0.0334 0.9994 -0.0042
vn -0.0333 0.9994 -0.0048
vn -0.0333 0.9994 -0.0052
vn -0.0332 0.9994 -0.0055
vn -0.0332 0.9994 -0.0057
vn -0.0332 0.9994 -0.0058
vn -0.0332 0.9994 -0.0056
vn -0.0333 0.9994 -0.0051
vn -0.0334 0.9994 -0.0045
vn -0.0334 0.9994 -0.0037
vn -0.0335 0.9994 -0.0038
vn -0.0335 0.9994 -0.0029
vn -0.0336 0.9994 -0.0020
vn -0.0336 0.9994 -0.0011
vn -0.0337 0.9994 -0.0001
vn -0.0337 0.9994 0.0010
vn -0.0336 0.9994 0.0021
vn -0.0335 0.9994 0.0032
vn -0.0334 0.9994 0.0043
vn -0.0332 0.9994 0.0055
vn -0.0330 0.9994 0.0067
vn -0.0328 0.9994 0.0077
vn -0.0325 0.9994 0.0088
vn -0.0320 0.9994 0.0106
vn -0.0317 0.9994 0.0113
vn -0.0315 0.9994 0.0118
vn -0.0313 0.9994 0.0123
vn -0.0312 0.9994 0.0126
vn -0.0312 0.9994 0.0127
vn -0.0313 0.9994 0.0125
vn -0.0314 0.9994 0.0121
vn -0.0317 0.9994 0.0114
vn -0.0323 0.9994 0.0097
vn -0.0325 0.9994 0.0086
vn -0.0325 0.9994 0.0087
vn -0.0328 0.9994 0.0075
vn -0.0331 0.9994 0.0064
vn -0.0331 0.9994 0.0063
vn -0.0335 0.9994 0.0037
vn -0.0336 0.9994 0.0027
vn -0.0336 0.9994 0.0016
vn -0.0337 0.9994 0.0001
vn -0.0336 0.9994 -0.0014
vn -0.0336 0.9994 -0.0015
vn -0.0335 0.9994 -0.0031
vn -0.0333 0.9994 -0.0047
vn -0.0334 0.9994 -0.0047
vn -0.0331 0.9994 -0.0064
vn -0.0329 0.9994 -0.0073
vn -0.0327 0.9994 -0.0082
vn -0.0322 0.9994 -0.0098
vn -0.0317 0.9994 -0.0113
vn -0.0311 0.9994 -0.0128
vn -0.0305 0.9994 -0.0143
vn -0.0298 0.9994 -0.0157
vn -0.0290 0.9994 -0.0170
vn -0.0291 0.9994 -0.0170
vn -0.0286 0.9994 -0.0178
vn -0.0281 0.9994 -0.0186
vn -0.0272 0.9994 -0.0198
vn -0.0264 0.9994 -0.0210
vn -0.0264 0.9994 -0.0209
vn -0.0255 0.9994 -0.0220
vn -0.0247 0.9994 -0.0229
vn -0.0238 0.9994 -0.0238
vn -0.0230 0.9994 -0.0246
vn -0.0222 0.9994 -0.0253
vn -0.0217 0.9994 -0.0258
vn -0.0210 0.9994 -0.0263
vn -0.0202 0.9994 -0.0269
vn -0.0202 0.9994 -0.0270
vn -0.0194 0.9994 -0.0276
vn -0.0194 0.9994 -0.0275
vn -0.0186 0.9994 -0.0281
vn -0.0186 0.9994 -0.0280
vn -0.0179 0.9994 -0.0286
vn -0.0179 0.9994 -0.0285
vn -0.0172 0.9994 -0.0290
vn -0.0159 0.9994 -0.0297
vn -0.0522 0.9946 -0.0900
vn -0.0499 0.9949 -0.0876
vn -0.0514 0.9949 -0.0867
vn -0.0535 0.9949 -0.0855
vn -0.0535 0.9949 -0.0854
vn -0.0557 0.9949 -0.0840
vn -0.0580 0.9949 -0.0825
vn -0.0604 0.9949 -0.0807
vn -0.0630 0.9949 -0.0787
vn -0.0649 0.9949 -0.0772
vn -0.0649 0.9949 -0.0771
vn -0.0666 0.9949 -0.0757
vn -0.0689 0.9949 -0.0735
vn -0.0689 0.9949 -0.0736
vn -0.0714 0.9949 -0.0712
vn -0.0738 0.9949 -0.0686
vn -0.0764 0.9949 -0.0658
vn -0.0789 0.9949 -0.0627
vn -0.0789 0.9949 -0.0628
vn -0.0815 0.9949 -0.0594
vn -0.0840 0.9949 -0.0558
vn -0.0855 0.9949 -0.0533
vn -0.0855 0.9949 -0.0534
vn -0.0870 0.9949 -0.0510
vn -0.0892 0.9949 -0.0470
vn -0.0913 0.9949 -0.0428
vn -0.0932 0.9949 -0.0384
vn -0.0950 0.9949 -0.0339
vn -0.0965 0.9949 -0.0292
vn -0.0978 0.9949 -0.0245
vn -0.0984 0.9949 -0.0218
vn -0.0990 0.9949 -0.0190
vn -0.0999 0.9949 -0.0141
vn -0.0998 0.9949 -0.0140
vn -0.1004 0.9949 -0.0091
vn -0.1007 0.9949 -0.0043
vn -0.1008 0.9949 0.0003
vn -0.1007 0.9949 0.0048
vn -0.1005 0.9949 0.0080
vn -0.1002 0.9949 0.0112
vn -0.0997 0.9949 0.0152
vn -0.0990 0.9949 0.0190
vn -0.0982 0.9949 0.0226
vn -0.0974 0.9949 0.0259
vn -0.0966 0.9949 0.0289
vn -0.0957 0.9949 0.0317
vn -0.0948 0.9949 0.0342
vn -0.0940 0.9949 0.0363
vn -0.0936 0.9949 0.0373
vn -0.0934 0.9949 0.0380
vn -0.0934 0.9949 0.0379
vn -0.0938 0.9949 0.0368
vn -0.0944 0.9949 0.0354
vn -0.0950 0.9949 0.0337
vn -0.0965 0.9949 0.0292
vn -0.0973 0.9949 0.0263
vn -0.0981 0.9949 0.0232
vn -0.0988 0.9949 0.0200
vn -0.0994 0.9949 0.0166
vn -0.0995 0.9949 0.0166
vn -0.1000 0.9949 0.0130
vn -0.1004 0.9949 0.0096
vn -0.1006 0.9949 0.0063
vn -0.1008 0.9949 0.0030
vn -0.1008 0.9949 -0.0002
vn -0.1008 0.9949 -0.0032
vn -0.1006 0.9949 -0.0061
vn -0.1004 0.9949 -0.0087
vn -0.1002 0.9949 -0.0112
vn -0.0999 0.9949 -0.0134
vn -0.0996 0.9949 -0.0154
vn -0.0996 0.9949 -0.0153
vn -0.0994 0.9949 -0.0168
vn -0.0993 0.9949 -0.0172
vn -0.0994 0.9949 -0.0170
vn -0.0993 0.9949 -0.0170
vn -0.0995 0.9949 -0.0164
vn -0.0994 0.9949 -0.0164
vn -0.0996 0.9949 -0.0155
vn -0.0998 0.9949 -0.0142
vn -0.1000 0.9949 -0.0127
vn -0.1002 0.9949 -0.0109
vn -0.1004 0.9949 -0.0089
vn -0.1004 0.9949 -0.0088
vn -0.1006 0.9949 -0.0065
vn -0.1007 0.9949 -0.0039
vn -0.1008 0.9949 -0.0011
vn -0.1008 0.9949 0.0020
vn -0.1007 0.9949 0.0039
vn -0.1007 0.9949 0.0055
vn -0.1004 0.9949 0.0086
vn -0.1005 0.9949 0.0086
vn -0.1001 0.9949 0.0118
vn -0.0991 0.9949 0.0186
vn -0.0984 0.9949 0.0221
vn -0.0975 0.9949 0.0257
vn -0.0965 0.9949 0.0293
vn -0.0953 0.9949 0.0329
vn -0.0940 0.9949 0.0365
vn -0.0926 0.9949 0.0399
vn -0.0911 0.9949 0.0432
vn -0.0924 0.9949 0.0405
vn -0.0520 0.9982 0.0283
vn -0.0848 0.9859 -0.1444
vn -0.0855 0.9859 -0.1440
vn -0.0855 0.9859 -0.1441
vn -0.0889 0.9859 -0.1420
vn -0.0925 0.9859 -0.1396
vn -0.0925 0.9859 -0.1397
vn -0.0964 0.9859 -0.1370
vn -0.1004 0.9859 -0.1341
vn -0.1047 0.9859 -0.1308
vn -0.1078 0.9859 -0.1282
vn -0.1107 0.9859 -0.1258
vn -0.1106 0.9859 -0.1258
vn -0.1146 0.9859 -0.1222
vn -0.1146 0.9859 -0.1223
vn -0.1186 0.9859 -0.1183
vn -0.1227 0.9859 -0.1140
vn -0.1227 0.9859 -0.1141
vn -0.1269 0.9859 -0.1093
vn -0.1269 0.9859 -0.1094
vn -0.1311 0.9859 -0.1042
vn -0.1311 0.9859 -0.1043
vn -0.1354 0.9859 -0.0987
vn -0.1396 0.9859 -0.0927
vn -0.1421 0.9859 -0.0887
vn -0.1445 0.9859 -0.0848
vn -0.1445 0.9859 -0.0847
vn -0.1482 0.9859 -0.0781
vn -0.1517 0.9859 -0.0711
vn -0.1517 0.9859 -0.0712
vn -0.1549 0.9859 -0.0639
vn -0.1549 0.9859 -0.0638
vn -0.1578 0.9859 -0.0563
vn -0.1604 0.9859 -0.0485
vn -0.1625 0.9859 -0.0407
vn -0.1626 0.9859 -0.0406
vn -0.1635 0.9859 -0.0362
vn -0.1635 0.9859 -0.0363
vn -0.1646 0.9859 -0.0316
vn -0.1659 0.9859 -0.0233
vn -0.1669 0.9859 -0.0152
vn -0.1668 0.9859 -0.0152
vn -0.1674 0.9859 -0.0072
vn -0.1675 0.9859 0.0005
vn -0.1673 0.9859 0.0080
vn -0.1674 0.9859 0.0080
vn -0.1670 0.9859 0.0134
vn -0.1665 0.9859 0.0186
vn -0.1656 0.9859 0.0253
vn -0.1645 0.9859 0.0316
vn -0.1633 0.9859 0.0375
vn -0.1619 0.9859 0.0430
vn -0.1605 0.9859 0.0481
vn -0.1590 0.9859 0.0527
vn -0.1576 0.9859 0.0568
vn -0.1563 0.9859 0.0604
vn -0.1556 0.9859 0.0620
vn -0.1552 0.9859 0.0631
vn -0.1552 0.9859 0.0630
vn -0.1559 0.9859 0.0612
vn -0.1568 0.9859 0.0589
vn -0.1568 0.9859 0.0588
vn -0.1579 0.9859 0.0560
vn -0.1591 0.9859 0.0526
vn -0.1590 0.9859 0.0526
vn -0.1603 0.9859 0.0486
vn -0.1617 0.9859 0.0438
vn -0.1630 0.9859 0.0386
vn -0.1642 0.9859 0.0333
vn -0.1652 0.9859 0.0275
vn -0.1653 0.9859 0.0275
vn -0.1661 0.9859 0.0216
vn -0.1668 0.9859 0.0159
vn -0.1672 0.9859 0.0104
vn -0.1674 0.9859 0.0049
vn -0.1675 0.9859 -0.0003
vn -0.1674 0.9859 -0.0053
vn -0.1672 0.9859 -0.0101
vn -0.1669 0.9859 -0.0145
vn -0.1665 0.9859 -0.0186
vn -0.1660 0.9859 -0.0223
vn -0.1656 0.9859 -0.0255
vn -0.1652 0.9859 -0.0280
vn -0.1651 0.9859 -0.0280
vn -0.1650 0.9859 -0.0286
vn -0.1651 0.9859 -0.0282
vn -0.1653 0.9859 -0.0272
vn -0.1655 0.9859 -0.0257
vn -0.1658 0.9859 -0.0237
vn -0.1662 0.9859 -0.0211
vn -0.1665 0.9859 -0.0182
vn -0.1665 0.9859 -0.0181
vn -0.1669 0.9859 -0.0147
vn -0.1672 0.9859 -0.0108
vn -0.1674 0.9859 -0.0065
vn -0.1675 0.9859 -0.0018
vn -0.1675 0.9859 0.0034
vn -0.1674 0.9859 0.0064
vn -0.1673 0.9859 0.0092
vn -0.1669 0.9859 0.0143
vn -0.1664 0.9859 0.0197
vn -0.1656 0.9859 0.0252
vn -0.1646 0.9859 0.0309
vn -0.1647 0.9859 0.0309
vn -0.1635 0.9859 0.0368
vn -0.1634 0.9859 0.0368
vn -0.1620 0.9859 0.0427
vn -0.1603 0.9859 0.0487
vn -0.1583 0.9859 0.0547
vn -0.1584 0.9859 0.0547
vn -0.1562 0.9859 0.0606
vn -0.1539 0.9859 0.0662
vn -0.1539 0.9859 0.0663
vn -0.1517 0.9859 0.0710
vn -0.1625 0.9839 0.0740
s 0
f 1//1 2//1 3//1
f 3//1 2//1 4//1
f 5//2 1//2 6//2
f 6//2 1//2 3//2
f 7//3 5//3 8//3
f 8//3 5//3 6//3
f 2//4 7//4 4//4
f 4//4 7//4 8//4
f 9//5 7//5 2//5
f 10//5 11//5 1//5
f 12//6 13//6 9//6
f 1//5 11//5 2//5
f 2//5 11//5 14//5
f 2//5 14//5 9//5
f 9//5 13//5 7//5
f 7//5 13//5 15//5
f 7//5 15//5 5//5
f 5//5 15//5 16//5
f 5//5 16//5 17//5
f 17//5 18//5 19//5
f 20//5 21//5 22//5
f 22//5 21//5 23//5
f 20//5 24//5 21//5
f 21//5 24//5 25//5
f 21//5 25//5 26//5
f 27//5 28//5 23//5
f 23//5 28//5 29//5
f 23//5 29//5 22//5
f 19//5 30//5 17//5
f 17//5 30//5 31//5
f 17//5 31//5 32//5
f 25//5 33//5 26//5
f 26//5 33//5 34//5
f 26//5 34//5 35//5
f 34//5 36//5 35//5
f 35//5 36//5 37//5
f 35//5 37//5 38//5
f 32//5 39//5 17//5
f 17//5 39//5 40//5
f 17//5 40//5 41//5
f 42//5 43//5 44//5
f 44//5 43//5 45//5
f 44//5 45//5 46//5
f 46//5 45//5 47//5
f 46//5 47//5 48//5
f 49//5 50//5 42//5
f 42//5 50//5 51//5
f 42//5 51//5 43//5
f 48//5 52//5 46//5
f 46//5 52//5 53//5
f 46//5 53//5 54//5
f 54//5 53//5 55//5
f 54//5 55//5 56//5
f 37//5 57//5 38//5
f 38//5 57//5 58//5
f 38//5 58//5 59//5
f 1//5 5//5 10//5
f 10//5 5//5 17//5
f 10//5 17//5 60//5
f 60//5 17//5 61//5
f 62//5 63//5 64//5
f 64//5 63//5 65//5
f 64//5 65//5 66//5
f 66//5 65//5 67//5
f 68//5 69//5 18//5
f 56//5 70//5 54//5
f 54//5 70//5 71//5
f 54//5 71//5 65//5
f 65//5 71//5 72//5
f 65//5 72//5 67//5
f 68//5 18//5 73//5
f 41//5 74//5 17//5
f 17//5 74//5 75//5
f 17//5 75//5 76//5
f 77//5 78//5 17//5
f 17//5 78//5 79//5
f 80//5 81//5 82//5
f 82//5 81//5 63//5
f 82//5 63//5 83//5
f 83//5 63//5 62//5
f 69//5 84//5 18//5
f 18//5 84//5 85//5
f 18//5 85//5 86//5
f 58//5 87//5 59//5
f 59//5 87//5 88//5
f 59//5 88//5 89//5
f 90//5 91//5 92//5
f 92//5 91//5 93//5
f 92//5 93//5 94//5
f 94//5 93//5 95//5
f 94//5 95//5 27//5
f 27//5 95//5 96//5
f 27//5 96//5 28//5
f 80//5 97//5 81//5
f 81//5 97//5 98//5
f 81//5 98//5 92//5
f 92//5 98//5 99//5
f 92//5 99//5 90//5
f 100//5 101//5 18//5
f 18//5 101//5 102//5
f 18//5 102//5 73//5
f 76//5 103//5 17//5
f 17//5 103//5 104//5
f 17//5 104//5 105//5
f 79//5 106//5 17//5
f 17//5 106//5 107//5
f 17//5 107//5 108//5
f 85//5 109//5 86//5
f 86//5 109//5 110//5
f 86//5 110//5 111//5
f 111//5 110//5 112//5
f 111//5 112//5 113//5
f 113//5 112//5 114//5
f 113//5 114//5 115//5
f 115//5 114//5 116//5
f 115//5 116//5 117//5
f 117//5 116//5 118//5
f 117//5 118//5 119//5
f 119//5 118//5 120//5
f 119//5 120//5 49//5
f 49//5 120//5 121//5
f 49//5 121//5 50//5
f 105//5 122//5 17//5
f 17//5 122//5 123//5
f 17//5 123//5 77//5
f 124//5 125//5 18//5
f 18//5 125//5 126//5
f 18//5 126//5 127//5
f 127//5 128//5 18//5
f 18//5 128//5 129//5
f 18//5 129//5 100//5
f 108//5 130//5 17//5
f 17//5 130//5 131//5
f 17//5 131//5 132//5
f 12//5 9//5 133//5
f 133//5 9//5 134//5
f 133//5 134//5 135//5
f 135//5 134//5 136//5
f 135//5 136//5 137//5
f 137//5 136//5 138//5
f 137//5 138//5 139//5
f 132//5 140//5 17//5
f 17//5 140//5 141//5
f 17//5 141//5 61//5
f 17//5 142//5 143//5
f 88//5 144//5 89//5
f 89//5 144//5 145//5
f 89//5 145//5 146//5
f 146//5 145//5 147//5
f 146//5 147//5 148//5
f 148//5 147//5 149//5
f 148//5 149//5 150//5
f 150//5 149//5 151//5
f 150//5 151//5 152//5
f 152//5 151//5 153//5
f 152//5 153//5 154//5
f 154//5 153//5 155//5
f 154//5 155//5 156//5
f 156//5 155//5 157//5
f 158//5 159//5 160//5
f 160//5 159//5 161//5
f 160//5 161//5 162//5
f 162//5 161//5 163//5
f 162//5 163//5 157//5
f 157//5 163//5 164//5
f 157//5 164//5 156//5
f 165//5 166//5 158//5
f 158//5 166//5 167//5
f 158//5 167//5 159//5
f 138//5 168//5 139//5
f 139//5 168//5 169//5
f 139//5 169//5 170//5
f 170//5 169//5 171//5
f 170//5 171//5 172//5
f 143//5 173//5 17//5
f 17//5 173//5 174//5
f 17//5 174//5 18//5
f 18//5 174//5 175//5
f 18//5 175//5 124//5
f 176//5 177//5 165//5
f 165//7 177//7 178//7
f 165//5 178//5 166//5
f 171//5 179//5 172//5
f 172//5 179//5 180//5
f 172//5 180//5 181//5
f 182//5 183//5 176//5
f 176//5 183//5 184//5
f 176//5 184//5 177//5
f 180//5 185//5 181//5
f 181//5 185//5 186//5
f 181//5 186//5 187//5
f 188//5 189//5 182//5
f 182//5 189//5 190//5
f 182//5 190//5 183//5
f 191//5 192//5 188//5
f 188//5 192//5 193//5
f 188//5 193//5 189//5
f 194//5 195//5 191//5
f 191//5 195//5 196//5
f 191//5 196//5 192//5
f 197//5 198//5 194//5
f 194//5 198//5 199//5
f 194//5 199//5 195//5
f 186//5 200//5 187//5
f 187//5 200//5 201//5
f 187//5 201//5 202//5
f 202//5 201//5 203//5
f 202//5 203//5 197//5
f 197//5 203//5 204//5
f 197//5 204//5 198//5
f 8//8 6//8 4//8
f 4//8 6//8 3//8
f 205//9 206//9 15//9
f 15//9 206//9 16//9
f 207//10 208//10 16//10
f 209//11 17//11 16//11
f 208//12 210//12 16//12
f 16//13 210//13 211//13
f 16//14 211//14 212//14
f 213//10 214//10 16//10
f 212//15 215//15 16//15
f 16//13 215//13 216//13
f 16//16 216//16 209//16
f 213//10 16//10 217//10
f 218//17 219//17 16//17
f 16//18 219//18 220//18
f 16//19 220//19 207//19
f 221//18 222//18 16//18
f 16//10 222//10 223//10
f 16//20 223//20 218//20
f 224//10 225//10 16//10
f 16//10 225//10 226//10
f 16//10 226//10 217//10
f 214//10 227//10 16//10
f 16//10 227//10 228//10
f 16//10 228//10 221//10
f 229//10 230//10 16//10
f 16//10 230//10 231//10
f 16//10 231//10 224//10
f 206//10 232//10 16//10
f 16//10 232//10 233//10
f 16//10 233//10 229//10
f 234//21 235//21 236//21
f 237//22 238//22 239//22
f 240//23 241//23 242//23
f 243//24 244//24 245//24
f 246//25 247//25 248//25
f 249//26 250//26 251//26
f 252//27 253//27 254//27
f 255//28 256//28 257//28
f 258//29 259//29 260//29
f 261//30 262//30 263//30
f 263//31 262//31 264//31
f 265//32 266//32 267//32
f 268//33 269//33 270//33
f 271//34 272//34 273//34
f 274//35 275//35 276//35
f 277//36 278//36 279//36
f 280//37 281//37 282//37
f 283//38 284//38 285//38
f 286//39 283//39 287//39
f 288//40 289//40 290//40
f 291//41 292//41 293//41
f 294//42 295//42 296//42
f 296//43 295//43 297//43
f 298//44 299//44 300//44
f 231//45 230//45 301//45
f 233//46 232//46 302//46
f 301//47 230//47 303//47
f 303//48 230//48 229//48
f 303//49 229//49 304//49
f 304//50 229//50 233//50
f 304//51 233//51 305//51
f 305//52 233//52 302//52
f 305//53 302//53 306//53
f 231//54 301//54 224//54
f 224//55 301//55 307//55
f 224//56 307//56 225//56
f 225//57 307//57 308//57
f 225//58 308//58 226//58
f 213//59 217//59 309//59
f 309//60 217//60 226//60
f 309//60 226//60 310//60
f 310//61 226//61 308//61
f 306//62 302//62 311//62
f 311//63 302//63 312//63
f 311//64 312//64 313//64
f 313//65 312//65 314//65
f 314//66 312//66 315//66
f 314//67 315//67 316//67
f 316//68 315//68 317//68
f 316//69 317//69 318//69
f 318//70 317//70 319//70
f 318//71 319//71 320//71
f 320//72 319//72 321//72
f 321//73 319//73 322//73
f 321//74 322//74 323//74
f 323//75 322//75 324//75
f 323//76 324//76 325//76
f 325//77 324//77 326//77
f 325//78 326//78 327//78
f 327//79 326//79 328//79
f 327//80 328//80 329//80
f 329//81 328//81 330//81
f 329//82 330//82 331//82
f 331//83 330//83 332//83
f 332//84 330//84 333//84
f 332//85 333//85 334//85
f 334//86 333//86 335//86
f 334//87 335//87 336//87
f 336//88 335//88 337//88
f 336//89 337//89 338//89
f 338//90 337//90 339//90
f 339//91 337//91 340//91
f 339//92 340//92 341//92
f 340//93 342//93 341//93
f 341//94 342//94 343//94
f 341//95 343//95 344//95
f 344//96 343//96 345//96
f 346//97 347//97 345//97
f 345//98 347//98 348//98
f 345//99 348//99 344//99
f 300//100 299//100 349//100
f 349//101 299//101 350//101
f 349//102 350//102 351//102
f 351//103 350//103 352//103
f 351//104 352//104 353//104
f 353//105 352//105 354//105
f 353//106 354//106 355//106
f 355//107 354//107 356//107
f 355//108 356//108 346//108
f 346//109 356//109 357//109
f 346//110 357//110 347//110
f 300//111 358//111 298//111
f 298//112 358//112 359//112
f 298//113 359//113 360//113
f 360//114 359//114 361//114
f 360//115 361//115 362//115
f 362//116 361//116 363//116
f 362//117 363//117 364//117
f 364//118 363//118 365//118
f 364//119 365//119 366//119
f 366//120 365//120 367//120
f 366//121 367//121 368//121
f 368//122 367//122 369//122
f 368//123 369//123 370//123
f 370//124 369//124 371//124
f 370//125 371//125 372//125
f 372//126 371//126 373//126
f 372//127 373//127 374//127
f 374//128 373//128 375//128
f 374//129 375//129 376//129
f 376//130 375//130 377//130
f 376//131 377//131 378//131
f 378//132 377//132 379//132
f 379//133 377//133 380//133
f 379//134 380//134 381//134
f 381//135 380//135 382//135
f 381//136 382//136 383//136
f 383//137 382//137 384//137
f 383//138 384//138 385//138
f 385//139 384//139 386//139
f 385//140 386//140 387//140
f 386//141 388//141 387//141
f 387//142 388//142 389//142
f 387//143 389//143 390//143
f 390//144 389//144 391//144
f 391//145 389//145 392//145
f 391//146 392//146 393//146
f 393//147 392//147 394//147
f 393//148 394//148 395//148
f 396//149 397//149 398//149
f 398//150 397//150 399//150
f 398//151 399//151 400//151
f 400//152 399//152 401//152
f 400//153 401//153 402//153
f 402//154 401//154 403//154
f 402//155 403//155 404//155
f 404//156 403//156 405//156
f 404//157 405//157 394//157
f 394//158 405//158 406//158
f 394//159 406//159 395//159
f 407//160 408//160 409//160
f 409//161 408//161 410//161
f 409//162 410//162 411//162
f 411//163 410//163 412//163
f 411//164 412//164 413//164
f 413//165 412//165 414//165
f 413//166 414//166 415//166
f 415//167 414//167 416//167
f 415//168 416//168 417//168
f 417//169 416//169 418//169
f 417//170 418//170 419//170
f 419//171 418//171 420//171
f 419//172 420//172 421//172
f 421//173 420//173 422//173
f 421//174 422//174 423//174
f 423//175 422//175 424//175
f 423//176 424//176 425//176
f 425//177 424//177 426//177
f 425//178 426//178 427//178
f 427//179 426//179 428//179
f 427//180 428//180 396//180
f 396//181 428//181 429//181
f 396//182 429//182 397//182
f 297//183 430//183 431//183
f 431//184 430//184 432//184
f 431//185 432//185 433//185
f 433//186 432//186 434//186
f 433//187 434//187 435//187
f 435//188 434//188 436//188
f 435//189 436//189 437//189
f 437//190 436//190 438//190
f 437//191 438//191 439//191
f 439//191 438//191 440//191
f 439//192 440//192 441//192
f 441//193 440//193 442//193
f 441//194 442//194 443//194
f 443//195 442//195 444//195
f 443//196 444//196 407//196
f 407//197 444//197 445//197
f 407//198 445//198 408//198
f 446//199 447//199 448//199
f 448//200 449//200 446//200
f 446//201 449//201 450//201
f 446//202 450//202 451//202
f 452//203 453//203 454//203
f 454//204 453//204 455//204
f 454//205 455//205 456//205
f 457//206 458//206 459//206
f 459//207 458//207 460//207
f 459//208 460//208 461//208
f 461//209 460//209 462//209
f 461//210 462//210 463//210
f 463//211 462//211 464//211
f 465//212 466//212 467//212
f 467//213 466//213 468//213
f 469//214 470//214 471//214
f 471//215 470//215 472//215
f 473//216 474//216 475//216
f 475//217 474//217 476//217
f 477//218 478//218 479//218
f 479//219 478//219 480//219
f 477//220 479//220 481//220
f 481//221 479//221 482//221
f 481//222 482//222 483//222
f 483//223 482//223 484//223
f 483//224 484//224 485//224
f 485//225 484//225 486//225
f 485//226 486//226 487//226
f 487//227 486//227 488//227
f 487//228 488//228 489//228
f 489//229 488//229 490//229
f 489//230 490//230 491//230
f 491//231 490//231 492//231
f 491//232 492//232 493//232
f 493//233 492//233 494//233
f 493//234 494//234 495//234
f 495//235 494//235 496//235
f 495//236 496//236 497//236
f 497//237 496//237 498//237
f 498//238 496//238 499//238
f 498//239 499//239 500//239
f 500//240 499//240 501//240
f 500//241 501//241 292//241
f 292//242 501//242 502//242
f 292//243 502//243 293//243
f 290//244 289//244 503//244
f 291//245 293//245 289//245
f 289//246 293//246 504//246
f 289//247 504//247 503//247
f 288//248 290//248 505//248
f 505//249 290//249 506//249
f 505//250 506//250 507//250
f 508//251 509//251 510//251
f 510//252 509//252 511//252
f 510//253 511//253 512//253
f 512//254 511//254 513//254
f 512//255 513//255 507//255
f 507//256 513//256 514//256
f 507//257 514//257 505//257
f 510//258 515//258 508//258
f 508//259 515//259 516//259
f 508//260 516//260 517//260
f 517//261 516//261 518//261
f 517//262 518//262 519//262
f 519//263 518//263 520//263
f 521//264 522//264 523//264
f 524//265 525//265 526//265
f 526//266 525//266 527//266
f 526//267 527//267 528//267
f 529//268 530//268 531//268
f 532//269 533//269 534//269
f 281//270 535//270 536//270
f 536//271 535//271 537//271
f 537//272 532//272 538//272
f 281//273 280//273 535//273
f 535//274 280//274 539//274
f 535//275 539//275 537//275
f 540//276 541//276 542//276
f 542//277 541//277 537//277
f 431//278 446//278 297//278
f 297//200 446//200 451//200
f 297//279 451//279 296//279
f 296//280 451//280 455//280
f 296//281 455//281 294//281
f 294//282 455//282 453//282
f 543//283 544//283 545//283
f 545//284 544//284 546//284
f 547//285 548//285 549//285
f 550//286 551//286 552//286
f 551//287 550//287 545//287
f 521//288 523//288 553//288
f 553//289 523//289 554//289
f 553//290 554//290 555//290
f 555//37 540//37 553//37
f 553//291 540//291 542//291
f 553//292 542//292 521//292
f 521//293 542//293 537//293
f 521//294 537//294 522//294
f 528//295 556//295 526//295
f 526//296 556//296 557//296
f 526//297 557//297 524//297
f 537//298 538//298 536//298
f 536//299 538//299 558//299
f 536//300 558//300 281//300
f 281//301 558//301 559//301
f 281//297 559//297 282//297
f 560//302 561//302 530//302
f 562//303 563//303 564//303
f 564//304 563//304 565//304
f 564//305 565//305 566//305
f 528//306 567//306 556//306
f 556//307 567//307 238//307
f 556//308 238//308 557//308
f 557//309 238//309 568//309
f 557//310 568//310 524//310
f 561//311 560//311 238//311
f 530//312 529//312 560//312
f 560//313 529//313 569//313
f 560//314 569//314 238//314
f 566//315 238//315 564//315
f 564//316 238//316 237//316
f 564//317 237//317 562//317
f 562//317 237//317 570//317
f 562//318 570//318 563//318
f 563//319 570//319 571//319
f 563//320 571//320 565//320
f 279//321 278//321 572//321
f 573//322 574//322 575//322
f 575//323 574//323 576//323
f 575//324 576//324 577//324
f 572//325 578//325 279//325
f 279//326 578//326 579//326
f 279//327 579//327 277//327
f 580//328 452//328 581//328
f 581//329 452//329 454//329
f 581//330 454//330 582//330
f 582//331 454//331 456//331
f 547//332 549//332 583//332
f 583//333 549//333 584//333
f 583//334 584//334 585//334
f 585//335 552//335 583//335
f 583//336 552//336 551//336
f 583//337 551//337 547//337
f 547//338 551//338 545//338
f 547//339 545//339 548//339
f 286//340 287//340 586//340
f 586//341 287//341 587//341
f 586//342 587//342 588//342
f 283//343 285//343 287//343
f 287//344 285//344 589//344
f 287//345 589//345 587//345
f 587//346 589//346 590//346
f 587//347 590//347 588//347
f 591//348 592//348 593//348
f 593//349 592//349 590//349
f 593//350 590//350 594//350
f 594//8 590//8 595//8
f 594//351 595//351 593//351
f 593//352 595//352 591//352
f 573//353 596//353 597//353
f 597//354 596//354 598//354
f 597//355 598//355 599//355
f 600//356 601//356 602//356
f 274//357 603//357 604//357
f 605//358 606//358 607//358
f 607//359 606//359 590//359
f 607//360 590//360 608//360
f 608//361 590//361 589//361
f 608//362 589//362 609//362
f 609//363 589//363 285//363
f 609//364 285//364 610//364
f 610//365 285//365 284//365
f 600//366 602//366 611//366
f 611//367 602//367 612//367
f 611//368 612//368 613//368
f 603//369 614//369 604//369
f 604//370 614//370 615//370
f 604//371 615//371 616//371
f 599//372 617//372 618//372
f 618//373 617//373 619//373
f 620//374 619//374 621//374
f 621//375 619//375 617//375
f 621//376 617//376 622//376
f 622//377 617//377 599//377
f 623//378 624//378 625//378
f 626//379 627//379 628//379
f 628//380 627//380 629//380
f 628//381 629//381 630//381
f 630//382 629//382 631//382
f 630//383 631//383 632//383
f 632//384 631//384 623//384
f 268//385 633//385 606//385
f 606//386 633//386 598//386
f 606//387 598//387 590//387
f 590//388 598//388 596//388
f 590//389 596//389 595//389
f 595//390 596//390 634//390
f 595//391 634//391 591//391
f 599//392 635//392 622//392
f 622//393 635//393 636//393
f 622//394 636//394 621//394
f 621//395 636//395 637//395
f 621//396 637//396 620//396
f 601//397 638//397 602//397
f 602//398 638//398 639//398
f 602//399 639//399 612//399
f 612//400 639//400 640//400
f 612//401 640//401 613//401
f 624//402 641//402 625//402
f 625//403 641//403 642//403
f 625//404 642//404 643//404
f 276//405 644//405 274//405
f 274//406 644//406 645//406
f 274//407 645//407 603//407
f 603//408 645//408 646//408
f 603//409 646//409 614//409
f 614//410 646//410 643//410
f 614//411 643//411 615//411
f 615//412 643//412 642//412
f 615//413 642//413 616//413
f 616//414 642//414 641//414
f 599//415 598//415 647//415
f 647//416 598//416 633//416
f 647//417 633//417 648//417
f 648//418 633//418 649//418
f 648//419 649//419 650//419
f 651//420 652//420 653//420
f 653//421 652//421 654//421
f 653//422 654//422 655//422
f 655//423 654//423 656//423
f 655//424 656//424 657//424
f 657//425 656//425 658//425
f 632//426 659//426 630//426
f 630//427 659//427 660//427
f 630//428 660//428 628//428
f 628//429 660//429 661//429
f 628//430 661//430 626//430
f 662//431 663//431 605//431
f 266//432 265//432 269//432
f 651//433 599//433 652//433
f 652//434 599//434 647//434
f 652//435 647//435 654//435
f 654//436 647//436 648//436
f 654//437 648//437 656//437
f 656//438 648//438 650//438
f 656//439 650//439 658//439
f 271//440 273//440 664//440
f 664//441 273//441 665//441
f 664//442 665//442 666//442
f 667//443 668//443 669//443
f 669//444 668//444 670//444
f 671//445 667//445 672//445
f 672//446 667//446 669//446
f 672//447 669//447 673//447
f 673//448 669//448 670//448
f 671//449 674//449 667//449
f 667//450 674//450 675//450
f 667//451 675//451 668//451
f 668//452 675//452 676//452
f 668//453 676//453 670//453
f 677//150 643//150 640//150
f 640//454 643//454 646//454
f 640//455 646//455 613//455
f 613//456 646//456 645//456
f 613//457 645//457 611//457
f 611//458 645//458 644//458
f 611//366 644//366 600//366
f 600//459 644//459 276//459
f 600//460 276//460 601//460
f 601//461 276//461 678//461
f 601//462 678//462 638//462
f 679//463 680//463 681//463
f 681//464 680//464 670//464
f 682//465 679//465 683//465
f 683//466 679//466 681//466
f 683//467 681//467 684//467
f 684//468 681//468 670//468
f 623//469 625//469 632//469
f 632//470 625//470 643//470
f 632//471 643//471 659//471
f 659//472 643//472 677//472
f 659//473 677//473 660//473
f 660//474 677//474 685//474
f 660//475 685//475 661//475
f 662//476 686//476 687//476
f 687//477 688//477 662//477
f 662//478 688//478 689//478
f 662//479 689//479 690//479
f 690//480 691//480 662//480
f 662//481 691//481 692//481
f 662//482 692//482 693//482
f 693//483 694//483 662//483
f 662//484 694//484 695//484
f 662//485 695//485 696//485
f 697//486 663//486 698//486
f 698//487 663//487 662//487
f 698//488 662//488 699//488
f 699//489 662//489 696//489
f 700//490 701//490 702//490
f 702//491 701//491 703//491
f 702//492 703//492 704//492
f 269//493 705//493 270//493
f 270//494 705//494 706//494
f 270//495 706//495 707//495
f 707//496 706//496 708//496
f 269//497 709//497 266//497
f 266//498 709//498 710//498
f 266//499 710//499 267//499
f 267//500 710//500 711//500
f 269//501 712//501 709//501
f 709//502 712//502 713//502
f 709//503 713//503 710//503
f 710//504 713//504 714//504
f 710//505 714//505 711//505
f 715//506 716//506 717//506
f 717//507 716//507 718//507
f 717//508 718//508 719//508
f 719//509 718//509 720//509
f 269//510 721//510 705//510
f 705//511 721//511 722//511
f 705//512 722//512 706//512
f 706//513 722//513 723//513
f 706//514 723//514 708//514
f 268//515 606//515 269//515
f 269//516 606//516 605//516
f 269//517 605//517 724//517
f 724//518 605//518 663//518
f 724//519 663//519 725//519
f 725//520 663//520 697//520
f 725//521 697//521 726//521
f 686//522 727//522 687//522
f 687//523 727//523 728//523
f 687//524 728//524 688//524
f 688//525 728//525 729//525
f 688//526 729//526 689//526
f 689//527 729//527 730//527
f 689//528 730//528 690//528
f 690//529 730//529 731//529
f 690//530 731//530 691//530
f 691//531 731//531 732//531
f 691//532 732//532 692//532
f 692//533 732//533 733//533
f 692//534 733//534 693//534
f 693//535 733//535 734//535
f 693//536 734//536 694//536
f 694//537 734//537 735//537
f 694//538 735//538 695//538
f 695//539 735//539 736//539
f 695//540 736//540 696//540
f 696//541 736//541 737//541
f 696//542 737//542 699//542
f 699//543 737//543 738//543
f 699//544 738//544 698//544
f 698//545 738//545 739//545
f 698//546 739//546 697//546
f 697//547 739//547 740//547
f 697//547 740//547 726//547
f 741//548 742//548 701//548
f 701//549 742//549 743//549
f 678//550 682//550 638//550
f 638//551 682//551 683//551
f 638//552 683//552 639//552
f 639//553 683//553 684//553
f 639//379 684//379 640//379
f 640//554 684//554 670//554
f 640//555 670//555 677//555
f 677//556 670//556 461//556
f 677//557 461//557 685//557
f 685//558 461//558 463//558
f 685//559 463//559 661//559
f 661//560 463//560 464//560
f 661//561 464//561 626//561
f 272//562 744//562 273//562
f 273//563 744//563 745//563
f 273//564 745//564 665//564
f 665//565 745//565 746//565
f 665//566 746//566 666//566
f 747//567 748//567 749//567
f 749//568 748//568 750//568
f 720//569 750//569 719//569
f 719//570 750//570 748//570
f 719//571 748//571 717//571
f 717//572 748//572 747//572
f 717//573 747//573 715//573
f 750//574 751//574 752//574
f 752//575 751//575 753//575
f 752//576 753//576 754//576
f 754//577 753//577 755//577
f 754//578 755//578 756//578
f 757//579 758//579 759//579
f 759//580 758//580 760//580
f 741//580 761//580 742//580
f 742//581 761//581 762//581
f 742//582 762//582 743//582
f 743//583 762//583 763//583
f 743//584 763//584 764//584
f 765//585 766//585 767//585
f 767//586 766//586 768//586
f 756//587 769//587 754//587
f 754//588 769//588 770//588
f 754//589 770//589 752//589
f 752//590 770//590 771//590
f 752//591 771//591 750//591
f 750//592 771//592 772//592
f 773//593 774//593 775//593
f 773//594 775//594 776//594
f 774//595 777//595 775//595
f 775//596 777//596 778//596
f 775//597 778//597 779//597
f 779//598 780//598 775//598
f 775//599 780//599 781//599
f 775//600 781//600 782//600
f 782//601 783//601 775//601
f 775//602 783//602 784//602
f 775//603 784//603 785//603
f 761//604 768//604 762//604
f 762//605 768//605 766//605
f 762//606 766//606 763//606
f 763//607 766//607 765//607
f 763//608 765//608 764//608
f 764//609 765//609 775//609
f 764//610 775//610 786//610
f 786//611 775//611 785//611
f 700//612 787//612 788//612
f 788//613 787//613 789//613
f 790//614 791//614 792//614
f 792//615 791//615 793//615
f 794//616 795//616 796//616
f 796//617 795//617 797//617
f 796//618 797//618 798//618
f 798//619 797//619 799//619
f 799//620 800//620 798//620
f 798//621 800//621 789//621
f 798//622 789//622 796//622
f 796//623 789//623 787//623
f 796//624 787//624 794//624
f 794//625 787//625 700//625
f 799//626 801//626 800//626
f 800//627 801//627 802//627
f 800//628 802//628 789//628
f 789//629 802//629 803//629
f 789//630 803//630 788//630
f 788//631 803//631 261//631
f 788//632 261//632 700//632
f 700//633 261//633 263//633
f 700//634 263//634 701//634
f 701//635 263//635 264//635
f 260//636 259//636 804//636
f 757//637 805//637 806//637
f 806//638 805//638 807//638
f 757//639 759//639 805//639
f 805//640 759//640 808//640
f 805//641 808//641 807//641
f 670//642 746//642 461//642
f 461//643 746//643 750//643
f 461//644 750//644 459//644
f 459//592 750//592 772//592
f 459//645 772//645 457//645
f 457//646 772//646 809//646
f 810//647 811//647 793//647
f 793//648 811//648 812//648
f 793//649 812//649 792//649
f 792//650 812//650 813//650
f 792//651 813//651 790//651
f 814//652 815//652 816//652
f 816//653 815//653 817//653
f 816//654 817//654 818//654
f 818//655 817//655 819//655
f 814//656 820//656 815//656
f 815//657 820//657 821//657
f 815//658 821//658 817//658
f 817//659 821//659 822//659
f 817//660 822//660 819//660
f 823//661 824//661 825//661
f 253//662 252//662 826//662
f 827//663 828//663 829//663
f 830//664 831//664 832//664
f 832//665 831//665 833//665
f 244//666 243//666 828//666
f 807//212 465//212 809//212
f 809//667 465//667 467//667
f 809//668 467//668 457//668
f 457//668 467//668 468//668
f 457//669 468//669 458//669
f 760//670 834//670 759//670
f 759//671 834//671 835//671
f 759//672 835//672 808//672
f 808//673 835//673 804//673
f 808//674 804//674 807//674
f 807//675 804//675 259//675
f 807//676 259//676 465//676
f 465//677 259//677 258//677
f 465//678 811//678 251//678
f 251//679 811//679 810//679
f 251//680 810//680 249//680
f 465//681 836//681 811//681
f 811//682 836//682 837//682
f 811//683 837//683 812//683
f 812//684 837//684 838//684
f 812//685 838//685 813//685
f 839//686 830//686 840//686
f 840//687 830//687 832//687
f 840//688 832//688 841//688
f 841//689 832//689 833//689
f 841//690 833//690 827//690
f 827//691 842//691 841//691
f 841//692 842//692 843//692
f 841//693 843//693 840//693
f 840//694 843//694 844//694
f 840//695 844//695 839//695
f 845//696 255//696 846//696
f 846//697 255//697 257//697
f 846//698 257//698 847//698
f 847//699 257//699 848//699
f 847//700 848//700 849//700
f 849//701 848//701 850//701
f 247//702 851//702 852//702
f 852//703 851//703 853//703
f 854//704 855//704 856//704
f 856//705 855//705 826//705
f 856//706 826//706 857//706
f 857//707 826//707 252//707
f 857//708 252//708 248//708
f 247//709 246//709 851//709
f 851//710 246//710 858//710
f 851//711 858//711 853//711
f 824//712 859//712 860//712
f 860//713 859//713 853//713
f 824//714 823//714 859//714
f 859//715 823//715 861//715
f 859//716 861//716 853//716
f 862//717 863//717 864//717
f 828//718 865//718 866//718
f 866//719 865//719 863//719
f 863//720 862//720 866//720
f 866//721 862//721 867//721
f 866//722 867//722 828//722
f 868//723 869//723 870//723
f 870//724 869//724 871//724
f 870//725 871//725 872//725
f 872//726 871//726 873//726
f 864//727 874//727 862//727
f 862//728 874//728 875//728
f 862//729 875//729 867//729
f 867//730 875//730 876//730
f 867//731 876//731 828//731
f 828//732 876//732 877//732
f 828//733 877//733 829//733
f 878//734 879//734 880//734
f 880//735 879//735 881//735
f 878//736 882//736 879//736
f 879//737 882//737 883//737
f 879//738 883//738 884//738
f 884//739 885//739 879//739
f 879//740 885//740 886//740
f 879//741 886//741 887//741
f 833//742 888//742 827//742
f 827//742 888//742 889//742
f 827//743 889//743 828//743
f 828//744 889//744 879//744
f 828//745 879//745 244//745
f 244//746 879//746 887//746
f 244//747 887//747 245//747
f 845//748 846//748 890//748
f 890//749 846//749 847//749
f 890//750 847//750 891//750
f 891//700 847//700 849//700
f 891//751 849//751 250//751
f 250//752 849//752 850//752
f 250//753 850//753 251//753
f 251//754 850//754 471//754
f 251//755 471//755 465//755
f 465//756 471//756 472//756
f 465//757 472//757 466//757
f 892//758 893//758 894//758
f 894//759 893//759 895//759
f 894//760 895//760 896//760
f 897//761 898//761 899//761
f 899//762 898//762 896//762
f 873//763 896//763 872//763
f 872//764 896//764 898//764
f 872//765 898//765 870//765
f 870//214 898//214 897//214
f 870//766 897//766 868//766
f 825//767 900//767 823//767
f 823//768 900//768 901//768
f 823//769 901//769 861//769
f 861//770 901//770 892//770
f 861//771 892//771 853//771
f 853//772 892//772 894//772
f 853//773 894//773 902//773
f 902//774 894//774 896//774
f 902//775 896//775 903//775
f 904//776 905//776 906//776
f 906//777 905//777 907//777
f 906//778 907//778 908//778
f 908//779 909//779 906//779
f 906//780 909//780 910//780
f 906//781 910//781 911//781
f 912//782 913//782 914//782
f 914//783 913//783 915//783
f 914//784 915//784 916//784
f 917//785 918//785 919//785
f 920//786 921//786 922//786
f 922//787 921//787 923//787
f 922//788 923//788 924//788
f 925//789 926//789 927//789
f 928//790 929//790 930//790
f 931//791 932//791 933//791
f 934//792 935//792 936//792
f 936//792 935//792 937//792
f 936//793 937//793 938//793
f 938//794 937//794 939//794
f 940//795 941//795 942//795
f 942//796 941//796 943//796
f 942//797 943//797 944//797
f 944//798 943//798 945//798
f 917//799 919//799 946//799
f 946//800 919//800 947//800
f 946//801 947//801 948//801
f 911//802 949//802 906//802
f 906//803 949//803 950//803
f 906//804 950//804 951//804
f 951//805 950//805 952//805
f 951//806 952//806 953//806
f 904//807 954//807 905//807
f 905//808 954//808 955//808
f 905//809 955//809 907//809
f 907//810 955//810 956//810
f 907//811 956//811 908//811
f 908//812 956//812 957//812
f 908//813 957//813 909//813
f 909//814 957//814 958//814
f 909//815 958//815 910//815
f 910//816 958//816 959//816
f 910//817 959//817 911//817
f 911//818 959//818 960//818
f 911//819 960//819 949//819
f 949//820 960//820 961//820
f 949//821 961//821 950//821
f 950//822 961//822 962//822
f 950//823 962//823 952//823
f 854//824 963//824 473//824
f 924//825 964//825 922//825
f 922//826 964//826 965//826
f 922//827 965//827 920//827
f 925//828 927//828 966//828
f 966//829 927//829 967//829
f 966//830 967//830 968//830
f 969//831 970//831 929//831
f 929//832 970//832 971//832
f 929//833 971//833 930//833
f 969//834 929//834 972//834
f 972//835 929//835 928//835
f 972//836 928//836 973//836
f 924//837 974//837 964//837
f 964//838 974//838 975//838
f 964//839 975//839 965//839
f 965//840 975//840 976//840
f 965//841 976//841 920//841
f 977//842 978//842 979//842
f 979//843 978//843 980//843
f 979//844 980//844 981//844
f 981//845 980//845 982//845
f 983//846 984//846 985//846
f 985//847 984//847 986//847
f 912//848 986//848 913//848
f 913//849 986//849 984//849
f 913//850 984//850 915//850
f 915//851 984//851 983//851
f 915//852 983//852 916//852
f 987//853 988//853 989//853
f 989//854 988//854 986//854
f 990//855 987//855 991//855
f 991//856 987//856 989//856
f 991//857 989//857 992//857
f 992//858 989//858 986//858
f 990//859 993//859 987//859
f 987//860 993//860 994//860
f 987//861 994//861 988//861
f 988//862 994//862 995//862
f 988//858 995//858 986//858
f 948//863 996//863 946//863
f 946//864 996//864 997//864
f 946//865 997//865 917//865
f 917//866 997//866 986//866
f 917//867 986//867 918//867
f 982//868 998//868 981//868
f 981//869 998//869 999//869
f 981//870 999//870 979//870
f 979//871 999//871 1000//871
f 979//872 1000//872 977//872
f 977//873 1000//873 1001//873
f 977//874 1001//874 975//874
f 975//875 1001//875 1002//875
f 975//876 1002//876 986//876
f 986//877 1002//877 906//877
f 986//878 906//878 985//878
f 985//879 906//879 951//879
f 985//880 951//880 983//880
f 983//881 951//881 953//881
f 983//882 953//882 916//882
f 248//883 247//883 857//883
f 857//884 247//884 852//884
f 857//138 852//138 856//138
f 856//771 852//771 853//771
f 856//885 853//885 854//885
f 854//886 853//886 902//886
f 854//887 902//887 963//887
f 963//775 902//775 903//775
f 963//775 903//775 473//775
f 473//888 903//888 1003//888
f 473//216 1003//216 474//216
f 1004//889 1005//889 1006//889
f 1007//5 1008//5 1004//5
f 1005//890 1004//890 1009//890
f 1006//891 1005//891 446//891
f 446//199 1005//199 1009//199
f 446//199 1009//199 447//199
f 447//892 1009//892 1004//892
f 447//893 1004//893 448//893
f 448//894 1004//894 1010//894
f 448//895 1010//895 449//895
f 1007//896 1004//896 1011//896
f 1011//897 1004//897 1006//897
f 1011//898 1006//898 1012//898
f 1012//899 1006//899 446//899
f 1012//900 446//900 1011//900
f 1011//901 446//901 1013//901
f 1011//902 1013//902 1007//902
f 1007//2 1013//2 1014//2
f 1007//5 1014//5 1008//5
f 1015//2 1016//2 1014//2
f 1014//5 1016//5 1008//5
f 278//903 1017//903 572//903
f 572//903 1017//903 582//903
f 572//904 582//904 578//904
f 578//331 582//331 456//331
f 578//905 456//905 543//905
f 543//906 456//906 455//906
f 543//907 455//907 544//907
f 544//908 455//908 451//908
f 544//909 451//909 537//909
f 537//910 451//910 450//910
f 537//910 450//910 532//910
f 532//910 450//910 449//910
f 532//299 449//299 533//299
f 533//911 449//911 1010//911
f 533//912 1010//912 534//912
f 531//913 1018//913 529//913
f 529//914 1018//914 1019//914
f 529//915 1019//915 569//915
f 569//916 1019//916 1020//916
f 569//917 1020//917 238//917
f 238//918 1020//918 1021//918
f 238//919 1021//919 239//919
f 546//920 544//920 570//920
f 570//283 544//283 537//283
f 570//921 537//921 571//921
f 571//292 537//292 541//292
f 571//922 541//922 565//922
f 565//923 541//923 540//923
f 565//924 540//924 566//924
f 566//925 540//925 555//925
f 566//926 555//926 238//926
f 238//927 555//927 554//927
f 238//928 554//928 568//928
f 568//289 554//289 523//289
f 568//929 523//929 524//929
f 524//930 523//930 522//930
f 524//931 522//931 525//931
f 525//932 522//932 537//932
f 525//933 537//933 527//933
f 527//197 537//197 539//197
f 527//931 539//931 528//931
f 528//264 539//264 280//264
f 528//934 280//934 567//934
f 567//935 280//935 282//935
f 567//936 282//936 238//936
f 238//937 282//937 559//937
f 238//938 559//938 561//938
f 561//939 559//939 558//939
f 561//940 558//940 530//940
f 530//941 558//941 538//941
f 530//942 538//942 531//942
f 531//943 538//943 532//943
f 531//944 532//944 1018//944
f 1018//945 532//945 534//945
f 1018//946 534//946 1019//946
f 1019//947 534//947 1010//947
f 1019//948 1010//948 1020//948
f 1020//949 1010//949 1004//949
f 1020//950 1004//950 1021//950
f 1022//951 605//951 1023//951
f 1023//952 605//952 607//952
f 1023//953 607//953 1024//953
f 1024//954 607//954 608//954
f 1024//955 608//955 239//955
f 239//362 608//362 609//362
f 239//956 609//956 237//956
f 237//957 609//957 610//957
f 237//958 610//958 570//958
f 570//959 610//959 284//959
f 570//960 284//960 546//960
f 546//961 284//961 283//961
f 546//962 283//962 545//962
f 545//963 283//963 286//963
f 545//964 286//964 548//964
f 548//965 286//965 586//965
f 548//966 586//966 549//966
f 549//967 586//967 588//967
f 549//968 588//968 584//968
f 584//969 588//969 590//969
f 584//970 590//970 585//970
f 585//971 590//971 592//971
f 585//972 592//972 552//972
f 552//348 592//348 591//348
f 552//973 591//973 550//973
f 550//974 591//974 634//974
f 550//975 634//975 545//975
f 545//976 634//976 596//976
f 545//977 596//977 543//977
f 543//905 596//905 573//905
f 543//905 573//905 578//905
f 578//978 573//978 575//978
f 578//979 575//979 579//979
f 579//980 575//980 577//980
f 579//981 577//981 277//981
f 1025//982 700//982 1026//982
f 1026//983 700//983 702//983
f 1026//984 702//984 1022//984
f 1022//985 702//985 704//985
f 1022//986 704//986 605//986
f 605//987 704//987 703//987
f 605//987 703//987 662//987
f 662//988 703//988 701//988
f 662//989 701//989 686//989
f 686//990 701//990 743//990
f 686//991 743//991 727//991
f 727//992 743//992 764//992
f 727//993 764//993 728//993
f 728//994 764//994 786//994
f 728//995 786//995 729//995
f 729//996 786//996 785//996
f 729//997 785//997 730//997
f 730//998 785//998 784//998
f 730//999 784//999 731//999
f 731//1000 784//1000 783//1000
f 731//1001 783//1001 732//1001
f 732//1002 783//1002 782//1002
f 732//1003 782//1003 733//1003
f 733//1004 782//1004 781//1004
f 733//1005 781//1005 734//1005
f 734//1006 781//1006 780//1006
f 734//1007 780//1007 735//1007
f 735//1008 780//1008 779//1008
f 735//1009 779//1009 736//1009
f 736//1010 779//1010 778//1010
f 736//1011 778//1011 737//1011
f 737//1012 778//1012 777//1012
f 737//1013 777//1013 738//1013
f 738//1014 777//1014 774//1014
f 738//1015 774//1015 739//1015
f 739//1016 774//1016 773//1016
f 739//1017 773//1017 740//1017
f 740//1018 773//1018 776//1018
f 740//1019 776//1019 726//1019
f 235//1020 234//1020 1025//1020
f 887//1021 873//1021 245//1021
f 245//1022 873//1022 871//1022
f 245//1023 871//1023 243//1023
f 243//1024 871//1024 869//1024
f 243//1025 869//1025 828//1025
f 828//1026 869//1026 868//1026
f 828//1027 868//1027 865//1027
f 865//1028 868//1028 897//1028
f 865//1029 897//1029 863//1029
f 863//1030 897//1030 899//1030
f 863//1031 899//1031 864//1031
f 864//1032 899//1032 896//1032
f 864//762 896//762 874//762
f 874//1033 896//1033 895//1033
f 874//1034 895//1034 875//1034
f 875//1035 895//1035 893//1035
f 875//1036 893//1036 876//1036
f 876//1037 893//1037 892//1037
f 876//1038 892//1038 877//1038
f 877//1039 892//1039 901//1039
f 877//1040 901//1040 829//1040
f 829//1041 901//1041 900//1041
f 829//1042 900//1042 827//1042
f 827//1043 900//1043 825//1043
f 827//1044 825//1044 842//1044
f 842//1045 825//1045 824//1045
f 842//1046 824//1046 843//1046
f 843//1047 824//1047 860//1047
f 843//1048 860//1048 844//1048
f 844//1049 860//1049 853//1049
f 844//1050 853//1050 839//1050
f 839//1051 853//1051 858//1051
f 839//1052 858//1052 830//1052
f 830//1053 858//1053 246//1053
f 830//1054 246//1054 831//1054
f 831//1055 246//1055 248//1055
f 831//1056 248//1056 833//1056
f 833//1057 248//1057 252//1057
f 833//1058 252//1058 888//1058
f 888//1059 252//1059 254//1059
f 888//615 254//615 791//615
f 475//1060 469//1060 473//1060
f 473//1061 469//1061 471//1061
f 473//1062 471//1062 854//1062
f 854//1063 471//1063 850//1063
f 854//1063 850//1063 855//1063
f 855//1064 850//1064 848//1064
f 855//59 848//59 826//59
f 826//1065 848//1065 257//1065
f 826//1066 257//1066 253//1066
f 253//1067 257//1067 256//1067
f 253//1068 256//1068 254//1068
f 254//1069 256//1069 1027//1069
f 254//1070 1027//1070 791//1070
f 791//1071 1027//1071 814//1071
f 791//1072 814//1072 793//1072
f 793//1073 814//1073 816//1073
f 793//1074 816//1074 810//1074
f 810//1075 816//1075 818//1075
f 810//1076 818//1076 249//1076
f 249//1077 818//1077 819//1077
f 249//1078 819//1078 250//1078
f 250//1079 819//1079 822//1079
f 250//1080 822//1080 891//1080
f 891//1081 822//1081 821//1081
f 891//1082 821//1082 890//1082
f 890//1083 821//1083 820//1083
f 890//748 820//748 845//748
f 845//1084 820//1084 814//1084
f 845//1085 814//1085 255//1085
f 255//1086 814//1086 1027//1086
f 255//1069 1027//1069 256//1069
f 627//1087 580//1087 629//1087
f 629//1088 580//1088 581//1088
f 629//1089 581//1089 631//1089
f 631//1090 581//1090 582//1090
f 631//1091 582//1091 623//1091
f 623//1092 582//1092 1017//1092
f 623//1093 1017//1093 624//1093
f 624//1094 1017//1094 278//1094
f 624//1095 278//1095 641//1095
f 641//1096 278//1096 277//1096
f 641//1097 277//1097 616//1097
f 616//1098 277//1098 577//1098
f 616//1099 577//1099 604//1099
f 604//1100 577//1100 576//1100
f 604//1101 576//1101 274//1101
f 274//1102 576//1102 574//1102
f 274//1103 574//1103 275//1103
f 275//1104 574//1104 573//1104
f 275//1105 573//1105 276//1105
f 276//1106 573//1106 597//1106
f 276//1107 597//1107 678//1107
f 678//1108 597//1108 599//1108
f 678//1109 599//1109 682//1109
f 682//1110 599//1110 618//1110
f 682//1111 618//1111 679//1111
f 679//1112 618//1112 619//1112
f 679//1113 619//1113 680//1113
f 680//1114 619//1114 620//1114
f 680//1115 620//1115 670//1115
f 670//1116 620//1116 637//1116
f 670//1117 637//1117 673//1117
f 673//1118 637//1118 636//1118
f 673//1119 636//1119 672//1119
f 672//1120 636//1120 635//1120
f 672//1121 635//1121 671//1121
f 671//1122 635//1122 599//1122
f 671//1123 599//1123 674//1123
f 674//1124 599//1124 651//1124
f 674//1125 651//1125 675//1125
f 675//1126 651//1126 653//1126
f 675//1127 653//1127 676//1127
f 676//1128 653//1128 655//1128
f 676//1129 655//1129 670//1129
f 670//1130 655//1130 657//1130
f 670//1131 657//1131 746//1131
f 746//1132 657//1132 658//1132
f 746//1133 658//1133 666//1133
f 666//1134 658//1134 650//1134
f 666//1135 650//1135 664//1135
f 664//1136 650//1136 649//1136
f 664//1137 649//1137 271//1137
f 271//1138 649//1138 633//1138
f 271//1139 633//1139 272//1139
f 272//1140 633//1140 268//1140
f 272//1141 268//1141 744//1141
f 744//1142 268//1142 270//1142
f 744//1143 270//1143 745//1143
f 745//1144 270//1144 707//1144
f 745//1145 707//1145 746//1145
f 746//1146 707//1146 708//1146
f 746//1147 708//1147 750//1147
f 750//1148 708//1148 723//1148
f 750//1149 723//1149 749//1149
f 749//1150 723//1150 722//1150
f 749//1151 722//1151 747//1151
f 747//1152 722//1152 721//1152
f 747//1153 721//1153 715//1153
f 715//1154 721//1154 269//1154
f 715//1155 269//1155 716//1155
f 716//1156 269//1156 265//1156
f 716//1157 265//1157 718//1157
f 718//1158 265//1158 267//1158
f 718//1159 267//1159 720//1159
f 720//1160 267//1160 711//1160
f 720//1161 711//1161 750//1161
f 750//1162 711//1162 714//1162
f 750//1163 714//1163 751//1163
f 751//1164 714//1164 713//1164
f 751//1165 713//1165 753//1165
f 753//1166 713//1166 712//1166
f 753//1167 712//1167 755//1167
f 755//1168 712//1168 269//1168
f 755//1169 269//1169 756//1169
f 756//1170 269//1170 724//1170
f 756//1171 724//1171 769//1171
f 769//1172 724//1172 725//1172
f 769//1173 725//1173 770//1173
f 770//1174 725//1174 726//1174
f 770//1175 726//1175 771//1175
f 771//1176 726//1176 776//1176
f 771//1177 776//1177 772//1177
f 772//1178 776//1178 775//1178
f 772//646 775//646 809//646
f 809//1179 775//1179 765//1179
f 809//1180 765//1180 807//1180
f 807//1181 765//1181 767//1181
f 807//1182 767//1182 806//1182
f 806//1183 767//1183 768//1183
f 806//1184 768//1184 757//1184
f 757//1185 768//1185 761//1185
f 757//1186 761//1186 758//1186
f 758//1187 761//1187 741//1187
f 758//1188 741//1188 760//1188
f 760//1189 741//1189 701//1189
f 760//1190 701//1190 834//1190
f 834//1191 701//1191 264//1191
f 834//1192 264//1192 835//1192
f 835//1193 264//1193 262//1193
f 835//1194 262//1194 804//1194
f 804//1183 262//1183 261//1183
f 804//1195 261//1195 260//1195
f 260//1196 261//1196 803//1196
f 260//1197 803//1197 258//1197
f 258//1198 803//1198 802//1198
f 258//1199 802//1199 465//1199
f 465//1200 802//1200 801//1200
f 465//1201 801//1201 836//1201
f 836//1202 801//1202 799//1202
f 836//682 799//682 837//682
f 837//1203 799//1203 797//1203
f 837//1204 797//1204 838//1204
f 838//1205 797//1205 795//1205
f 838//1206 795//1206 813//1206
f 813//1207 795//1207 794//1207
f 813//1208 794//1208 790//1208
f 790//612 794//612 700//612
f 790//1209 700//1209 791//1209
f 791//1210 700//1210 1025//1210
f 791//1211 1025//1211 888//1211
f 888//1212 1025//1212 234//1212
f 888//1213 234//1213 889//1213
f 889//1214 234//1214 236//1214
f 889//1215 236//1215 879//1215
f 879//1216 236//1216 1028//1216
f 879//1216 1028//1216 881//1216
f 1029//1217 1030//1217 1031//1217
f 1031//1218 1030//1218 236//1218
f 940//1219 236//1219 941//1219
f 941//1220 236//1220 1030//1220
f 941//1221 1030//1221 943//1221
f 943//1222 1030//1222 1029//1222
f 943//1223 1029//1223 945//1223
f 932//1224 931//1224 236//1224
f 939//1225 236//1225 938//1225
f 938//1226 236//1226 931//1226
f 938//1227 931//1227 936//1227
f 936//1228 931//1228 933//1228
f 936//1229 933//1229 934//1229
f 1032//1230 1033//1230 1034//1230
f 1034//1231 1033//1231 241//1231
f 240//1232 236//1232 241//1232
f 241//1233 236//1233 1035//1233
f 241//1234 1035//1234 1036//1234
f 1036//1235 1035//1235 1037//1235
f 1036//1236 1037//1236 1038//1236
f 970//1237 1039//1237 971//1237
f 971//1238 1039//1238 241//1238
f 971//1239 241//1239 930//1239
f 930//1240 241//1240 1033//1240
f 930//1241 1033//1241 928//1241
f 928//1242 1033//1242 1032//1242
f 928//1243 1032//1243 973//1243
f 968//1244 1040//1244 966//1244
f 966//1245 1040//1245 242//1245
f 966//1246 242//1246 925//1246
f 925//1247 242//1247 241//1247
f 925//1248 241//1248 926//1248
f 1038//5 1041//5 1042//5
f 1042//1249 1000//1249 1038//1249
f 1038//1250 1000//1250 999//1250
f 1038//1251 999//1251 1036//1251
f 1036//1252 999//1252 998//1252
f 1036//1247 998//1247 241//1247
f 241//1253 998//1253 982//1253
f 241//1254 982//1254 1034//1254
f 1034//1255 982//1255 980//1255
f 1034//1256 980//1256 1032//1256
f 1032//1257 980//1257 978//1257
f 1032//1258 978//1258 973//1258
f 973//1259 978//1259 977//1259
f 973//1260 977//1260 972//1260
f 972//1261 977//1261 975//1261
f 972//1262 975//1262 969//1262
f 969//1263 975//1263 974//1263
f 969//1264 974//1264 970//1264
f 970//1265 974//1265 924//1265
f 970//1266 924//1266 1039//1266
f 1039//1267 924//1267 923//1267
f 1039//1268 923//1268 241//1268
f 241//1269 923//1269 921//1269
f 241//1270 921//1270 926//1270
f 926//1271 921//1271 920//1271
f 926//1272 920//1272 927//1272
f 927//1273 920//1273 976//1273
f 927//1274 976//1274 967//1274
f 967//838 976//838 975//838
f 967//1275 975//1275 968//1275
f 968//1276 975//1276 986//1276
f 968//1277 986//1277 1040//1277
f 1040//1278 986//1278 997//1278
f 1040//1279 997//1279 242//1279
f 242//1280 997//1280 996//1280
f 242//1281 996//1281 240//1281
f 240//1282 996//1282 948//1282
f 240//1283 948//1283 236//1283
f 236//1284 948//1284 947//1284
f 236//1285 947//1285 1031//1285
f 1031//1286 947//1286 919//1286
f 1031//1287 919//1287 1029//1287
f 1029//1288 919//1288 918//1288
f 1029//1289 918//1289 945//1289
f 945//1290 918//1290 986//1290
f 945//1291 986//1291 944//1291
f 944//1292 986//1292 995//1292
f 944//1293 995//1293 942//1293
f 942//1294 995//1294 994//1294
f 942//1295 994//1295 940//1295
f 940//1296 994//1296 993//1296
f 940//1297 993//1297 236//1297
f 236//1298 993//1298 990//1298
f 236//1299 990//1299 932//1299
f 932//1300 990//1300 991//1300
f 932//1301 991//1301 933//1301
f 933//1302 991//1302 992//1302
f 933//1303 992//1303 934//1303
f 934//1292 992//1292 986//1292
f 934//1304 986//1304 935//1304
f 935//1305 986//1305 912//1305
f 935//1306 912//1306 937//1306
f 937//1307 912//1307 914//1307
f 937//1308 914//1308 939//1308
f 939//1309 914//1309 916//1309
f 939//1310 916//1310 236//1310
f 236//1311 916//1311 953//1311
f 236//1312 953//1312 1028//1312
f 1028//1313 953//1313 952//1313
f 1028//1314 952//1314 881//1314
f 881//1315 952//1315 962//1315
f 881//1316 962//1316 880//1316
f 880//1317 962//1317 961//1317
f 880//1318 961//1318 878//1318
f 878//1319 961//1319 960//1319
f 878//1320 960//1320 882//1320
f 882//1321 960//1321 959//1321
f 882//1322 959//1322 883//1322
f 883//1323 959//1323 958//1323
f 883//1324 958//1324 884//1324
f 884//1325 958//1325 957//1325
f 884//1326 957//1326 885//1326
f 885//1327 957//1327 956//1327
f 885//1328 956//1328 886//1328
f 886//1329 956//1329 955//1329
f 886//1330 955//1330 887//1330
f 887//1331 955//1331 954//1331
f 887//1332 954//1332 873//1332
f 873//1333 954//1333 904//1333
f 873//760 904//760 896//760
f 896//1334 904//1334 906//1334
f 896//1335 906//1335 903//1335
f 903//1336 906//1336 1002//1336
f 903//888 1002//888 1003//888
f 1003//875 1002//875 1001//875
f 1003//875 1001//875 474//875
f 474//1337 1001//1337 1043//1337
f 474//1338 1043//1338 476//1338
f 478//1339 1044//1339 480//1339
f 480//1340 1044//1340 1045//1340
f 480//1341 1045//1341 1046//1341
f 1046//1342 1045//1342 1001//1342
f 1046//1343 1001//1343 1047//1343
f 1047//1344 1001//1344 1000//1344
f 1047//1345 1000//1345 1041//1345
f 1041//1346 1000//1346 1042//1346
f 1048//1347 1049//1347 15//1347
f 518//1348 516//1348 520//1348
f 520//1349 516//1349 515//1349
f 504//1347 293//1347 1050//1347
f 1051//1350 1052//1350 15//1350
f 15//1350 1052//1350 1053//1350
f 15//1351 1053//1351 1048//1351
f 1049//1347 1054//1347 15//1347
f 15//1347 1054//1347 1055//1347
f 15//1350 1055//1350 1056//1350
f 506//1347 290//1347 1050//1347
f 1050//1347 290//1347 503//1347
f 1050//1352 503//1352 504//1352
f 515//1347 510//1347 520//1347
f 520//1347 510//1347 512//1347
f 520//1353 512//1353 1050//1353
f 1050//1347 512//1347 507//1347
f 1050//1354 507//1354 506//1354
f 502//1347 501//1347 205//1347
f 1057//1347 1058//1347 15//1347
f 15//1347 1058//1347 1059//1347
f 15//1355 1059//1355 1060//1355
f 293//1347 502//1347 1050//1347
f 1050//1347 502//1347 205//1347
f 1050//1356 205//1356 1061//1356
f 1061//1347 205//1347 15//1347
f 1061//1347 15//1347 1062//1347
f 1062//1357 15//1357 1056//1357
f 13//1358 1063//1358 15//1358
f 15//1359 1063//1359 1064//1359
f 15//1347 1064//1347 1057//1347
f 1060//1351 1065//1351 15//1351
f 15//1360 1065//1360 1066//1360
f 15//1347 1066//1347 1051//1347
f 1016//5 1015//5 446//5
f 446//5 1015//5 1014//5
f 446//1361 1014//1361 1013//1361
f 435//5 501//5 499//5
f 404//5 394//5 205//5
f 423//5 425//5 205//5
f 425//5 427//5 205//5
f 205//5 427//5 396//5
f 205//5 396//5 398//5
f 205//5 407//5 409//5
f 394//5 392//5 205//5
f 205//5 392//5 389//5
f 205//5 389//5 388//5
f 492//5 490//5 494//5
f 494//7 490//7 488//7
f 205//5 415//5 417//5
f 398//5 400//5 205//5
f 205//5 400//5 402//5
f 205//5 402//5 404//5
f 501//5 435//5 205//5
f 205//5 435//5 437//5
f 205//5 437//5 439//5
f 439//5 441//5 205//5
f 205//5 441//5 443//5
f 205//5 443//5 407//5
f 409//5 411//5 205//5
f 205//5 411//5 413//5
f 205//5 413//5 415//5
f 417//5 419//5 205//5
f 205//5 419//5 421//5
f 205//5 421//5 423//5
f 482//5 479//5 484//5
f 484//5 479//5 480//5
f 388//5 386//5 205//5
f 205//5 386//5 384//5
f 205//5 384//5 382//5
f 351//5 353//5 206//5
f 371//5 369//5 206//5
f 371//5 206//5 373//5
f 382//5 380//5 205//5
f 205//5 380//5 377//5
f 205//5 377//5 206//5
f 206//5 377//5 375//5
f 206//5 375//5 373//5
f 369//5 367//5 206//5
f 206//5 367//5 365//5
f 206//5 365//5 363//5
f 358//5 300//5 206//5
f 206//5 300//5 349//5
f 206//5 349//5 351//5
f 315//5 206//5 317//5
f 317//5 206//5 319//5
f 315//5 312//5 206//5
f 206//5 312//5 302//5
f 206//5 302//5 232//5
f 363//5 361//5 206//5
f 206//5 361//5 359//5
f 206//5 359//5 358//5
f 330//5 328//5 206//5
f 206//5 328//5 326//5
f 340//5 337//5 206//5
f 1035//5 236//5 1037//5
f 1037//5 236//5 1038//5
f 337//5 335//5 206//5
f 206//5 335//5 333//5
f 206//5 333//5 330//5
f 326//5 324//5 206//5
f 206//5 324//5 322//5
f 206//5 322//5 319//5
f 239//5 1021//5 1004//5
f 353//5 355//5 206//5
f 206//5 355//5 346//5
f 206//5 346//5 345//5
f 488//5 486//5 494//5
f 494//5 486//5 435//5
f 494//5 435//5 496//5
f 496//5 435//5 499//5
f 345//5 343//5 206//5
f 206//5 343//5 342//5
f 206//5 342//5 340//5
f 1008//1362 1016//1362 1038//1362
f 480//5 1046//5 484//5
f 484//5 1046//5 1047//5
f 484//1363 1047//1363 1041//1363
f 1038//5 236//5 1008//5
f 1008//5 236//5 235//5
f 1008//5 235//5 1025//5
f 1004//5 1008//5 239//5
f 239//5 1008//5 1025//5
f 239//5 1025//5 1024//5
f 1024//5 1025//5 1026//5
f 1024//5 1026//5 1023//5
f 1023//5 1026//5 1022//5
f 1038//5 1016//5 1041//5
f 446//1364 431//1364 1016//1364
f 1016//7 431//7 433//7
f 1016//1363 433//1363 435//1363
f 1016//8 435//8 1041//8
f 1041//5 435//5 486//5
f 1041//5 486//5 484//5
f 1067//1351 9//1351 14//1351
f 1068//1347 1069//1347 14//1347
f 1068//1350 14//1350 1070//1350
f 1069//1365 1071//1365 14//1365
f 14//1351 1071//1351 1072//1351
f 14//1355 1072//1355 1067//1355
f 14//1347 1073//1347 1074//1347
f 14//1347 1075//1347 1076//1347
f 14//1347 1077//1347 1078//1347
f 1079//1347 1080//1347 14//1347
f 14//1347 1080//1347 1081//1347
f 1074//1347 1082//1347 14//1347
f 14//1347 1082//1347 1083//1347
f 14//1347 1083//1347 1084//1347
f 1085//1347 1086//1347 14//1347
f 14//1347 1086//1347 1087//1347
f 14//1347 1087//1347 1088//1347
f 1078//1351 1089//1351 14//1351
f 14//1347 1089//1347 1090//1347
f 14//1347 1090//1347 1070//1347
f 1081//1347 1091//1347 14//1347
f 14//1347 1091//1347 1092//1347
f 14//1347 1092//1347 1075//1347
f 1076//1347 1093//1347 14//1347
f 14//1347 1093//1347 1094//1347
f 14//1347 1094//1347 1073//1347
f 1084//1347 1095//1347 14//1347
f 14//1347 1095//1347 1096//1347
f 14//1347 1096//1347 1097//1347
f 1098//1347 1099//1347 14//1347
f 14//1347 1099//1347 1100//1347
f 14//1347 1100//1347 1077//1347
f 1101//1347 1102//1347 14//1347
f 14//1347 1102//1347 1103//1347
f 14//1347 1103//1347 1104//1347
f 1104//1347 1105//1347 14//1347
f 14//1347 1105//1347 1106//1347
f 14//1347 1106//1347 1085//1347
f 1088//1347 1107//1347 14//1347
f 14//1347 1107//1347 1108//1347
f 14//1347 1108//1347 1098//1347
f 1097//1347 1109//1347 14//1347
f 14//1347 1109//1347 1110//1347
f 14//1347 1110//1347 1111//1347
f 1111//1347 1112//1347 14//1347
f 14//1347 1112//1347 1113//1347
f 14//1347 1113//1347 1101//1347
f 1082//1366 1114//1366 1115//1366
f 1116//1367 1117//1367 1073//1367
f 1080//1368 1118//1368 1119//1368
f 1120//1369 1075//1369 1121//1369
f 1121//1370 1075//1370 1092//1370
f 1121//1371 1092//1371 1122//1371
f 1122//1372 1092//1372 1091//1372
f 1122//1373 1091//1373 1123//1373
f 1123//1374 1091//1374 1081//1374
f 1123//1375 1081//1375 1124//1375
f 1124//1376 1081//1376 1080//1376
f 1124//1377 1080//1377 1125//1377
f 1125//1378 1080//1378 1119//1378
f 1116//1379 1073//1379 1126//1379
f 1073//1380 1094//1380 1126//1380
f 1126//1381 1094//1381 1093//1381
f 1126//1382 1093//1382 1120//1382
f 1120//1383 1093//1383 1076//1383
f 1120//1384 1076//1384 1075//1384
f 1114//1385 1082//1385 1117//1385
f 1117//1386 1082//1386 1074//1386
f 1117//1387 1074//1387 1073//1387
f 1127//1388 1097//1388 1128//1388
f 1128//1389 1097//1389 1096//1389
f 1128//1390 1096//1390 1129//1390
f 1129//1391 1096//1391 1095//1391
f 1129//1392 1095//1392 1130//1392
f 1130//1393 1095//1393 1084//1393
f 1130//1394 1084//1394 1115//1394
f 1115//1395 1084//1395 1083//1395
f 1115//1396 1083//1396 1082//1396
f 1112//1397 1111//1397 1131//1397
f 1131//1398 1111//1398 1110//1398
f 1131//1399 1110//1399 1127//1399
f 1127//1400 1110//1400 1109//1400
f 1127//1401 1109//1401 1097//1401
f 1131//1402 1132//1402 1112//1402
f 1112//1403 1132//1403 1133//1403
f 1112//1404 1133//1404 1113//1404
f 1113//1405 1133//1405 1134//1405
f 1113//1406 1134//1406 1101//1406
f 1101//1407 1134//1407 1102//1407
f 1102//1408 1134//1408 1135//1408
f 1102//1409 1135//1409 1103//1409
f 1103//1410 1135//1410 1104//1410
f 1104//1411 1135//1411 1136//1411
f 1104//1412 1136//1412 1105//1412
f 1136//1413 1137//1413 1105//1413
f 1105//1414 1137//1414 1138//1414
f 1105//1415 1138//1415 1106//1415
f 1106//1416 1138//1416 1139//1416
f 1106//1417 1139//1417 1085//1417
f 1085//1418 1139//1418 1140//1418
f 1085//1419 1140//1419 1086//1419
f 1086//1420 1140//1420 1141//1420
f 1086//1421 1141//1421 1087//1421
f 1087//1422 1141//1422 1142//1422
f 1087//1423 1142//1423 1088//1423
f 1088//1424 1142//1424 1143//1424
f 1088//1425 1143//1425 1107//1425
f 1107//1426 1143//1426 1144//1426
f 1107//1427 1144//1427 1108//1427
f 1108//1428 1144//1428 1098//1428
f 1098//1429 1144//1429 1145//1429
f 1098//1430 1145//1430 1099//1430
f 1077//1431 1100//1431 1146//1431
f 1146//1432 1100//1432 1099//1432
f 1146//1433 1099//1433 1147//1433
f 1147//1434 1099//1434 1145//1434
f 1148//1435 1149//1435 1118//1435
f 1118//1436 1149//1436 1150//1436
f 1118//1437 1150//1437 1119//1437
f 1151//1438 1152//1438 1153//1438
f 1153//1439 1152//1439 1154//1439
f 1153//1440 1154//1440 1148//1440
f 1148//1441 1154//1441 1155//1441
f 1148//1442 1155//1442 1149//1442
f 1151//1443 1153//1443 1156//1443
f 1156//1444 1153//1444 1157//1444
f 1156//1445 1157//1445 1158//1445
f 1158//1446 1157//1446 1159//1446
f 1158//1447 1159//1447 1160//1447
f 1161//1448 1162//1448 1163//1448
f 1163//1449 1162//1449 1164//1449
f 1163//1450 1164//1450 1159//1450
f 1159//1451 1164//1451 1165//1451
f 1159//1452 1165//1452 1160//1452
f 1163//1453 1166//1453 1161//1453
f 1161//1454 1166//1454 1167//1454
f 1161//1455 1167//1455 1168//1455
f 1168//1456 1167//1456 1169//1456
f 1169//1457 1167//1457 1170//1457
f 1169//1458 1170//1458 1171//1458
f 1171//1459 1170//1459 1172//1459
f 1172//1460 1170//1460 1173//1460
f 1172//1461 1173//1461 1174//1461
f 1174//1462 1173//1462 1175//1462
f 1175//1463 1173//1463 1176//1463
f 1175//1464 1176//1464 1177//1464
f 1178//1465 1179//1465 1176//1465
f 1176//1466 1179//1466 1180//1466
f 1176//1467 1180//1467 1177//1467
f 1181//1468 1182//1468 1183//1468
f 1183//1469 1182//1469 1184//1469
f 1183//1470 1184//1470 1178//1470
f 1178//1471 1184//1471 1185//1471
f 1178//1472 1185//1472 1179//1472
f 1181//1473 1183//1473 1186//1473
f 1186//1474 1183//1474 1187//1474
f 1186//1475 1187//1475 1188//1475
f 1188//1476 1187//1476 1189//1476
f 1188//1477 1189//1477 1190//1477
f 1190//1478 1189//1478 1191//1478
f 1191//1479 1189//1479 1192//1479
f 1191//1480 1192//1480 1193//1480
f 1193//1481 1192//1481 1194//1481
f 1193//1482 1194//1482 1195//1482
f 1195//1483 1194//1483 1196//1483
f 1196//1484 1194//1484 1197//1484
f 1196//1485 1197//1485 1198//1485
f 1198//1486 1197//1486 1199//1486
f 1199//1487 1197//1487 1200//1487
f 1199//1488 1200//1488 1201//1488
f 1201//1489 1200//1489 1202//1489
f 1202//1490 1200//1490 1203//1490
f 1202//1491 1203//1491 1204//1491
f 1205//1492 1206//1492 1203//1492
f 1203//1493 1206//1493 1207//1493
f 1203//1494 1207//1494 1204//1494
f 1208//1495 1209//1495 1205//1495
f 1205//1496 1209//1496 1210//1496
f 1205//1497 1210//1497 1206//1497
f 1211//1498 1212//1498 1208//1498
f 1208//1499 1212//1499 1213//1499
f 1208//1500 1213//1500 1209//1500
f 1214//1501 1215//1501 1216//1501
f 1216//1502 1215//1502 1217//1502
f 1216//1503 1217//1503 1211//1503
f 1211//1504 1217//1504 1218//1504
f 1211//1505 1218//1505 1212//1505
f 1214//1506 1216//1506 1219//1506
f 1219//1507 1216//1507 1220//1507
f 1219//1508 1220//1508 1221//1508
f 1222//1509 1223//1509 1224//1509
f 1221//1510 1220//1510 1225//1510
f 1225//1511 1220//1511 1222//1511
f 1225//1512 1222//1512 1226//1512
f 1226//1513 1222//1513 1224//1513
f 1226//1514 1224//1514 1227//1514
f 1227//1515 1224//1515 1228//1515
f 1228//1516 1224//1516 1229//1516
f 1228//1517 1229//1517 1230//1517
f 1230//1518 1229//1518 1231//1518
f 1230//1519 1231//1519 1232//1519
f 1232//1520 1231//1520 1233//1520
f 1233//1521 1231//1521 1234//1521
f 1233//1522 1234//1522 1235//1522
f 1235//1523 1234//1523 1236//1523
f 1235//1524 1236//1524 1237//1524
f 1237//1525 1236//1525 1238//1525
f 1237//1526 1238//1526 1239//1526
f 1239//1527 1238//1527 1240//1527
f 1239//1528 1240//1528 1241//1528
f 1241//1529 1240//1529 1242//1529
f 1241//1530 1242//1530 1243//1530
f 1243//1531 1242//1531 1244//1531
f 1243//1532 1244//1532 1245//1532
f 1245//1533 1244//1533 1246//1533
f 1245//1534 1246//1534 1247//1534
f 1247//1535 1246//1535 1248//1535
f 1247//1536 1248//1536 1249//1536
f 1249//1537 1248//1537 1250//1537
f 1249//1538 1250//1538 1251//1538
f 1251//1539 1250//1539 1252//1539
f 1252//1540 1250//1540 1253//1540
f 1252//1541 1253//1541 1254//1541
f 1254//1542 1253//1542 1255//1542
f 1254//1543 1255//1543 1256//1543
f 1256//1544 1255//1544 1257//1544
f 1256//1545 1257//1545 1258//1545
f 1258//1546 1257//1546 1259//1546
f 1258//1547 1259//1547 1260//1547
f 1260//1548 1259//1548 1261//1548
f 1260//1549 1261//1549 1262//1549
f 1263//1550 1264//1550 1262//1550
f 1262//1551 1264//1551 1265//1551
f 1262//1552 1265//1552 1260//1552
f 11//1553 10//1553 1266//1553
f 1266//14 1267//14 11//14
f 11//18 1267//18 1268//18
f 11//10 1268//10 1269//10
f 1269//1554 1270//1554 11//1554
f 11//19 1270//19 1271//19
f 11//10 1271//10 1272//10
f 1272//12 1273//12 11//12
f 11//10 1273//10 1274//10
f 11//19 1274//19 1275//19
f 1275//12 1276//12 11//12
f 11//10 1276//10 1277//10
f 11//20 1277//20 1263//20
f 1263//10 1262//10 11//10
f 11//10 1262//10 1261//10
f 11//10 1261//10 1259//10
f 1259//10 1257//10 11//10
f 11//10 1257//10 1255//10
f 11//10 1255//10 1253//10
f 11//10 1234//10 1231//10
f 1253//10 1250//10 11//10
f 11//10 1250//10 1248//10
f 11//10 1248//10 1246//10
f 1246//10 1244//10 11//10
f 11//10 1244//10 1242//10
f 11//10 1242//10 1240//10
f 1240//10 1238//10 11//10
f 11//10 1238//10 1236//10
f 11//10 1236//10 1234//10
f 1223//10 1278//10 1224//10
f 1224//10 1278//10 11//10
f 1224//10 11//10 1229//10
f 1229//10 11//10 1231//10
f 1278//1555 1079//1555 11//1555
f 11//1555 1079//1555 14//1555
f 1118//5 1080//5 1079//5
f 1157//5 1153//5 1278//5
f 1278//5 1153//5 1079//5
f 1079//5 1153//5 1148//5
f 1079//5 1148//5 1118//5
f 1166//5 1163//5 1278//5
f 1278//5 1163//5 1159//5
f 1278//5 1159//5 1157//5
f 1220//5 1278//5 1222//5
f 1222//5 1278//5 1223//5
f 1173//5 1170//5 1278//5
f 1278//5 1170//5 1167//5
f 1278//5 1167//5 1166//5
f 1220//5 1216//5 1278//5
f 1278//5 1216//5 1211//5
f 1278//5 1211//5 1208//5
f 1183//5 1178//5 1278//5
f 1278//5 1178//5 1176//5
f 1278//5 1176//5 1173//5
f 1208//5 1205//5 1278//5
f 1278//5 1205//5 1203//5
f 1278//5 1203//5 1200//5
f 1200//5 1197//5 1278//5
f 1278//5 1197//5 1194//5
f 1278//5 1194//5 1192//5
f 1192//5 1189//5 1278//5
f 1278//5 1189//5 1187//5
f 1278//5 1187//5 1183//5
f 1048//1556 1053//1556 1279//1556
f 214//1557 213//1557 309//1557
f 1280//1558 227//1558 214//1558
f 228//1559 1281//1559 221//1559
f 221//1560 1281//1560 222//1560
f 219//1561 218//1561 1282//1561
f 1282//1562 218//1562 223//1562
f 1283//1563 207//1563 220//1563
f 1284//1564 210//1564 208//1564
f 1285//1565 212//1565 211//1565
f 17//1566 209//1566 1285//1566
f 209//1567 216//1567 1285//1567
f 1285//1568 216//1568 215//1568
f 1285//1569 215//1569 212//1569
f 1057//1570 1064//1570 1286//1570
f 1286//1571 1064//1571 1063//1571
f 1059//1572 1058//1572 1287//1572
f 1287//1573 1058//1573 1057//1573
f 1066//1574 1065//1574 1288//1574
f 1288//1575 1065//1575 1060//1575
f 1288//1576 1060//1576 1059//1576
f 1053//1577 1052//1577 1279//1577
f 1279//1578 1052//1578 1051//1578
f 1279//1579 1051//1579 1066//1579
f 1049//1580 1048//1580 1289//1580
f 1062//1581 1056//1581 1289//1581
f 1056//1582 1055//1582 1289//1582
f 1289//1583 1055//1583 1054//1583
f 1289//1584 1054//1584 1049//1584
f 1062//1585 1290//1585 1061//1585
f 1061//1586 1290//1586 1050//1586
f 214//1587 309//1587 1280//1587
f 1280//1588 309//1588 310//1588
f 1280//1589 310//1589 1291//1589
f 1291//1590 310//1590 308//1590
f 1291//1591 308//1591 1292//1591
f 1292//1592 308//1592 307//1592
f 1292//1592 307//1592 1293//1592
f 1293//1593 307//1593 301//1593
f 1293//1594 301//1594 1294//1594
f 301//1595 303//1595 1294//1595
f 1294//1596 303//1596 304//1596
f 1294//1597 304//1597 1295//1597
f 1295//1598 304//1598 305//1598
f 306//1599 1296//1599 305//1599
f 305//1600 1296//1600 1297//1600
f 305//1598 1297//1598 1295//1598
f 306//1601 311//1601 1296//1601
f 1296//1602 311//1602 313//1602
f 1296//1602 313//1602 1298//1602
f 1298//1603 313//1603 314//1603
f 1298//1604 314//1604 1299//1604
f 314//1605 316//1605 1299//1605
f 1299//1606 316//1606 318//1606
f 1299//1606 318//1606 1300//1606
f 1300//1607 318//1607 320//1607
f 1300//1608 320//1608 1301//1608
f 320//1609 321//1609 1301//1609
f 1301//1610 321//1610 323//1610
f 1301//1610 323//1610 1302//1610
f 1302//1611 323//1611 325//1611
f 327//1612 1303//1612 325//1612
f 325//1613 1303//1613 1304//1613
f 325//1611 1304//1611 1302//1611
f 327//1614 329//1614 1303//1614
f 1303//1615 329//1615 331//1615
f 1303//1615 331//1615 1305//1615
f 1305//1616 331//1616 332//1616
f 1305//1617 332//1617 1306//1617
f 332//1618 334//1618 1306//1618
f 1306//1619 334//1619 336//1619
f 1306//1619 336//1619 1307//1619
f 1307//1620 336//1620 338//1620
f 1307//1621 338//1621 1308//1621
f 338//1622 339//1622 1308//1622
f 1308//1623 339//1623 341//1623
f 1308//1623 341//1623 1309//1623
f 1309//1624 341//1624 344//1624
f 348//1625 1310//1625 344//1625
f 344//1626 1310//1626 1311//1626
f 344//1624 1311//1624 1309//1624
f 348//1627 347//1627 1310//1627
f 1310//1628 347//1628 357//1628
f 1310//1628 357//1628 1312//1628
f 1312//1629 357//1629 356//1629
f 1312//1629 356//1629 1313//1629
f 1313//1630 356//1630 354//1630
f 1313//1631 354//1631 1314//1631
f 1314//1632 354//1632 352//1632
f 1314//1633 352//1633 1315//1633
f 1315//1634 352//1634 350//1634
f 1315//1635 350//1635 1316//1635
f 1316//1636 350//1636 299//1636
f 1316//1637 299//1637 1317//1637
f 299//1638 298//1638 1317//1638
f 1317//1639 298//1639 360//1639
f 1317//1639 360//1639 1318//1639
f 1318//1640 360//1640 362//1640
f 1318//1640 362//1640 1319//1640
f 1319//1641 362//1641 364//1641
f 1319//1642 364//1642 1320//1642
f 364//1643 366//1643 1320//1643
f 1320//1644 366//1644 368//1644
f 1320//1645 368//1645 1321//1645
f 1321//1646 368//1646 370//1646
f 1321//1647 370//1647 1322//1647
f 370//1648 372//1648 1322//1648
f 1322//1649 372//1649 374//1649
f 1322//1650 374//1650 1323//1650
f 374//1651 376//1651 1323//1651
f 1323//1652 376//1652 378//1652
f 1323//1653 378//1653 1324//1653
f 1324//1654 378//1654 379//1654
f 379//1601 381//1601 1324//1601
f 1324//1655 381//1655 383//1655
f 1324//1656 383//1656 1325//1656
f 383//1657 385//1657 1325//1657
f 1325//1658 385//1658 387//1658
f 1325//1659 387//1659 1326//1659
f 1326//1660 387//1660 390//1660
f 1326//1661 390//1661 1327//1661
f 1327//1662 390//1662 391//1662
f 1327//1663 391//1663 1328//1663
f 1328//1664 391//1664 393//1664
f 393//1665 395//1665 1328//1665
f 1328//1666 395//1666 406//1666
f 1328//1667 406//1667 1329//1667
f 406//1668 405//1668 1329//1668
f 1329//1669 405//1669 403//1669
f 1329//1670 403//1670 1330//1670
f 1330//1671 403//1671 401//1671
f 401//1672 399//1672 1330//1672
f 1330//1673 399//1673 397//1673
f 1330//1674 397//1674 1331//1674
f 397//1675 429//1675 1331//1675
f 1331//1676 429//1676 428//1676
f 1331//1677 428//1677 1332//1677
f 428//1678 426//1678 1332//1678
f 1332//1679 426//1679 424//1679
f 1332//1680 424//1680 1333//1680
f 424//1681 422//1681 1333//1681
f 1333//1682 422//1682 420//1682
f 1333//1683 420//1683 1334//1683
f 420//1684 418//1684 1334//1684
f 1334//1685 418//1685 416//1685
f 1334//1686 416//1686 1335//1686
f 416//1687 414//1687 1335//1687
f 1335//1688 414//1688 412//1688
f 1335//1689 412//1689 1336//1689
f 412//1690 410//1690 1336//1690
f 1336//1691 410//1691 408//1691
f 1336//1692 408//1692 1337//1692
f 408//1693 445//1693 1337//1693
f 1337//1694 445//1694 444//1694
f 1337//1694 444//1694 1338//1694
f 1338//1695 444//1695 442//1695
f 1338//1696 442//1696 1339//1696
f 1339//1697 442//1697 440//1697
f 1339//1698 440//1698 1340//1698
f 1340//1699 440//1699 438//1699
f 438//1700 436//1700 1340//1700
f 1340//1701 436//1701 434//1701
f 1340//1701 434//1701 1341//1701
f 1341//1702 434//1702 432//1702
f 430//1703 1342//1703 432//1703
f 432//1704 1342//1704 1343//1704
f 432//1702 1343//1702 1341//1702
f 430//1705 297//1705 1342//1705
f 1342//1706 297//1706 295//1706
f 1342//1707 295//1707 1344//1707
f 1344//1708 295//1708 294//1708
f 1344//1709 294//1709 1345//1709
f 1345//1710 294//1710 453//1710
f 1345//1710 453//1710 1346//1710
f 1346//1711 453//1711 452//1711
f 1346//1711 452//1711 1347//1711
f 1347//1712 452//1712 580//1712
f 1347//1712 580//1712 1348//1712
f 1348//1713 580//1713 627//1713
f 1348//1713 627//1713 1349//1713
f 1349//1714 627//1714 626//1714
f 1349//1715 626//1715 1350//1715
f 1350//1716 626//1716 464//1716
f 1350//1716 464//1716 1351//1716
f 1351//1717 464//1717 462//1717
f 1351//1717 462//1717 1352//1717
f 1352//1718 462//1718 460//1718
f 1352//1718 460//1718 1353//1718
f 1353//1719 460//1719 458//1719
f 1353//1719 458//1719 1354//1719
f 1354//1720 458//1720 468//1720
f 1354//1721 468//1721 1355//1721
f 1355//1722 468//1722 466//1722
f 1355//1722 466//1722 1356//1722
f 1356//1723 466//1723 472//1723
f 1356//1723 472//1723 1357//1723
f 1357//1724 472//1724 470//1724
f 1357//1725 470//1725 1358//1725
f 1358//1726 470//1726 469//1726
f 1358//1727 469//1727 1359//1727
f 1359//1728 469//1728 475//1728
f 1359//1728 475//1728 1360//1728
f 1360//1729 475//1729 476//1729
f 1360//1730 476//1730 1361//1730
f 1361//1731 476//1731 1043//1731
f 1361//1732 1043//1732 1362//1732
f 1362//1733 1043//1733 1001//1733
f 1362//1733 1001//1733 1363//1733
f 1363//1734 1001//1734 1045//1734
f 1363//1734 1045//1734 1364//1734
f 1364//1735 1045//1735 1044//1735
f 1364//1735 1044//1735 1365//1735
f 1365//1736 1044//1736 478//1736
f 1365//1736 478//1736 1366//1736
f 1366//1737 478//1737 477//1737
f 1366//1737 477//1737 1367//1737
f 1367//1738 477//1738 481//1738
f 1367//1739 481//1739 1368//1739
f 1368//1740 481//1740 483//1740
f 1368//1740 483//1740 1369//1740
f 1369//1741 483//1741 485//1741
f 1369//1742 485//1742 1370//1742
f 1370//1743 485//1743 487//1743
f 1370//1744 487//1744 1371//1744
f 1371//1745 487//1745 489//1745
f 1371//1746 489//1746 1372//1746
f 1372//1747 489//1747 1373//1747
f 489//1748 491//1748 1373//1748
f 1373//1749 491//1749 493//1749
f 1373//1750 493//1750 495//1750
f 497//1751 1374//1751 495//1751
f 495//1752 1374//1752 1375//1752
f 495//1753 1375//1753 1373//1753
f 497//1754 498//1754 1374//1754
f 1374//1755 498//1755 500//1755
f 1374//1756 500//1756 1376//1756
f 1376//1757 500//1757 292//1757
f 1376//1757 292//1757 1377//1757
f 1377//1758 292//1758 291//1758
f 1377//1758 291//1758 1378//1758
f 1378//1759 291//1759 289//1759
f 1378//1759 289//1759 1379//1759
f 1379//1760 289//1760 288//1760
f 505//1761 1380//1761 288//1761
f 288//1762 1380//1762 1381//1762
f 288//1760 1381//1760 1379//1760
f 505//1763 514//1763 1380//1763
f 1380//1764 514//1764 513//1764
f 1380//1764 513//1764 1382//1764
f 1382//1765 513//1765 511//1765
f 1382//1766 511//1766 1383//1766
f 511//1767 509//1767 1383//1767
f 1383//1768 509//1768 508//1768
f 1383//1768 508//1768 1384//1768
f 1384//1769 508//1769 517//1769
f 1384//1769 517//1769 1385//1769
f 1385//1770 517//1770 519//1770
f 1385//1770 519//1770 1290//1770
f 1290//1771 519//1771 520//1771
f 1290//1772 520//1772 1050//1772
f 1062//1773 1289//1773 1290//1773
f 1290//1774 1289//1774 1386//1774
f 1290//1774 1386//1774 1385//1774
f 1385//1775 1386//1775 1387//1775
f 1385//1775 1387//1775 1384//1775
f 1384//1776 1387//1776 1388//1776
f 1384//1777 1388//1777 1383//1777
f 1383//1778 1388//1778 1389//1778
f 1383//1778 1389//1778 1382//1778
f 1382//1779 1389//1779 1390//1779
f 1382//1779 1390//1779 1380//1779
f 1380//1780 1390//1780 1391//1780
f 1380//1781 1391//1781 1381//1781
f 1381//1782 1391//1782 1392//1782
f 1381//1783 1392//1783 1379//1783
f 1379//1784 1392//1784 1393//1784
f 1379//1785 1393//1785 1378//1785
f 1378//1786 1393//1786 1394//1786
f 1378//1787 1394//1787 1377//1787
f 1377//1788 1394//1788 1395//1788
f 1377//1788 1395//1788 1376//1788
f 1376//1789 1395//1789 1396//1789
f 1376//1789 1396//1789 1374//1789
f 1374//1790 1396//1790 1397//1790
f 1374//1790 1397//1790 1375//1790
f 1375//1791 1397//1791 1398//1791
f 1375//1792 1398//1792 1373//1792
f 1373//1793 1398//1793 1399//1793
f 1373//1793 1399//1793 1372//1793
f 1372//1794 1399//1794 1400//1794
f 1372//1795 1400//1795 1371//1795
f 1371//1796 1400//1796 1401//1796
f 1371//1796 1401//1796 1370//1796
f 1370//1797 1401//1797 1402//1797
f 1370//1797 1402//1797 1369//1797
f 1369//1798 1402//1798 1403//1798
f 1369//1799 1403//1799 1368//1799
f 1368//1800 1403//1800 1404//1800
f 1368//1800 1404//1800 1367//1800
f 1367//1801 1404//1801 1405//1801
f 1367//1801 1405//1801 1366//1801
f 1366//1802 1405//1802 1406//1802
f 1366//1803 1406//1803 1365//1803
f 1365//1804 1406//1804 1407//1804
f 1365//1804 1407//1804 1364//1804
f 1364//1805 1407//1805 1408//1805
f 1364//1805 1408//1805 1363//1805
f 1363//1806 1408//1806 1409//1806
f 1363//1807 1409//1807 1362//1807
f 1362//1808 1409//1808 1410//1808
f 1362//1808 1410//1808 1361//1808
f 1361//1809 1410//1809 1411//1809
f 1361//1809 1411//1809 1360//1809
f 1360//1810 1411//1810 1412//1810
f 1360//1810 1412//1810 1359//1810
f 1359//1811 1412//1811 1413//1811
f 1359//1811 1413//1811 1358//1811
f 1358//1812 1413//1812 1414//1812
f 1358//1812 1414//1812 1357//1812
f 1357//1813 1414//1813 1415//1813
f 1357//1813 1415//1813 1356//1813
f 1356//1814 1415//1814 1416//1814
f 1356//1814 1416//1814 1355//1814
f 1355//1815 1416//1815 1417//1815
f 1355//1816 1417//1816 1354//1816
f 1354//1817 1417//1817 1418//1817
f 1354//1817 1418//1817 1353//1817
f 1353//1818 1418//1818 1419//1818
f 1353//1819 1419//1819 1352//1819
f 1352//1820 1419//1820 1420//1820
f 1352//1820 1420//1820 1351//1820
f 1351//1821 1420//1821 1421//1821
f 1351//1822 1421//1822 1350//1822
f 1350//1823 1421//1823 1422//1823
f 1350//1823 1422//1823 1349//1823
f 1349//1824 1422//1824 1423//1824
f 1349//1824 1423//1824 1348//1824
f 1348//1825 1423//1825 1424//1825
f 1348//1825 1424//1825 1347//1825
f 1347//1826 1424//1826 1425//1826
f 1347//1827 1425//1827 1346//1827
f 1346//1828 1425//1828 1426//1828
f 1346//1828 1426//1828 1345//1828
f 1345//1829 1426//1829 1427//1829
f 1345//1829 1427//1829 1344//1829
f 1344//1830 1427//1830 1428//1830
f 1344//1830 1428//1830 1342//1830
f 1342//1831 1428//1831 1429//1831
f 1342//1831 1429//1831 1343//1831
f 1343//1832 1429//1832 1430//1832
f 1343//1832 1430//1832 1341//1832
f 1341//1833 1430//1833 1431//1833
f 1341//1834 1431//1834 1340//1834
f 1340//1835 1431//1835 1432//1835
f 1340//1835 1432//1835 1339//1835
f 1339//1836 1432//1836 1433//1836
f 1339//1837 1433//1837 1338//1837
f 1338//1838 1433//1838 1434//1838
f 1338//1839 1434//1839 1337//1839
f 1337//1840 1434//1840 1435//1840
f 1337//1841 1435//1841 1336//1841
f 1336//1842 1435//1842 1436//1842
f 1336//1842 1436//1842 1335//1842
f 1335//1843 1436//1843 1437//1843
f 1335//1844 1437//1844 1334//1844
f 1334//1845 1437//1845 1438//1845
f 1334//1845 1438//1845 1333//1845
f 1333//1846 1438//1846 1439//1846
f 1333//1846 1439//1846 1332//1846
f 1332//1847 1439//1847 1440//1847
f 1332//1848 1440//1848 1331//1848
f 1331//1849 1440//1849 1441//1849
f 1331//1849 1441//1849 1330//1849
f 1330//1850 1441//1850 1442//1850
f 1330//1850 1442//1850 1329//1850
f 1329//1851 1442//1851 1443//1851
f 1329//1852 1443//1852 1328//1852
f 1328//1853 1443//1853 1444//1853
f 1328//1854 1444//1854 1327//1854
f 1327//1855 1444//1855 1445//1855
f 1327//1856 1445//1856 1326//1856
f 1326//1857 1445//1857 1446//1857
f 1326//1857 1446//1857 1325//1857
f 1325//1858 1446//1858 1447//1858
f 1325//1858 1447//1858 1324//1858
f 1324//1859 1447//1859 1448//1859
f 1324//1860 1448//1860 1323//1860
f 1323//1861 1448//1861 1449//1861
f 1323//1861 1449//1861 1322//1861
f 1322//1862 1449//1862 1450//1862
f 1322//1862 1450//1862 1321//1862
f 1321//1863 1450//1863 1451//1863
f 1321//1863 1451//1863 1320//1863
f 1320//1864 1451//1864 1452//1864
f 1320//1864 1452//1864 1319//1864
f 1319//1865 1452//1865 1453//1865
f 1319//1865 1453//1865 1318//1865
f 1318//1866 1453//1866 1454//1866
f 1318//1866 1454//1866 1317//1866
f 1317//1867 1454//1867 1455//1867
f 1317//1868 1455//1868 1316//1868
f 1316//1869 1455//1869 1456//1869
f 1316//1869 1456//1869 1315//1869
f 1315//1870 1456//1870 1457//1870
f 1315//1870 1457//1870 1314//1870
f 1314//1871 1457//1871 1458//1871
f 1314//1871 1458//1871 1313//1871
f 1313//1872 1458//1872 1459//1872
f 1313//1872 1459//1872 1312//1872
f 1312//1873 1459//1873 1460//1873
f 1312//1874 1460//1874 1310//1874
f 1310//1875 1460//1875 1461//1875
f 1310//1875 1461//1875 1311//1875
f 1311//1876 1461//1876 1462//1876
f 1311//1877 1462//1877 1309//1877
f 1309//1878 1462//1878 1463//1878
f 1309//1878 1463//1878 1308//1878
f 1308//1879 1463//1879 1464//1879
f 1308//1879 1464//1879 1307//1879
f 1307//1880 1464//1880 1465//1880
f 1307//1880 1465//1880 1306//1880
f 1306//1881 1465//1881 1466//1881
f 1306//1882 1466//1882 1305//1882
f 1305//1883 1466//1883 1467//1883
f 1305//1883 1467//1883 1303//1883
f 1303//1884 1467//1884 1468//1884
f 1303//1884 1468//1884 1304//1884
f 1304//1885 1468//1885 1469//1885
f 1304//1885 1469//1885 1302//1885
f 1302//1886 1469//1886 1470//1886
f 1302//1887 1470//1887 1301//1887
f 1301//1888 1470//1888 1471//1888
f 1301//1888 1471//1888 1300//1888
f 1300//1889 1471//1889 1472//1889
f 1300//1889 1472//1889 1299//1889
f 1299//1890 1472//1890 1473//1890
f 1299//1890 1473//1890 1298//1890
f 1298//1891 1473//1891 1474//1891
f 1298//1891 1474//1891 1296//1891
f 1296//1892 1474//1892 1475//1892
f 1296//1892 1475//1892 1297//1892
f 1297//1893 1475//1893 1476//1893
f 1297//1893 1476//1893 1295//1893
f 1295//1894 1476//1894 1477//1894
f 1295//1894 1477//1894 1294//1894
f 1294//1895 1477//1895 1478//1895
f 1294//1895 1478//1895 1293//1895
f 1293//1896 1478//1896 1479//1896
f 1293//1896 1479//1896 1292//1896
f 1292//1897 1479//1897 1480//1897
f 1292//1898 1480//1898 1291//1898
f 1291//1899 1480//1899 1281//1899
f 1291//1900 1281//1900 1280//1900
f 1280//1901 1281//1901 228//1901
f 1280//1902 228//1902 227//1902
f 1048//1903 1279//1903 1289//1903
f 1289//1904 1279//1904 1481//1904
f 1289//1905 1481//1905 1386//1905
f 1386//1906 1481//1906 1482//1906
f 1386//1906 1482//1906 1387//1906
f 1387//1907 1482//1907 1483//1907
f 1387//1908 1483//1908 1388//1908
f 1388//1909 1483//1909 1484//1909
f 1388//1910 1484//1910 1389//1910
f 1389//1911 1484//1911 1485//1911
f 1389//1911 1485//1911 1390//1911
f 1390//1912 1485//1912 1486//1912
f 1390//1912 1486//1912 1391//1912
f 1391//1913 1486//1913 1487//1913
f 1391//1913 1487//1913 1392//1913
f 1392//1914 1487//1914 1488//1914
f 1392//1914 1488//1914 1393//1914
f 1393//1915 1488//1915 1489//1915
f 1393//1916 1489//1916 1394//1916
f 1394//1917 1489//1917 1490//1917
f 1394//1917 1490//1917 1395//1917
f 1395//1918 1490//1918 1491//1918
f 1395//1919 1491//1919 1396//1919
f 1396//1920 1491//1920 1492//1920
f 1396//1920 1492//1920 1397//1920
f 1397//1921 1492//1921 1493//1921
f 1397//1921 1493//1921 1398//1921
f 1398//1922 1493//1922 1494//1922
f 1398//1922 1494//1922 1399//1922
f 1399//1923 1494//1923 1495//1923
f 1399//1924 1495//1924 1400//1924
f 1400//1925 1495//1925 1496//1925
f 1400//1926 1496//1926 1401//1926
f 1401//1927 1496//1927 1497//1927
f 1401//1928 1497//1928 1402//1928
f 1402//1929 1497//1929 1498//1929
f 1402//1930 1498//1930 1403//1930
f 1403//1931 1498//1931 1499//1931
f 1403//1932 1499//1932 1404//1932
f 1404//1933 1499//1933 1500//1933
f 1404//1934 1500//1934 1405//1934
f 1405//1935 1500//1935 1501//1935
f 1405//1935 1501//1935 1406//1935
f 1406//1936 1501//1936 1502//1936
f 1406//1937 1502//1937 1407//1937
f 1407//1938 1502//1938 1503//1938
f 1407//1938 1503//1938 1408//1938
f 1408//1939 1503//1939 1504//1939
f 1408//1940 1504//1940 1409//1940
f 1409//1941 1504//1941 1505//1941
f 1409//1941 1505//1941 1410//1941
f 1410//1942 1505//1942 1506//1942
f 1410//1942 1506//1942 1411//1942
f 1411//1943 1506//1943 1507//1943
f 1411//1943 1507//1943 1412//1943
f 1412//1944 1507//1944 1508//1944
f 1412//1944 1508//1944 1413//1944
f 1413//1945 1508//1945 1509//1945
f 1413//1945 1509//1945 1414//1945
f 1414//1946 1509//1946 1510//1946
f 1414//1946 1510//1946 1415//1946
f 1415//1947 1510//1947 1511//1947
f 1415//1947 1511//1947 1416//1947
f 1416//1948 1511//1948 1512//1948
f 1416//1949 1512//1949 1417//1949
f 1417//1950 1512//1950 1513//1950
f 1417//1950 1513//1950 1418//1950
f 1418//1951 1513//1951 1514//1951
f 1418//1952 1514//1952 1419//1952
f 1419//1953 1514//1953 1515//1953
f 1419//1953 1515//1953 1420//1953
f 1420//1954 1515//1954 1516//1954
f 1420//1955 1516//1955 1421//1955
f 1421//1956 1516//1956 1517//1956
f 1421//1956 1517//1956 1422//1956
f 1422//1957 1517//1957 1518//1957
f 1422//1958 1518//1958 1423//1958
f 1423//1959 1518//1959 1519//1959
f 1423//1959 1519//1959 1424//1959
f 1424//1960 1519//1960 1520//1960
f 1424//1960 1520//1960 1425//1960
f 1425//1961 1520//1961 1521//1961
f 1425//1962 1521//1962 1426//1962
f 1426//1963 1521//1963 1522//1963
f 1426//1963 1522//1963 1427//1963
f 1427//1964 1522//1964 1523//1964
f 1427//1964 1523//1964 1428//1964
f 1428//1965 1523//1965 1524//1965
f 1428//1965 1524//1965 1429//1965
f 1429//1966 1524//1966 1525//1966
f 1429//1967 1525//1967 1430//1967
f 1430//1968 1525//1968 1526//1968
f 1430//1969 1526//1969 1431//1969
f 1431//1970 1526//1970 1527//1970
f 1431//1971 1527//1971 1432//1971
f 1432//1972 1527//1972 1528//1972
f 1432//1973 1528//1973 1433//1973
f 1433//1974 1528//1974 1529//1974
f 1433//1975 1529//1975 1434//1975
f 1434//1976 1529//1976 1530//1976
f 1434//1976 1530//1976 1435//1976
f 1435//1977 1530//1977 1531//1977
f 1435//1977 1531//1977 1436//1977
f 1436//1978 1531//1978 1532//1978
f 1436//1979 1532//1979 1437//1979
f 1437//1980 1532//1980 1533//1980
f 1437//1981 1533//1981 1438//1981
f 1438//1982 1533//1982 1534//1982
f 1438//1982 1534//1982 1439//1982
f 1439//1983 1534//1983 1535//1983
f 1439//1983 1535//1983 1440//1983
f 1440//1984 1535//1984 1536//1984
f 1440//1984 1536//1984 1441//1984
f 1441//1985 1536//1985 1537//1985
f 1441//1986 1537//1986 1442//1986
f 1442//1987 1537//1987 1538//1987
f 1442//1988 1538//1988 1443//1988
f 1443//1989 1538//1989 1539//1989
f 1443//1989 1539//1989 1444//1989
f 1444//1990 1539//1990 1540//1990
f 1444//1990 1540//1990 1445//1990
f 1445//1991 1540//1991 1541//1991
f 1445//1992 1541//1992 1446//1992
f 1446//1993 1541//1993 1542//1993
f 1446//1993 1542//1993 1447//1993
f 1447//1994 1542//1994 1543//1994
f 1447//1995 1543//1995 1448//1995
f 1448//1996 1543//1996 1544//1996
f 1448//1996 1544//1996 1449//1996
f 1449//1997 1544//1997 1545//1997
f 1449//1997 1545//1997 1450//1997
f 1450//1998 1545//1998 1546//1998
f 1450//1999 1546//1999 1451//1999
f 1451//2000 1546//2000 1547//2000
f 1451//2001 1547//2001 1452//2001
f 1452//2002 1547//2002 1548//2002
f 1452//2003 1548//2003 1453//2003
f 1453//2004 1548//2004 1549//2004
f 1453//2004 1549//2004 1454//2004
f 1454//2005 1549//2005 1550//2005
f 1454//2006 1550//2006 1455//2006
f 1455//2007 1550//2007 1551//2007
f 1455//2008 1551//2008 1456//2008
f 1456//2009 1551//2009 1552//2009
f 1456//2009 1552//2009 1457//2009
f 1457//2010 1552//2010 1553//2010
f 1457//2010 1553//2010 1458//2010
f 1458//2011 1553//2011 1554//2011
f 1458//2012 1554//2012 1459//2012
f 1459//2013 1554//2013 1555//2013
f 1459//2013 1555//2013 1460//2013
f 1460//2009 1555//2009 1556//2009
f 1460//2009 1556//2009 1461//2009
f 1461//2014 1556//2014 1557//2014
f 1461//2014 1557//2014 1462//2014
f 1462//2015 1557//2015 1558//2015
f 1462//2015 1558//2015 1463//2015
f 1463//2016 1558//2016 1559//2016
f 1463//2017 1559//2017 1464//2017
f 1464//2018 1559//2018 1560//2018
f 1464//2018 1560//2018 1465//2018
f 1465//2019 1560//2019 1561//2019
f 1465//2020 1561//2020 1466//2020
f 1466//2021 1561//2021 1562//2021
f 1466//2022 1562//2022 1467//2022
f 1467//2023 1562//2023 1563//2023
f 1467//2024 1563//2024 1468//2024
f 1468//2025 1563//2025 1564//2025
f 1468//2025 1564//2025 1469//2025
f 1469//2026 1564//2026 1565//2026
f 1469//2027 1565//2027 1470//2027
f 1470//2028 1565//2028 1566//2028
f 1470//2029 1566//2029 1471//2029
f 1471//2030 1566//2030 1567//2030
f 1471//2030 1567//2030 1472//2030
f 1472//2031 1567//2031 1568//2031
f 1472//2032 1568//2032 1473//2032
f 1473//2033 1568//2033 1569//2033
f 1473//2033 1569//2033 1474//2033
f 1474//2034 1569//2034 1570//2034
f 1474//2035 1570//2035 1475//2035
f 1475//2036 1570//2036 1571//2036
f 1475//2036 1571//2036 1476//2036
f 1476//2037 1571//2037 1572//2037
f 1476//2037 1572//2037 1477//2037
f 1477//2038 1572//2038 1573//2038
f 1477//2038 1573//2038 1478//2038
f 1478//2039 1573//2039 1574//2039
f 1478//2039 1574//2039 1479//2039
f 1479//2040 1574//2040 1575//2040
f 1479//2040 1575//2040 1480//2040
f 1480//2041 1575//2041 1282//2041
f 1480//2041 1282//2041 1281//2041
f 1281//2042 1282//2042 223//2042
f 1281//2043 223//2043 222//2043
f 1066//2044 1288//2044 1279//2044
f 1279//2045 1288//2045 1576//2045
f 1279//2046 1576//2046 1481//2046
f 1481//2047 1576//2047 1577//2047
f 1481//2047 1577//2047 1482//2047
f 1482//2048 1577//2048 1578//2048
f 1482//2049 1578//2049 1483//2049
f 1483//2050 1578//2050 1579//2050
f 1483//2050 1579//2050 1484//2050
f 1484//2051 1579//2051 1580//2051
f 1484//2051 1580//2051 1485//2051
f 1485//2052 1580//2052 1581//2052
f 1485//2052 1581//2052 1486//2052
f 1486//2053 1581//2053 1582//2053
f 1486//2053 1582//2053 1487//2053
f 1487//2054 1582//2054 1583//2054
f 1487//2054 1583//2054 1488//2054
f 1488//2055 1583//2055 1584//2055
f 1488//2055 1584//2055 1489//2055
f 1489//2056 1584//2056 1585//2056
f 1489//2056 1585//2056 1490//2056
f 1490//2057 1585//2057 1586//2057
f 1490//2057 1586//2057 1491//2057
f 1491//2058 1586//2058 1587//2058
f 1491//2059 1587//2059 1492//2059
f 1492//2060 1587//2060 1588//2060
f 1492//2061 1588//2061 1493//2061
f 1493//2062 1588//2062 1589//2062
f 1493//2062 1589//2062 1494//2062
f 1494//2063 1589//2063 1590//2063
f 1494//2063 1590//2063 1495//2063
f 1495//2064 1590//2064 1591//2064
f 1495//2064 1591//2064 1496//2064
f 1496//2065 1591//2065 1592//2065
f 1496//2065 1592//2065 1497//2065
f 1497//2066 1592//2066 1593//2066
f 1497//2066 1593//2066 1498//2066
f 1498//2067 1593//2067 1594//2067
f 1498//2067 1594//2067 1499//2067
f 1499//2068 1594//2068 1595//2068
f 1499//2068 1595//2068 1500//2068
f 1500//2069 1595//2069 1596//2069
f 1500//2069 1596//2069 1501//2069
f 1501//2070 1596//2070 1597//2070
f 1501//2070 1597//2070 1502//2070
f 1502//2071 1597//2071 1598//2071
f 1502//2071 1598//2071 1503//2071
f 1503//2072 1598//2072 1599//2072
f 1503//2072 1599//2072 1504//2072
f 1504//2073 1599//2073 1600//2073
f 1504//2073 1600//2073 1505//2073
f 1505//2074 1600//2074 1601//2074
f 1505//2075 1601//2075 1506//2075
f 1506//2076 1601//2076 1602//2076
f 1506//2076 1602//2076 1507//2076
f 1507//2077 1602//2077 1603//2077
f 1507//2077 1603//2077 1508//2077
f 1508//2078 1603//2078 1604//2078
f 1508//2078 1604//2078 1509//2078
f 1509//2079 1604//2079 1605//2079
f 1509//2080 1605//2080 1510//2080
f 1510//2081 1605//2081 1606//2081
f 1510//2081 1606//2081 1511//2081
f 1511//2082 1606//2082 1607//2082
f 1511//2083 1607//2083 1512//2083
f 1512//2084 1607//2084 1608//2084
f 1512//2085 1608//2085 1513//2085
f 1513//2086 1608//2086 1609//2086
f 1513//2086 1609//2086 1514//2086
f 1514//2087 1609//2087 1610//2087
f 1514//2088 1610//2088 1515//2088
f 1515//2089 1610//2089 1611//2089
f 1515//2089 1611//2089 1516//2089
f 1516//2090 1611//2090 1612//2090
f 1516//2091 1612//2091 1517//2091
f 1517//2092 1612//2092 1613//2092
f 1517//2093 1613//2093 1518//2093
f 1518//2094 1613//2094 1614//2094
f 1518//2095 1614//2095 1519//2095
f 1519//2096 1614//2096 1615//2096
f 1519//2096 1615//2096 1520//2096
f 1520//2097 1615//2097 1616//2097
f 1520//2098 1616//2098 1521//2098
f 1521//2099 1616//2099 1617//2099
f 1521//2100 1617//2100 1522//2100
f 1522//2101 1617//2101 1618//2101
f 1522//2102 1618//2102 1523//2102
f 1523//2103 1618//2103 1619//2103
f 1523//2103 1619//2103 1524//2103
f 1524//2104 1619//2104 1620//2104
f 1524//2104 1620//2104 1525//2104
f 1525//2105 1620//2105 1621//2105
f 1525//2106 1621//2106 1526//2106
f 1526//2107 1621//2107 1622//2107
f 1526//2108 1622//2108 1527//2108
f 1527//2109 1622//2109 1623//2109
f 1527//2110 1623//2110 1528//2110
f 1528//2111 1623//2111 1624//2111
f 1528//2111 1624//2111 1529//2111
f 1529//2112 1624//2112 1625//2112
f 1529//2112 1625//2112 1530//2112
f 1530//2113 1625//2113 1626//2113
f 1530//2113 1626//2113 1531//2113
f 1531//2114 1626//2114 1627//2114
f 1531//2114 1627//2114 1532//2114
f 1532//2115 1627//2115 1628//2115
f 1532//2116 1628//2116 1533//2116
f 1533//2117 1628//2117 1629//2117
f 1533//2117 1629//2117 1534//2117
f 1534//2118 1629//2118 1630//2118
f 1534//2118 1630//2118 1535//2118
f 1535//2119 1630//2119 1631//2119
f 1535//2119 1631//2119 1536//2119
f 1536//2120 1631//2120 1632//2120
f 1536//2121 1632//2121 1537//2121
f 1537//2122 1632//2122 1633//2122
f 1537//2123 1633//2123 1538//2123
f 1538//2124 1633//2124 1634//2124
f 1538//2124 1634//2124 1539//2124
f 1539//2125 1634//2125 1635//2125
f 1539//2125 1635//2125 1540//2125
f 1540//2126 1635//2126 1636//2126
f 1540//2127 1636//2127 1541//2127
f 1541//2128 1636//2128 1637//2128
f 1541//2129 1637//2129 1542//2129
f 1542//2130 1637//2130 1638//2130
f 1542//2130 1638//2130 1543//2130
f 1543//2131 1638//2131 1639//2131
f 1543//2132 1639//2132 1544//2132
f 1544//2133 1639//2133 1640//2133
f 1544//2133 1640//2133 1545//2133
f 1545//2134 1640//2134 1641//2134
f 1545//2135 1641//2135 1546//2135
f 1546//2136 1641//2136 1642//2136
f 1546//2136 1642//2136 1547//2136
f 1547//2137 1642//2137 1643//2137
f 1547//2138 1643//2138 1548//2138
f 1548//2139 1643//2139 1644//2139
f 1548//2139 1644//2139 1549//2139
f 1549//2140 1644//2140 1645//2140
f 1549//2140 1645//2140 1550//2140
f 1550//2141 1645//2141 1646//2141
f 1550//2141 1646//2141 1551//2141
f 1551//2142 1646//2142 1647//2142
f 1551//2142 1647//2142 1552//2142
f 1552//2143 1647//2143 1648//2143
f 1552//2143 1648//2143 1553//2143
f 1553//2144 1648//2144 1649//2144
f 1553//2144 1649//2144 1554//2144
f 1554//2145 1649//2145 1650//2145
f 1554//2146 1650//2146 1555//2146
f 1555//2142 1650//2142 1651//2142
f 1555//2147 1651//2147 1556//2147
f 1556//2148 1651//2148 1652//2148
f 1556//2148 1652//2148 1557//2148
f 1557//2149 1652//2149 1653//2149
f 1557//2149 1653//2149 1558//2149
f 1558//2150 1653//2150 1654//2150
f 1558//2150 1654//2150 1559//2150
f 1559//2151 1654//2151 1655//2151
f 1559//2151 1655//2151 1560//2151
f 1560//2152 1655//2152 1656//2152
f 1560//2152 1656//2152 1561//2152
f 1561//2153 1656//2153 1657//2153
f 1561//2154 1657//2154 1562//2154
f 1562//2155 1657//2155 1658//2155
f 1562//2156 1658//2156 1563//2156
f 1563//2157 1658//2157 1659//2157
f 1563//2157 1659//2157 1564//2157
f 1564//2158 1659//2158 1660//2158
f 1564//2158 1660//2158 1565//2158
f 1565//2159 1660//2159 1661//2159
f 1565//2159 1661//2159 1566//2159
f 1566//2160 1661//2160 1662//2160
f 1566//2160 1662//2160 1567//2160
f 1567//2161 1662//2161 1663//2161
f 1567//2162 1663//2162 1568//2162
f 1568//2163 1663//2163 1664//2163
f 1568//2163 1664//2163 1569//2163
f 1569//2164 1664//2164 1665//2164
f 1569//2164 1665//2164 1570//2164
f 1570//2165 1665//2165 1666//2165
f 1570//2165 1666//2165 1571//2165
f 1571//2166 1666//2166 1667//2166
f 1571//2166 1667//2166 1572//2166
f 1572//2167 1667//2167 1668//2167
f 1572//2167 1668//2167 1573//2167
f 1573//2168 1668//2168 1669//2168
f 1573//2169 1669//2169 1574//2169
f 1574//2170 1669//2170 1670//2170
f 1574//2170 1670//2170 1575//2170
f 1575//2171 1670//2171 1283//2171
f 1575//2171 1283//2171 1282//2171
f 1282//2172 1283//2172 220//2172
f 1282//2173 220//2173 219//2173
f 1059//2174 1287//2174 1288//2174
f 1288//2175 1287//2175 1671//2175
f 1288//2176 1671//2176 1576//2176
f 1576//2177 1671//2177 1672//2177
f 1576//2178 1672//2178 1577//2178
f 1577//2179 1672//2179 1673//2179
f 1577//2179 1673//2179 1578//2179
f 1578//2180 1673//2180 1674//2180
f 1578//2180 1674//2180 1579//2180
f 1579//2181 1674//2181 1675//2181
f 1579//2181 1675//2181 1580//2181
f 1580//2182 1675//2182 1676//2182
f 1580//2182 1676//2182 1581//2182
f 1581//2183 1676//2183 1677//2183
f 1581//2183 1677//2183 1582//2183
f 1582//2184 1677//2184 1678//2184
f 1582//2184 1678//2184 1583//2184
f 1583//2185 1678//2185 1679//2185
f 1583//2185 1679//2185 1584//2185
f 1584//2186 1679//2186 1680//2186
f 1584//2186 1680//2186 1585//2186
f 1585//2187 1680//2187 1681//2187
f 1585//2187 1681//2187 1586//2187
f 1586//2188 1681//2188 1682//2188
f 1586//2188 1682//2188 1587//2188
f 1587//2189 1682//2189 1683//2189
f 1587//2190 1683//2190 1588//2190
f 1588//2191 1683//2191 1684//2191
f 1588//2191 1684//2191 1589//2191
f 1589//2192 1684//2192 1685//2192
f 1589//2192 1685//2192 1590//2192
f 1590//2193 1685//2193 1686//2193
f 1590//2193 1686//2193 1591//2193
f 1591//2194 1686//2194 1687//2194
f 1591//2195 1687//2195 1592//2195
f 1592//2196 1687//2196 1688//2196
f 1592//2196 1688//2196 1593//2196
f 1593//2197 1688//2197 1689//2197
f 1593//2197 1689//2197 1594//2197
f 1594//2198 1689//2198 1690//2198
f 1594//2198 1690//2198 1595//2198
f 1595//2199 1690//2199 1691//2199
f 1595//2199 1691//2199 1596//2199
f 1596//2200 1691//2200 1692//2200
f 1596//2200 1692//2200 1597//2200
f 1597//2201 1692//2201 1693//2201
f 1597//2201 1693//2201 1598//2201
f 1598//2202 1693//2202 1694//2202
f 1598//2203 1694//2203 1599//2203
f 1599//2204 1694//2204 1695//2204
f 1599//2204 1695//2204 1600//2204
f 1600//2205 1695//2205 1696//2205
f 1600//2205 1696//2205 1601//2205
f 1601//2206 1696//2206 1697//2206
f 1601//2206 1697//2206 1602//2206
f 1602//2207 1697//2207 1698//2207
f 1602//2208 1698//2208 1603//2208
f 1603//2209 1698//2209 1699//2209
f 1603//2209 1699//2209 1604//2209
f 1604//2210 1699//2210 1700//2210
f 1604//2210 1700//2210 1605//2210
f 1605//2211 1700//2211 1701//2211
f 1605//2211 1701//2211 1606//2211
f 1606//2212 1701//2212 1702//2212
f 1606//2212 1702//2212 1607//2212
f 1607//2213 1702//2213 1703//2213
f 1607//2213 1703//2213 1608//2213
f 1608//2214 1703//2214 1704//2214
f 1608//2215 1704//2215 1609//2215
f 1609//2216 1704//2216 1705//2216
f 1609//2216 1705//2216 1610//2216
f 1610//2217 1705//2217 1706//2217
f 1610//2218 1706//2218 1611//2218
f 1611//2219 1706//2219 1707//2219
f 1611//2220 1707//2220 1612//2220
f 1612//2221 1707//2221 1708//2221
f 1612//2221 1708//2221 1613//2221
f 1613//2222 1708//2222 1709//2222
f 1613//2223 1709//2223 1614//2223
f 1614//2224 1709//2224 1710//2224
f 1614//2224 1710//2224 1615//2224
f 1615//2225 1710//2225 1711//2225
f 1615//2225 1711//2225 1616//2225
f 1616//2226 1711//2226 1712//2226
f 1616//2226 1712//2226 1617//2226
f 1617//2227 1712//2227 1713//2227
f 1617//2227 1713//2227 1618//2227
f 1618//2228 1713//2228 1714//2228
f 1618//2229 1714//2229 1619//2229
f 1619//2230 1714//2230 1715//2230
f 1619//2230 1715//2230 1620//2230
f 1620//2231 1715//2231 1716//2231
f 1620//2231 1716//2231 1621//2231
f 1621//2232 1716//2232 1717//2232
f 1621//2232 1717//2232 1622//2232
f 1622//2233 1717//2233 1718//2233
f 1622//2234 1718//2234 1623//2234
f 1623//2235 1718//2235 1719//2235
f 1623//2235 1719//2235 1624//2235
f 1624//2236 1719//2236 1720//2236
f 1624//2236 1720//2236 1625//2236
f 1625//2237 1720//2237 1721//2237
f 1625//2237 1721//2237 1626//2237
f 1626//2238 1721//2238 1722//2238
f 1626//2238 1722//2238 1627//2238
f 1627//2239 1722//2239 1723//2239
f 1627//2239 1723//2239 1628//2239
f 1628//2240 1723//2240 1724//2240
f 1628//2240 1724//2240 1629//2240
f 1629//2241 1724//2241 1725//2241
f 1629//2242 1725//2242 1630//2242
f 1630//2243 1725//2243 1726//2243
f 1630//2243 1726//2243 1631//2243
f 1631//2244 1726//2244 1727//2244
f 1631//2244 1727//2244 1632//2244
f 1632//2245 1727//2245 1728//2245
f 1632//2246 1728//2246 1633//2246
f 1633//2247 1728//2247 1729//2247
f 1633//2247 1729//2247 1634//2247
f 1634//2248 1729//2248 1730//2248
f 1634//2249 1730//2249 1635//2249
f 1635//2250 1730//2250 1731//2250
f 1635//2251 1731//2251 1636//2251
f 1636//2252 1731//2252 1732//2252
f 1636//2252 1732//2252 1637//2252
f 1637//2253 1732//2253 1733//2253
f 1637//2254 1733//2254 1638//2254
f 1638//2255 1733//2255 1734//2255
f 1638//2255 1734//2255 1639//2255
f 1639//2256 1734//2256 1735//2256
f 1639//2257 1735//2257 1640//2257
f 1640//2258 1735//2258 1736//2258
f 1640//2258 1736//2258 1641//2258
f 1641//2259 1736//2259 1737//2259
f 1641//2259 1737//2259 1642//2259
f 1642//2260 1737//2260 1738//2260
f 1642//2260 1738//2260 1643//2260
f 1643//2261 1738//2261 1739//2261
f 1643//2261 1739//2261 1644//2261
f 1644//2262 1739//2262 1740//2262
f 1644//2262 1740//2262 1645//2262
f 1645//2263 1740//2263 1741//2263
f 1645//2263 1741//2263 1646//2263
f 1646//2264 1741//2264 1742//2264
f 1646//2264 1742//2264 1647//2264
f 1647//2265 1742//2265 1743//2265
f 1647//2265 1743//2265 1648//2265
f 1648//2266 1743//2266 1744//2266
f 1648//2267 1744//2267 1649//2267
f 1649//2268 1744//2268 1745//2268
f 1649//2268 1745//2268 1650//2268
f 1650//2269 1745//2269 1746//2269
f 1650//2269 1746//2269 1651//2269
f 1651//2270 1746//2270 1747//2270
f 1651//2270 1747//2270 1652//2270
f 1652//2271 1747//2271 1748//2271
f 1652//2272 1748//2272 1653//2272
f 1653//2273 1748//2273 1749//2273
f 1653//2273 1749//2273 1654//2273
f 1654//2274 1749//2274 1750//2274
f 1654//2274 1750//2274 1655//2274
f 1655//2275 1750//2275 1751//2275
f 1655//2275 1751//2275 1656//2275
f 1656//2276 1751//2276 1752//2276
f 1656//2277 1752//2277 1657//2277
f 1657//2278 1752//2278 1753//2278
f 1657//2278 1753//2278 1658//2278
f 1658//2279 1753//2279 1754//2279
f 1658//2280 1754//2280 1659//2280
f 1659//2281 1754//2281 1755//2281
f 1659//2281 1755//2281 1660//2281
f 1660//2282 1755//2282 1756//2282
f 1660//2282 1756//2282 1661//2282
f 1661//2283 1756//2283 1757//2283
f 1661//2283 1757//2283 1662//2283
f 1662//2284 1757//2284 1758//2284
f 1662//2284 1758//2284 1663//2284
f 1663//2285 1758//2285 1759//2285
f 1663//2286 1759//2286 1664//2286
f 1664//2287 1759//2287 1760//2287
f 1664//2288 1760//2288 1665//2288
f 1665//2289 1760//2289 1761//2289
f 1665//2289 1761//2289 1666//2289
f 1666//2290 1761//2290 1762//2290
f 1666//2290 1762//2290 1667//2290
f 1667//2291 1762//2291 1763//2291
f 1667//2292 1763//2292 1668//2292
f 1668//2293 1763//2293 1764//2293
f 1668//2293 1764//2293 1669//2293
f 1669//2294 1764//2294 1765//2294
f 1669//2294 1765//2294 1670//2294
f 1670//2295 1765//2295 1284//2295
f 1670//2295 1284//2295 1283//2295
f 1283//2296 1284//2296 208//2296
f 1283//2297 208//2297 207//2297
f 1057//2298 1286//2298 1287//2298
f 1287//2299 1286//2299 1766//2299
f 1287//2299 1766//2299 1671//2299
f 1671//2300 1766//2300 1767//2300
f 1671//2300 1767//2300 1672//2300
f 1672//2301 1767//2301 1768//2301
f 1672//2302 1768//2302 1673//2302
f 1673//2303 1768//2303 1769//2303
f 1673//2303 1769//2303 1674//2303
f 1674//2304 1769//2304 1770//2304
f 1674//2305 1770//2305 1675//2305
f 1675//2306 1770//2306 1771//2306
f 1675//2307 1771//2307 1676//2307
f 1676//2308 1771//2308 1772//2308
f 1676//2308 1772//2308 1677//2308
f 1677//2309 1772//2309 1773//2309
f 1677//2310 1773//2310 1678//2310
f 1678//2311 1773//2311 1774//2311
f 1678//2311 1774//2311 1679//2311
f 1679//2312 1774//2312 1775//2312
f 1679//2312 1775//2312 1680//2312
f 1680//2313 1775//2313 1776//2313
f 1680//2313 1776//2313 1681//2313
f 1681//2314 1776//2314 1777//2314
f 1681//2314 1777//2314 1682//2314
f 1682//2315 1777//2315 1778//2315
f 1682//2316 1778//2316 1683//2316
f 1683//2317 1778//2317 1779//2317
f 1683//2318 1779//2318 1684//2318
f 1684//2319 1779//2319 1780//2319
f 1684//2320 1780//2320 1685//2320
f 1685//2321 1780//2321 1781//2321
f 1685//2321 1781//2321 1686//2321
f 1686//2322 1781//2322 1782//2322
f 1686//2322 1782//2322 1687//2322
f 1687//2323 1782//2323 1783//2323
f 1687//2323 1783//2323 1688//2323
f 1688//2324 1783//2324 1784//2324
f 1688//2325 1784//2325 1689//2325
f 1689//2326 1784//2326 1785//2326
f 1689//2326 1785//2326 1690//2326
f 1690//2327 1785//2327 1786//2327
f 1690//2327 1786//2327 1691//2327
f 1691//2328 1786//2328 1787//2328
f 1691//2328 1787//2328 1692//2328
f 1692//2329 1787//2329 1788//2329
f 1692//2329 1788//2329 1693//2329
f 1693//2330 1788//2330 1789//2330
f 1693//2330 1789//2330 1694//2330
f 1694//2331 1789//2331 1790//2331
f 1694//2331 1790//2331 1695//2331
f 1695//2332 1790//2332 1791//2332
f 1695//2332 1791//2332 1696//2332
f 1696//2333 1791//2333 1792//2333
f 1696//2333 1792//2333 1697//2333
f 1697//2334 1792//2334 1793//2334
f 1697//2334 1793//2334 1698//2334
f 1698//2335 1793//2335 1794//2335
f 1698//2335 1794//2335 1699//2335
f 1699//2336 1794//2336 1795//2336
f 1699//2336 1795//2336 1700//2336
f 1700//2337 1795//2337 1796//2337
f 1700//2338 1796//2338 1701//2338
f 1701//2339 1796//2339 1797//2339
f 1701//2339 1797//2339 1702//2339
f 1702//2340 1797//2340 1798//2340
f 1702//2340 1798//2340 1703//2340
f 1703//2341 1798//2341 1799//2341
f 1703//2341 1799//2341 1704//2341
f 1704//2342 1799//2342 1800//2342
f 1704//2342 1800//2342 1705//2342
f 1705//2343 1800//2343 1801//2343
f 1705//2343 1801//2343 1706//2343
f 1706//2344 1801//2344 1802//2344
f 1706//2344 1802//2344 1707//2344
f 1707//2345 1802//2345 1803//2345
f 1707//2345 1803//2345 1708//2345
f 1708//2346 1803//2346 1804//2346
f 1708//2347 1804//2347 1709//2347
f 1709//2348 1804//2348 1805//2348
f 1709//2348 1805//2348 1710//2348
f 1710//2349 1805//2349 1806//2349
f 1710//2349 1806//2349 1711//2349
f 1711//2350 1806//2350 1807//2350
f 1711//2351 1807//2351 1712//2351
f 1712//2352 1807//2352 1808//2352
f 1712//2353 1808//2353 1713//2353
f 1713//2354 1808//2354 1809//2354
f 1713//2354 1809//2354 1714//2354
f 1714//2355 1809//2355 1810//2355
f 1714//2356 1810//2356 1715//2356
f 1715//2357 1810//2357 1811//2357
f 1715//2357 1811//2357 1716//2357
f 1716//2358 1811//2358 1812//2358
f 1716//2359 1812//2359 1717//2359
f 1717//2360 1812//2360 1813//2360
f 1717//2360 1813//2360 1718//2360
f 1718//2361 1813//2361 1814//2361
f 1718//2361 1814//2361 1719//2361
f 1719//2362 1814//2362 1815//2362
f 1719//2362 1815//2362 1720//2362
f 1720//2363 1815//2363 1816//2363
f 1720//2363 1816//2363 1721//2363
f 1721//2364 1816//2364 1817//2364
f 1721//2365 1817//2365 1722//2365
f 1722//2366 1817//2366 1818//2366
f 1722//2366 1818//2366 1723//2366
f 1723//2367 1818//2367 1819//2367
f 1723//2368 1819//2368 1724//2368
f 1724//2369 1819//2369 1820//2369
f 1724//2369 1820//2369 1725//2369
f 1725//2370 1820//2370 1821//2370
f 1725//2370 1821//2370 1726//2370
f 1726//2371 1821//2371 1822//2371
f 1726//2371 1822//2371 1727//2371
f 1727//2372 1822//2372 1823//2372
f 1727//2372 1823//2372 1728//2372
f 1728//2373 1823//2373 1824//2373
f 1728//2373 1824//2373 1729//2373
f 1729//2374 1824//2374 1825//2374
f 1729//2374 1825//2374 1730//2374
f 1730//2375 1825//2375 1826//2375
f 1730//2376 1826//2376 1731//2376
f 1731//2377 1826//2377 1827//2377
f 1731//2377 1827//2377 1732//2377
f 1732//2378 1827//2378 1828//2378
f 1732//2378 1828//2378 1733//2378
f 1733//2379 1828//2379 1829//2379
f 1733//2379 1829//2379 1734//2379
f 1734//2380 1829//2380 1830//2380
f 1734//2380 1830//2380 1735//2380
f 1735//2381 1830//2381 1831//2381
f 1735//2381 1831//2381 1736//2381
f 1736//2382 1831//2382 1832//2382
f 1736//2382 1832//2382 1737//2382
f 1737//2383 1832//2383 1833//2383
f 1737//2383 1833//2383 1738//2383
f 1738//2384 1833//2384 1834//2384
f 1738//2384 1834//2384 1739//2384
f 1739//2385 1834//2385 1835//2385
f 1739//2386 1835//2386 1740//2386
f 1740//2387 1835//2387 1836//2387
f 1740//2387 1836//2387 1741//2387
f 1741//2388 1836//2388 1837//2388
f 1741//2388 1837//2388 1742//2388
f 1742//2389 1837//2389 1838//2389
f 1742//2389 1838//2389 1743//2389
f 1743//2390 1838//2390 1839//2390
f 1743//2390 1839//2390 1744//2390
f 1744//2391 1839//2391 1840//2391
f 1744//2391 1840//2391 1745//2391
f 1745//2392 1840//2392 1841//2392
f 1745//2393 1841//2393 1746//2393
f 1746//2394 1841//2394 1842//2394
f 1746//2394 1842//2394 1747//2394
f 1747//2395 1842//2395 1843//2395
f 1747//2395 1843//2395 1748//2395
f 1748//2396 1843//2396 1844//2396
f 1748//2396 1844//2396 1749//2396
f 1749//2397 1844//2397 1845//2397
f 1749//2397 1845//2397 1750//2397
f 1750//2398 1845//2398 1846//2398
f 1750//2399 1846//2399 1751//2399
f 1751//2400 1846//2400 1847//2400
f 1751//2400 1847//2400 1752//2400
f 1752//2401 1847//2401 1848//2401
f 1752//2401 1848//2401 1753//2401
f 1753//2402 1848//2402 1849//2402
f 1753//2402 1849//2402 1754//2402
f 1754//2403 1849//2403 1850//2403
f 1754//2404 1850//2404 1755//2404
f 1755//2405 1850//2405 1851//2405
f 1755//2405 1851//2405 1756//2405
f 1756//2406 1851//2406 1852//2406
f 1756//2406 1852//2406 1757//2406
f 1757//2407 1852//2407 1853//2407
f 1757//2407 1853//2407 1758//2407
f 1758//2408 1853//2408 1854//2408
f 1758//2408 1854//2408 1759//2408
f 1759//2409 1854//2409 1855//2409
f 1759//2409 1855//2409 1760//2409
f 1760//2410 1855//2410 1856//2410
f 1760//2410 1856//2410 1761//2410
f 1761//2411 1856//2411 1857//2411
f 1761//2411 1857//2411 1762//2411
f 1762//2335 1857//2335 1858//2335
f 1762//2412 1858//2412 1763//2412
f 1763//2413 1858//2413 1859//2413
f 1763//2413 1859//2413 1764//2413
f 1764//2414 1859//2414 1860//2414
f 1764//2414 1860//2414 1765//2414
f 1765//2415 1860//2415 1285//2415
f 1765//2415 1285//2415 1284//2415
f 1284//2416 1285//2416 211//2416
f 1284//2417 211//2417 210//2417
f 17//2418 1285//2418 142//2418
f 142//2419 1285//2419 1860//2419
f 142//2419 1860//2419 143//2419
f 143//2420 1860//2420 1859//2420
f 143//2420 1859//2420 173//2420
f 173//2420 1859//2420 1858//2420
f 173//2420 1858//2420 174//2420
f 174//2421 1858//2421 1857//2421
f 174//2421 1857//2421 175//2421
f 175//2422 1857//2422 1856//2422
f 175//2422 1856//2422 124//2422
f 124//2423 1856//2423 1855//2423
f 124//2423 1855//2423 125//2423
f 125//2424 1855//2424 1854//2424
f 125//2424 1854//2424 126//2424
f 126//2425 1854//2425 1853//2425
f 126//2425 1853//2425 127//2425
f 127//2426 1853//2426 1852//2426
f 127//2426 1852//2426 128//2426
f 128//2427 1852//2427 1851//2427
f 128//2427 1851//2427 129//2427
f 129//2428 1851//2428 1850//2428
f 129//2428 1850//2428 100//2428
f 100//2429 1850//2429 1849//2429
f 100//2429 1849//2429 101//2429
f 101//2430 1849//2430 1848//2430
f 101//2430 1848//2430 102//2430
f 102//2431 1848//2431 1847//2431
f 102//2431 1847//2431 73//2431
f 73//2432 1847//2432 1846//2432
f 73//2432 1846//2432 68//2432
f 68//2433 1846//2433 1845//2433
f 68//2433 1845//2433 69//2433
f 69//2434 1845//2434 1844//2434
f 69//2434 1844//2434 84//2434
f 84//2435 1844//2435 1843//2435
f 84//2436 1843//2436 85//2436
f 85//2437 1843//2437 1842//2437
f 85//2437 1842//2437 109//2437
f 109//2438 1842//2438 1841//2438
f 109//2438 1841//2438 110//2438
f 110//2439 1841//2439 1840//2439
f 110//2439 1840//2439 112//2439
f 112//2440 1840//2440 1839//2440
f 112//2441 1839//2441 114//2441
f 114//2442 1839//2442 1838//2442
f 114//2442 1838//2442 116//2442
f 116//2441 1838//2441 1837//2441
f 116//2441 1837//2441 118//2441
f 118//2439 1837//2439 1836//2439
f 118//2439 1836//2439 120//2439
f 120//2443 1836//2443 1835//2443
f 120//2443 1835//2443 121//2443
f 121//2444 1835//2444 1834//2444
f 121//2444 1834//2444 50//2444
f 50//2445 1834//2445 1833//2445
f 50//2446 1833//2446 51//2446
f 51//2447 1833//2447 1832//2447
f 51//2447 1832//2447 43//2447
f 43//2448 1832//2448 1831//2448
f 43//2448 1831//2448 45//2448
f 45//2449 1831//2449 1830//2449
f 45//2449 1830//2449 47//2449
f 47//2450 1830//2450 1829//2450
f 47//2450 1829//2450 48//2450
f 48//2451 1829//2451 1828//2451
f 48//2451 1828//2451 52//2451
f 52//2452 1828//2452 1827//2452
f 52//2452 1827//2452 53//2452
f 53//2453 1827//2453 1826//2453
f 53//2453 1826//2453 55//2453
f 55//2454 1826//2454 1825//2454
f 55//2454 1825//2454 56//2454
f 56//2455 1825//2455 1824//2455
f 56//2455 1824//2455 70//2455
f 70//2456 1824//2456 1823//2456
f 70//2456 1823//2456 71//2456
f 71//2457 1823//2457 1822//2457
f 71//2457 1822//2457 72//2457
f 72//2458 1822//2458 1821//2458
f 72//2459 1821//2459 67//2459
f 67//2460 1821//2460 1820//2460
f 67//2460 1820//2460 66//2460
f 66//2461 1820//2461 1819//2461
f 66//2461 1819//2461 64//2461
f 64//2462 1819//2462 1818//2462
f 64//2462 1818//2462 62//2462
f 62//2463 1818//2463 1817//2463
f 62//2463 1817//2463 83//2463
f 83//2464 1817//2464 1816//2464
f 83//2465 1816//2465 82//2465
f 82//2466 1816//2466 1815//2466
f 82//2466 1815//2466 80//2466
f 80//2467 1815//2467 1814//2467
f 80//2467 1814//2467 97//2467
f 97//2468 1814//2468 1813//2468
f 97//2468 1813//2468 98//2468
f 98//2469 1813//2469 1812//2469
f 98//2469 1812//2469 99//2469
f 99//2470 1812//2470 1811//2470
f 99//2470 1811//2470 90//2470
f 90//2471 1811//2471 1810//2471
f 90//2471 1810//2471 91//2471
f 91//2472 1810//2472 1809//2472
f 91//2473 1809//2473 93//2473
f 93//2474 1809//2474 1808//2474
f 93//2474 1808//2474 95//2474
f 95//2475 1808//2475 1807//2475
f 95//2475 1807//2475 96//2475
f 96//2476 1807//2476 1806//2476
f 96//2477 1806//2477 28//2477
f 28//2478 1806//2478 1805//2478
f 28//2478 1805//2478 29//2478
f 29//2479 1805//2479 1804//2479
f 29//2479 1804//2479 22//2479
f 22//2480 1804//2480 1803//2480
f 22//2480 1803//2480 20//2480
f 20//2481 1803//2481 1802//2481
f 20//2481 1802//2481 24//2481
f 24//2482 1802//2482 1801//2482
f 24//2482 1801//2482 25//2482
f 25//2483 1801//2483 1800//2483
f 25//2483 1800//2483 33//2483
f 33//2484 1800//2484 1799//2484
f 33//2484 1799//2484 34//2484
f 34//2485 1799//2485 1798//2485
f 34//2485 1798//2485 36//2485
f 36//2486 1798//2486 1797//2486
f 36//2486 1797//2486 37//2486
f 37//2487 1797//2487 1796//2487
f 37//2487 1796//2487 57//2487
f 57//2488 1796//2488 1795//2488
f 57//2488 1795//2488 58//2488
f 58//2489 1795//2489 1794//2489
f 58//2489 1794//2489 87//2489
f 87//2421 1794//2421 1793//2421
f 87//2421 1793//2421 88//2421
f 88//2490 1793//2490 1792//2490
f 88//2490 1792//2490 144//2490
f 144//2491 1792//2491 1791//2491
f 144//2491 1791//2491 145//2491
f 145//2492 1791//2492 1790//2492
f 145//2492 1790//2492 147//2492
f 147//2428 1790//2428 1789//2428
f 147//2428 1789//2428 149//2428
f 149//2493 1789//2493 1788//2493
f 149//2493 1788//2493 151//2493
f 151//2494 1788//2494 1787//2494
f 151//2495 1787//2495 153//2495
f 153//2496 1787//2496 1786//2496
f 153//2496 1786//2496 155//2496
f 155//2497 1786//2497 1785//2497
f 155//2497 1785//2497 157//2497
f 157//2498 1785//2498 1784//2498
f 157//2498 1784//2498 162//2498
f 162//2499 1784//2499 1783//2499
f 162//2499 1783//2499 160//2499
f 160//2500 1783//2500 1782//2500
f 160//2501 1782//2501 158//2501
f 158//2502 1782//2502 1781//2502
f 158//2502 1781//2502 165//2502
f 165//2503 1781//2503 1780//2503
f 165//2504 1780//2504 176//2504
f 176//2505 1780//2505 1779//2505
f 176//2506 1779//2506 182//2506
f 182//2507 1779//2507 1778//2507
f 182//2507 1778//2507 188//2507
f 188//2508 1778//2508 1777//2508
f 188//2509 1777//2509 191//2509
f 191//2510 1777//2510 1776//2510
f 191//2510 1776//2510 194//2510
f 194//2511 1776//2511 1775//2511
f 194//2511 1775//2511 197//2511
f 197//2512 1775//2512 1774//2512
f 197//2512 1774//2512 202//2512
f 202//2513 1774//2513 1773//2513
f 202//2513 1773//2513 187//2513
f 187//2514 1773//2514 1772//2514
f 187//2514 1772//2514 181//2514
f 181//2515 1772//2515 1771//2515
f 181//2515 1771//2515 172//2515
f 172//2516 1771//2516 1770//2516
f 172//2516 1770//2516 170//2516
f 170//2517 1770//2517 1769//2517
f 170//2517 1769//2517 139//2517
f 139//2518 1769//2518 1768//2518
f 139//2518 1768//2518 137//2518
f 137//2519 1768//2519 1767//2519
f 137//2519 1767//2519 135//2519
f 135//2520 1767//2520 1766//2520
f 135//2520 1766//2520 133//2520
f 133//2521 1766//2521 1286//2521
f 133//2521 1286//2521 12//2521
f 12//2522 1286//2522 1063//2522
f 12//2523 1063//2523 13//2523
f 1277//2524 1276//2524 1861//2524
f 1275//2525 1274//2525 1862//2525
f 1273//2526 1272//2526 1863//2526
f 1271//2527 1270//2527 1864//2527
f 1266//2528 10//2528 60//2528
f 1067//2529 134//2529 9//2529
f 1089//2530 1078//2530 1865//2530
f 1865//2531 1078//2531 1077//2531
f 1865//2532 1077//2532 1866//2532
f 1070//2533 1090//2533 1867//2533
f 1867//2534 1090//2534 1089//2534
f 1868//2535 1068//2535 1070//2535
f 1071//2536 1069//2536 1869//2536
f 1869//2537 1069//2537 1068//2537
f 1869//2538 1068//2538 1870//2538
f 1871//2539 1072//2539 1071//2539
f 134//2529 1067//2529 136//2529
f 1872//2540 1269//2540 1873//2540
f 1873//2541 1269//2541 1268//2541
f 1873//2542 1268//2542 1267//2542
f 1874//2543 1260//2543 1875//2543
f 1875//2544 1260//2544 1265//2544
f 1875//2545 1265//2545 1876//2545
f 1876//2546 1265//2546 1264//2546
f 1876//2547 1264//2547 1861//2547
f 1861//2548 1264//2548 1263//2548
f 1861//2549 1263//2549 1277//2549
f 1877//2550 1252//2550 1878//2550
f 1878//2551 1252//2551 1254//2551
f 1878//2551 1254//2551 1879//2551
f 1879//2552 1254//2552 1256//2552
f 1879//2553 1256//2553 1874//2553
f 1874//2554 1256//2554 1258//2554
f 1874//2543 1258//2543 1260//2543
f 1247//2555 1249//2555 1877//2555
f 1877//2556 1249//2556 1251//2556
f 1877//2550 1251//2550 1252//2550
f 1877//2557 1880//2557 1247//2557
f 1247//2558 1880//2558 1881//2558
f 1247//2559 1881//2559 1245//2559
f 1245//2560 1881//2560 1882//2560
f 1239//2561 1241//2561 1882//2561
f 1882//2562 1241//2562 1243//2562
f 1882//2560 1243//2560 1245//2560
f 1882//2563 1883//2563 1239//2563
f 1239//2564 1883//2564 1884//2564
f 1239//2565 1884//2565 1237//2565
f 1237//2566 1884//2566 1885//2566
f 1237//2567 1885//2567 1235//2567
f 1235//2568 1885//2568 1886//2568
f 1235//2569 1886//2569 1233//2569
f 1233//2570 1886//2570 1887//2570
f 1228//2571 1230//2571 1887//2571
f 1887//2572 1230//2572 1232//2572
f 1887//2570 1232//2570 1233//2570
f 1887//2573 1888//2573 1228//2573
f 1228//2574 1888//2574 1889//2574
f 1228//2574 1889//2574 1227//2574
f 1227//2575 1889//2575 1890//2575
f 1227//2576 1890//2576 1226//2576
f 1226//2577 1890//2577 1891//2577
f 1226//2577 1891//2577 1225//2577
f 1225//2578 1891//2578 1892//2578
f 1225//2578 1892//2578 1221//2578
f 1221//2579 1892//2579 1893//2579
f 1221//2579 1893//2579 1219//2579
f 1219//2580 1893//2580 1894//2580
f 1219//2580 1894//2580 1214//2580
f 1214//2581 1894//2581 1895//2581
f 1214//2581 1895//2581 1215//2581
f 1215//2582 1895//2582 1896//2582
f 1215//2582 1896//2582 1217//2582
f 1217//2583 1896//2583 1897//2583
f 1217//2583 1897//2583 1218//2583
f 1218//2584 1897//2584 1898//2584
f 1218//2585 1898//2585 1212//2585
f 1212//2586 1898//2586 1213//2586
f 1213//2587 1898//2587 1899//2587
f 1213//2588 1899//2588 1209//2588
f 1209//2589 1899//2589 1900//2589
f 1209//2589 1900//2589 1210//2589
f 1210//2590 1900//2590 1901//2590
f 1210//2590 1901//2590 1206//2590
f 1206//2591 1901//2591 1207//2591
f 1207//2592 1901//2592 1902//2592
f 1207//2593 1902//2593 1204//2593
f 1204//2594 1902//2594 1903//2594
f 1204//2594 1903//2594 1202//2594
f 1202//2595 1903//2595 1201//2595
f 1201//2596 1903//2596 1904//2596
f 1201//2597 1904//2597 1199//2597
f 1199//2598 1904//2598 1905//2598
f 1199//2598 1905//2598 1198//2598
f 1198//2599 1905//2599 1906//2599
f 1198//2600 1906//2600 1196//2600
f 1196//2601 1906//2601 1907//2601
f 1196//2601 1907//2601 1195//2601
f 1195//2602 1907//2602 1908//2602
f 1195//2602 1908//2602 1193//2602
f 1193//2603 1908//2603 1909//2603
f 1193//2603 1909//2603 1191//2603
f 1191//2604 1909//2604 1910//2604
f 1191//2605 1910//2605 1190//2605
f 1190//2606 1910//2606 1911//2606
f 1190//2607 1911//2607 1188//2607
f 1188//2608 1911//2608 1912//2608
f 1188//2608 1912//2608 1186//2608
f 1186//2609 1912//2609 1181//2609
f 1181//2610 1912//2610 1913//2610
f 1181//2611 1913//2611 1182//2611
f 1182//2612 1913//2612 1914//2612
f 1182//2613 1914//2613 1184//2613
f 1184//2614 1914//2614 1185//2614
f 1185//2615 1914//2615 1915//2615
f 1185//2616 1915//2616 1179//2616
f 1179//2617 1915//2617 1916//2617
f 1179//2618 1916//2618 1180//2618
f 1180//2619 1916//2619 1177//2619
f 1177//2620 1916//2620 1917//2620
f 1177//2621 1917//2621 1175//2621
f 1175//2622 1917//2622 1918//2622
f 1175//2622 1918//2622 1174//2622
f 1174//2623 1918//2623 1919//2623
f 1174//2623 1919//2623 1172//2623
f 1172//2624 1919//2624 1920//2624
f 1172//2625 1920//2625 1171//2625
f 1171//2626 1920//2626 1921//2626
f 1171//2626 1921//2626 1169//2626
f 1169//2627 1921//2627 1922//2627
f 1169//2627 1922//2627 1168//2627
f 1168//2628 1922//2628 1923//2628
f 1168//2628 1923//2628 1161//2628
f 1161//2629 1923//2629 1924//2629
f 1161//2629 1924//2629 1162//2629
f 1152//2630 1151//2630 1925//2630
f 1925//2631 1151//2631 1156//2631
f 1925//2632 1156//2632 1926//2632
f 1926//2633 1156//2633 1158//2633
f 1926//2633 1158//2633 1927//2633
f 1927//2634 1158//2634 1160//2634
f 1927//2635 1160//2635 1928//2635
f 1928//2636 1160//2636 1165//2636
f 1928//2637 1165//2637 1924//2637
f 1924//2638 1165//2638 1164//2638
f 1924//2639 1164//2639 1162//2639
f 1152//2640 1925//2640 1154//2640
f 1154//2641 1925//2641 1929//2641
f 1154//2642 1929//2642 1155//2642
f 1155//2643 1929//2643 1930//2643
f 1155//2644 1930//2644 1149//2644
f 1149//2645 1930//2645 1931//2645
f 1149//2645 1931//2645 1150//2645
f 1932//2646 1124//2646 1933//2646
f 1933//2647 1124//2647 1125//2647
f 1933//2648 1125//2648 1931//2648
f 1931//2649 1125//2649 1119//2649
f 1931//2650 1119//2650 1150//2650
f 1934//2651 1115//2651 1935//2651
f 1935//2652 1115//2652 1114//2652
f 1935//2652 1114//2652 1936//2652
f 1936//2653 1114//2653 1117//2653
f 1936//2653 1117//2653 1937//2653
f 1937//2654 1117//2654 1116//2654
f 1937//2654 1116//2654 1938//2654
f 1938//2655 1116//2655 1126//2655
f 1938//2655 1126//2655 1939//2655
f 1939//2656 1126//2656 1120//2656
f 1939//2657 1120//2657 1940//2657
f 1940//2658 1120//2658 1121//2658
f 1940//2658 1121//2658 1941//2658
f 1941//2659 1121//2659 1122//2659
f 1941//2660 1122//2660 1932//2660
f 1932//2661 1122//2661 1123//2661
f 1932//2662 1123//2662 1124//2662
f 1942//2663 1135//2663 1943//2663
f 1943//2664 1135//2664 1134//2664
f 1943//2664 1134//2664 1944//2664
f 1944//2665 1134//2665 1133//2665
f 1944//2665 1133//2665 1945//2665
f 1945//2666 1133//2666 1132//2666
f 1945//2666 1132//2666 1946//2666
f 1946//2667 1132//2667 1131//2667
f 1946//2667 1131//2667 1947//2667
f 1947//2668 1131//2668 1127//2668
f 1947//2668 1127//2668 1948//2668
f 1948//2669 1127//2669 1128//2669
f 1948//2670 1128//2670 1949//2670
f 1949//2671 1128//2671 1129//2671
f 1949//2672 1129//2672 1934//2672
f 1934//2673 1129//2673 1130//2673
f 1934//2651 1130//2651 1115//2651
f 1077//2674 1146//2674 1866//2674
f 1866//2675 1146//2675 1147//2675
f 1866//2676 1147//2676 1950//2676
f 1950//2677 1147//2677 1145//2677
f 1950//2677 1145//2677 1951//2677
f 1951//2678 1145//2678 1144//2678
f 1951//2679 1144//2679 1952//2679
f 1952//2680 1144//2680 1143//2680
f 1952//2680 1143//2680 1953//2680
f 1953//2681 1143//2681 1142//2681
f 1953//2681 1142//2681 1954//2681
f 1954//2682 1142//2682 1141//2682
f 1954//2682 1141//2682 1955//2682
f 1955//2683 1141//2683 1140//2683
f 1955//2684 1140//2684 1956//2684
f 1956//2685 1140//2685 1139//2685
f 1956//2686 1139//2686 1957//2686
f 1957//2687 1139//2687 1138//2687
f 1957//2687 1138//2687 1958//2687
f 1958//2688 1138//2688 1137//2688
f 1958//2689 1137//2689 1942//2689
f 1942//2690 1137//2690 1136//2690
f 1942//2691 1136//2691 1135//2691
f 1068//2692 1868//2692 1870//2692
f 1870//2693 1868//2693 1959//2693
f 1870//2693 1959//2693 1960//2693
f 1960//2694 1959//2694 1961//2694
f 1960//2695 1961//2695 1962//2695
f 1962//2696 1961//2696 1963//2696
f 1962//2697 1963//2697 1964//2697
f 1964//2698 1963//2698 1965//2698
f 1964//2698 1965//2698 1966//2698
f 1966//2699 1965//2699 1967//2699
f 1966//2699 1967//2699 1968//2699
f 1968//2700 1967//2700 1969//2700
f 1968//2700 1969//2700 1970//2700
f 1970//2701 1969//2701 1971//2701
f 1970//2701 1971//2701 1972//2701
f 1972//2702 1971//2702 1973//2702
f 1972//2703 1973//2703 1974//2703
f 1974//2704 1973//2704 1975//2704
f 1974//2704 1975//2704 1976//2704
f 1976//2705 1975//2705 1977//2705
f 1976//2706 1977//2706 1978//2706
f 1978//2707 1977//2707 1979//2707
f 1978//2707 1979//2707 1980//2707
f 1980//2708 1979//2708 1981//2708
f 1980//2708 1981//2708 1982//2708
f 1982//2709 1981//2709 1983//2709
f 1982//2709 1983//2709 1984//2709
f 1984//2710 1983//2710 1985//2710
f 1984//2710 1985//2710 1986//2710
f 1986//2711 1985//2711 1987//2711
f 1986//2711 1987//2711 1988//2711
f 1988//2712 1987//2712 1989//2712
f 1988//2712 1989//2712 1990//2712
f 1990//2713 1989//2713 1991//2713
f 1990//2713 1991//2713 1992//2713
f 1992//2714 1991//2714 1993//2714
f 1992//2714 1993//2714 1994//2714
f 1994//2715 1993//2715 1995//2715
f 1994//2715 1995//2715 1996//2715
f 1996//2716 1995//2716 1997//2716
f 1996//2716 1997//2716 1998//2716
f 1998//2717 1997//2717 1999//2717
f 1998//2717 1999//2717 2000//2717
f 2000//2718 1999//2718 2001//2718
f 2000//2718 2001//2718 2002//2718
f 2002//2719 2001//2719 2003//2719
f 2002//2720 2003//2720 2004//2720
f 2004//2721 2003//2721 2005//2721
f 2004//2722 2005//2722 2006//2722
f 2006//2723 2005//2723 2007//2723
f 2006//2723 2007//2723 2008//2723
f 2008//2724 2007//2724 2009//2724
f 2008//2725 2009//2725 2010//2725
f 2010//2726 2009//2726 2011//2726
f 2010//2726 2011//2726 2012//2726
f 2012//2727 2011//2727 2013//2727
f 2012//2727 2013//2727 2014//2727
f 2014//2728 2013//2728 2015//2728
f 2014//2728 2015//2728 2016//2728
f 2016//2729 2015//2729 2017//2729
f 2016//2729 2017//2729 2018//2729
f 2018//2730 2017//2730 2019//2730
f 2018//2731 2019//2731 2020//2731
f 2020//2732 2019//2732 2021//2732
f 2020//2732 2021//2732 2022//2732
f 2022//2733 2021//2733 2023//2733
f 2022//2733 2023//2733 2024//2733
f 2024//2734 2023//2734 2025//2734
f 2024//2734 2025//2734 2026//2734
f 2026//2735 2025//2735 2027//2735
f 2026//2735 2027//2735 2028//2735
f 2028//2736 2027//2736 2029//2736
f 2028//2736 2029//2736 2030//2736
f 2030//2737 2029//2737 2031//2737
f 2030//2737 2031//2737 2032//2737
f 2032//2738 2031//2738 2033//2738
f 2032//2738 2033//2738 2034//2738
f 2034//2739 2033//2739 2035//2739
f 2034//2739 2035//2739 2036//2739
f 2036//2740 2035//2740 2037//2740
f 2036//2740 2037//2740 2038//2740
f 2038//2741 2037//2741 2039//2741
f 2038//2742 2039//2742 2040//2742
f 2040//2743 2039//2743 2041//2743
f 2040//2743 2041//2743 2042//2743
f 2042//2744 2041//2744 2043//2744
f 2042//2744 2043//2744 2044//2744
f 2044//2745 2043//2745 2045//2745
f 2044//2745 2045//2745 2046//2745
f 2046//2746 2045//2746 2047//2746
f 2046//2746 2047//2746 2048//2746
f 2048//2747 2047//2747 2049//2747
f 2048//2748 2049//2748 2050//2748
f 2050//2749 2049//2749 2051//2749
f 2050//2749 2051//2749 2052//2749
f 2052//2750 2051//2750 2053//2750
f 2052//2751 2053//2751 2054//2751
f 2054//2752 2053//2752 2055//2752
f 2054//2753 2055//2753 2056//2753
f 2056//2754 2055//2754 2057//2754
f 2056//2754 2057//2754 2058//2754
f 2058//2755 2057//2755 2059//2755
f 2058//2755 2059//2755 2060//2755
f 2060//2756 2059//2756 2061//2756
f 2060//2756 2061//2756 2062//2756
f 2062//2757 2061//2757 2063//2757
f 2062//2757 2063//2757 2064//2757
f 2064//2758 2063//2758 2065//2758
f 2064//2758 2065//2758 2066//2758
f 2066//2759 2065//2759 2067//2759
f 2066//2759 2067//2759 2068//2759
f 2068//2760 2067//2760 2069//2760
f 2068//2760 2069//2760 2070//2760
f 2070//2761 2069//2761 2071//2761
f 2070//2761 2071//2761 2072//2761
f 2072//2762 2071//2762 2073//2762
f 2072//2763 2073//2763 2074//2763
f 2074//2764 2073//2764 2075//2764
f 2074//2764 2075//2764 2076//2764
f 2076//2765 2075//2765 2077//2765
f 2076//2766 2077//2766 2078//2766
f 2078//2767 2077//2767 2079//2767
f 2078//2767 2079//2767 2080//2767
f 2080//2768 2079//2768 2081//2768
f 2080//2768 2081//2768 2082//2768
f 2082//2769 2081//2769 2083//2769
f 2082//2770 2083//2770 2084//2770
f 2084//2771 2083//2771 2085//2771
f 2084//2771 2085//2771 2086//2771
f 2086//2772 2085//2772 2087//2772
f 2086//2772 2087//2772 2088//2772
f 2088//2773 2087//2773 2089//2773
f 2088//2773 2089//2773 2090//2773
f 2090//2774 2089//2774 2091//2774
f 2090//2774 2091//2774 2092//2774
f 2092//2775 2091//2775 2093//2775
f 2092//2775 2093//2775 2094//2775
f 2094//2776 2093//2776 2095//2776
f 2094//2776 2095//2776 2096//2776
f 2096//2777 2095//2777 2097//2777
f 2096//2777 2097//2777 2098//2777
f 2098//2778 2097//2778 2099//2778
f 2098//2778 2099//2778 2100//2778
f 2100//2779 2099//2779 2101//2779
f 2100//2779 2101//2779 2102//2779
f 2102//2780 2101//2780 2103//2780
f 2102//2780 2103//2780 2104//2780
f 2104//2781 2103//2781 2105//2781
f 2104//2782 2105//2782 2106//2782
f 2106//2783 2105//2783 2107//2783
f 2106//2783 2107//2783 2108//2783
f 2108//2784 2107//2784 2109//2784
f 2108//2784 2109//2784 2110//2784
f 2110//2785 2109//2785 2111//2785
f 2110//2785 2111//2785 2112//2785
f 2112//2786 2111//2786 2113//2786
f 2112//2787 2113//2787 2114//2787
f 2114//2788 2113//2788 2115//2788
f 2114//2788 2115//2788 2116//2788
f 2116//2789 2115//2789 2117//2789
f 2116//2789 2117//2789 2118//2789
f 2118//2790 2117//2790 2119//2790
f 2118//2790 2119//2790 2120//2790
f 2120//2791 2119//2791 2121//2791
f 2120//2791 2121//2791 2122//2791
f 2122//2792 2121//2792 2123//2792
f 2122//2792 2123//2792 2124//2792
f 2124//2793 2123//2793 2125//2793
f 2124//2793 2125//2793 2126//2793
f 2126//2794 2125//2794 2127//2794
f 2126//2794 2127//2794 2128//2794
f 2128//2795 2127//2795 2129//2795
f 2128//2795 2129//2795 2130//2795
f 2130//2796 2129//2796 1863//2796
f 2130//2797 1863//2797 1864//2797
f 1864//2798 1863//2798 1272//2798
f 1864//2799 1272//2799 1271//2799
f 1070//2800 1867//2800 1868//2800
f 1868//2801 1867//2801 2131//2801
f 1868//2802 2131//2802 1959//2802
f 1959//2803 2131//2803 2132//2803
f 1959//2803 2132//2803 1961//2803
f 1961//2804 2132//2804 2133//2804
f 1961//2805 2133//2805 1963//2805
f 1963//2806 2133//2806 2134//2806
f 1963//2807 2134//2807 1965//2807
f 1965//2808 2134//2808 2135//2808
f 1965//2809 2135//2809 1967//2809
f 1967//2810 2135//2810 2136//2810
f 1967//2810 2136//2810 1969//2810
f 1969//2811 2136//2811 2137//2811
f 1969//2811 2137//2811 1971//2811
f 1971//2812 2137//2812 2138//2812
f 1971//2812 2138//2812 1973//2812
f 1973//2813 2138//2813 2139//2813
f 1973//2814 2139//2814 1975//2814
f 1975//2815 2139//2815 2140//2815
f 1975//2815 2140//2815 1977//2815
f 1977//2816 2140//2816 2141//2816
f 1977//2816 2141//2816 1979//2816
f 1979//2817 2141//2817 2142//2817
f 1979//2817 2142//2817 1981//2817
f 1981//2818 2142//2818 2143//2818
f 1981//2818 2143//2818 1983//2818
f 1983//2819 2143//2819 2144//2819
f 1983//2820 2144//2820 1985//2820
f 1985//2821 2144//2821 2145//2821
f 1985//2821 2145//2821 1987//2821
f 1987//2822 2145//2822 2146//2822
f 1987//2823 2146//2823 1989//2823
f 1989//2824 2146//2824 2147//2824
f 1989//2824 2147//2824 1991//2824
f 1991//2825 2147//2825 2148//2825
f 1991//2825 2148//2825 1993//2825
f 1993//2826 2148//2826 2149//2826
f 1993//2826 2149//2826 1995//2826
f 1995//2827 2149//2827 2150//2827
f 1995//2827 2150//2827 1997//2827
f 1997//2828 2150//2828 2151//2828
f 1997//2828 2151//2828 1999//2828
f 1999//2829 2151//2829 2152//2829
f 1999//2829 2152//2829 2001//2829
f 2001//2830 2152//2830 2153//2830
f 2001//2830 2153//2830 2003//2830
f 2003//2831 2153//2831 2154//2831
f 2003//2831 2154//2831 2005//2831
f 2005//2832 2154//2832 2155//2832
f 2005//2832 2155//2832 2007//2832
f 2007//2833 2155//2833 2156//2833
f 2007//2833 2156//2833 2009//2833
f 2009//2834 2156//2834 2157//2834
f 2009//2835 2157//2835 2011//2835
f 2011//2836 2157//2836 2158//2836
f 2011//2836 2158//2836 2013//2836
f 2013//2837 2158//2837 2159//2837
f 2013//2837 2159//2837 2015//2837
f 2015//2838 2159//2838 2160//2838
f 2015//2838 2160//2838 2017//2838
f 2017//2839 2160//2839 2161//2839
f 2017//2839 2161//2839 2019//2839
f 2019//2840 2161//2840 2162//2840
f 2019//2840 2162//2840 2021//2840
f 2021//2841 2162//2841 2163//2841
f 2021//2842 2163//2842 2023//2842
f 2023//2843 2163//2843 2164//2843
f 2023//2844 2164//2844 2025//2844
f 2025//2845 2164//2845 2165//2845
f 2025//2845 2165//2845 2027//2845
f 2027//2846 2165//2846 2166//2846
f 2027//2847 2166//2847 2029//2847
f 2029//2848 2166//2848 2167//2848
f 2029//2848 2167//2848 2031//2848
f 2031//2849 2167//2849 2168//2849
f 2031//2850 2168//2850 2033//2850
f 2033//2851 2168//2851 2169//2851
f 2033//2851 2169//2851 2035//2851
f 2035//2852 2169//2852 2170//2852
f 2035//2852 2170//2852 2037//2852
f 2037//2853 2170//2853 2171//2853
f 2037//2854 2171//2854 2039//2854
f 2039//2855 2171//2855 2172//2855
f 2039//2856 2172//2856 2041//2856
f 2041//2857 2172//2857 2173//2857
f 2041//2858 2173//2858 2043//2858
f 2043//2859 2173//2859 2174//2859
f 2043//2859 2174//2859 2045//2859
f 2045//2860 2174//2860 2175//2860
f 2045//2860 2175//2860 2047//2860
f 2047//2861 2175//2861 2176//2861
f 2047//2862 2176//2862 2049//2862
f 2049//2863 2176//2863 2177//2863
f 2049//2864 2177//2864 2051//2864
f 2051//2865 2177//2865 2178//2865
f 2051//2866 2178//2866 2053//2866
f 2053//2867 2178//2867 2179//2867
f 2053//2868 2179//2868 2055//2868
f 2055//2869 2179//2869 2180//2869
f 2055//2869 2180//2869 2057//2869
f 2057//2870 2180//2870 2181//2870
f 2057//2871 2181//2871 2059//2871
f 2059//2872 2181//2872 2182//2872
f 2059//2872 2182//2872 2061//2872
f 2061//2873 2182//2873 2183//2873
f 2061//2873 2183//2873 2063//2873
f 2063//2874 2183//2874 2184//2874
f 2063//2874 2184//2874 2065//2874
f 2065//2875 2184//2875 2185//2875
f 2065//2875 2185//2875 2067//2875
f 2067//2876 2185//2876 2186//2876
f 2067//2877 2186//2877 2069//2877
f 2069//2878 2186//2878 2187//2878
f 2069//2878 2187//2878 2071//2878
f 2071//2879 2187//2879 2188//2879
f 2071//2879 2188//2879 2073//2879
f 2073//2880 2188//2880 2189//2880
f 2073//2880 2189//2880 2075//2880
f 2075//2881 2189//2881 2190//2881
f 2075//2881 2190//2881 2077//2881
f 2077//2882 2190//2882 2191//2882
f 2077//2883 2191//2883 2079//2883
f 2079//2884 2191//2884 2192//2884
f 2079//2885 2192//2885 2081//2885
f 2081//2886 2192//2886 2193//2886
f 2081//2887 2193//2887 2083//2887
f 2083//2888 2193//2888 2194//2888
f 2083//2888 2194//2888 2085//2888
f 2085//2889 2194//2889 2195//2889
f 2085//2889 2195//2889 2087//2889
f 2087//2890 2195//2890 2196//2890
f 2087//2890 2196//2890 2089//2890
f 2089//2891 2196//2891 2197//2891
f 2089//2891 2197//2891 2091//2891
f 2091//2892 2197//2892 2198//2892
f 2091//2892 2198//2892 2093//2892
f 2093//2893 2198//2893 2199//2893
f 2093//2894 2199//2894 2095//2894
f 2095//2895 2199//2895 2200//2895
f 2095//2895 2200//2895 2097//2895
f 2097//2896 2200//2896 2201//2896
f 2097//2896 2201//2896 2099//2896
f 2099//2897 2201//2897 2202//2897
f 2099//2898 2202//2898 2101//2898
f 2101//2899 2202//2899 2203//2899
f 2101//2899 2203//2899 2103//2899
f 2103//2900 2203//2900 2204//2900
f 2103//2900 2204//2900 2105//2900
f 2105//2901 2204//2901 2205//2901
f 2105//2901 2205//2901 2107//2901
f 2107//2902 2205//2902 2206//2902
f 2107//2902 2206//2902 2109//2902
f 2109//2903 2206//2903 2207//2903
f 2109//2903 2207//2903 2111//2903
f 2111//2904 2207//2904 2208//2904
f 2111//2905 2208//2905 2113//2905
f 2113//2906 2208//2906 2209//2906
f 2113//2907 2209//2907 2115//2907
f 2115//2908 2209//2908 2210//2908
f 2115//2909 2210//2909 2117//2909
f 2117//2910 2210//2910 2211//2910
f 2117//2911 2211//2911 2119//2911
f 2119//2912 2211//2912 2212//2912
f 2119//2913 2212//2913 2121//2913
f 2121//2914 2212//2914 2213//2914
f 2121//2914 2213//2914 2123//2914
f 2123//2915 2213//2915 2214//2915
f 2123//2915 2214//2915 2125//2915
f 2125//2916 2214//2916 2215//2916
f 2125//2917 2215//2917 2127//2917
f 2127//2918 2215//2918 2216//2918
f 2127//2919 2216//2919 2129//2919
f 2129//2920 2216//2920 1862//2920
f 2129//2921 1862//2921 1863//2921
f 1863//2922 1862//2922 1274//2922
f 1863//2923 1274//2923 1273//2923
f 1089//2924 1865//2924 1867//2924
f 1867//2925 1865//2925 1866//2925
f 1867//2925 1866//2925 2131//2925
f 2131//2926 1866//2926 1950//2926
f 2131//2927 1950//2927 2132//2927
f 2132//2928 1950//2928 1951//2928
f 2132//2928 1951//2928 2133//2928
f 2133//2929 1951//2929 1952//2929
f 2133//2929 1952//2929 2134//2929
f 2134//2930 1952//2930 1953//2930
f 2134//2930 1953//2930 2135//2930
f 2135//2931 1953//2931 1954//2931
f 2135//2931 1954//2931 2136//2931
f 2136//2932 1954//2932 1955//2932
f 2136//2932 1955//2932 2137//2932
f 2137//2933 1955//2933 1956//2933
f 2137//2934 1956//2934 2138//2934
f 2138//2935 1956//2935 1957//2935
f 2138//2935 1957//2935 2139//2935
f 2139//2936 1957//2936 1958//2936
f 2139//2936 1958//2936 2140//2936
f 2140//2937 1958//2937 1942//2937
f 2140//2937 1942//2937 2141//2937
f 2141//2938 1942//2938 1943//2938
f 2141//2938 1943//2938 2142//2938
f 2142//2939 1943//2939 1944//2939
f 2142//2939 1944//2939 2143//2939
f 2143//2940 1944//2940 1945//2940
f 2143//2940 1945//2940 2144//2940
f 2144//2941 1945//2941 1946//2941
f 2144//2941 1946//2941 2145//2941
f 2145//2942 1946//2942 1947//2942
f 2145//2942 1947//2942 2146//2942
f 2146//2943 1947//2943 1948//2943
f 2146//2944 1948//2944 2147//2944
f 2147//2945 1948//2945 1949//2945
f 2147//2946 1949//2946 2148//2946
f 2148//2947 1949//2947 1934//2947
f 2148//2947 1934//2947 2149//2947
f 2149//2948 1934//2948 1935//2948
f 2149//2948 1935//2948 2150//2948
f 2150//2949 1935//2949 1936//2949
f 2150//2950 1936//2950 2151//2950
f 2151//2951 1936//2951 1937//2951
f 2151//2951 1937//2951 2152//2951
f 2152//2952 1937//2952 1938//2952
f 2152//2953 1938//2953 2153//2953
f 2153//2954 1938//2954 1939//2954
f 2153//2954 1939//2954 2154//2954
f 2154//2955 1939//2955 1940//2955
f 2154//2955 1940//2955 2155//2955
f 2155//2956 1940//2956 1941//2956
f 2155//2956 1941//2956 2156//2956
f 2156//2957 1941//2957 1932//2957
f 2156//2957 1932//2957 2157//2957
f 2157//2958 1932//2958 1933//2958
f 2157//2958 1933//2958 2158//2958
f 2158//2959 1933//2959 1931//2959
f 2158//2959 1931//2959 2159//2959
f 2159//2960 1931//2960 1930//2960
f 2159//2961 1930//2961 2160//2961
f 2160//2962 1930//2962 1929//2962
f 2160//2962 1929//2962 2161//2962
f 2161//2963 1929//2963 1925//2963
f 2161//2964 1925//2964 2162//2964
f 2162//2965 1925//2965 1926//2965
f 2162//2965 1926//2965 2163//2965
f 2163//2966 1926//2966 1927//2966
f 2163//2966 1927//2966 2164//2966
f 2164//2967 1927//2967 1928//2967
f 2164//2967 1928//2967 2165//2967
f 2165//2968 1928//2968 1924//2968
f 2165//2968 1924//2968 2166//2968
f 2166//2969 1924//2969 1923//2969
f 2166//2969 1923//2969 2167//2969
f 2167//2970 1923//2970 1922//2970
f 2167//2970 1922//2970 2168//2970
f 2168//2971 1922//2971 1921//2971
f 2168//2971 1921//2971 2169//2971
f 2169//2972 1921//2972 1920//2972
f 2169//2972 1920//2972 2170//2972
f 2170//2973 1920//2973 1919//2973
f 2170//2973 1919//2973 2171//2973
f 2171//2974 1919//2974 1918//2974
f 2171//2974 1918//2974 2172//2974
f 2172//2975 1918//2975 1917//2975
f 2172//2975 1917//2975 2173//2975
f 2173//2976 1917//2976 1916//2976
f 2173//2976 1916//2976 2174//2976
f 2174//2977 1916//2977 1915//2977
f 2174//2977 1915//2977 2175//2977
f 2175//2978 1915//2978 1914//2978
f 2175//2978 1914//2978 2176//2978
f 2176//2979 1914//2979 1913//2979
f 2176//2979 1913//2979 2177//2979
f 2177//2980 1913//2980 1912//2980
f 2177//2980 1912//2980 2178//2980
f 2178//2981 1912//2981 1911//2981
f 2178//2982 1911//2982 2179//2982
f 2179//2983 1911//2983 1910//2983
f 2179//2984 1910//2984 2180//2984
f 2180//2985 1910//2985 1909//2985
f 2180//2985 1909//2985 2181//2985
f 2181//2986 1909//2986 1908//2986
f 2181//2986 1908//2986 2182//2986
f 2182//2987 1908//2987 1907//2987
f 2182//2987 1907//2987 2183//2987
f 2183//2988 1907//2988 1906//2988
f 2183//2988 1906//2988 2184//2988
f 2184//2989 1906//2989 1905//2989
f 2184//2989 1905//2989 2185//2989
f 2185//2990 1905//2990 1904//2990
f 2185//2990 1904//2990 2186//2990
f 2186//2991 1904//2991 1903//2991
f 2186//2991 1903//2991 2187//2991
f 2187//2992 1903//2992 1902//2992
f 2187//2992 1902//2992 2188//2992
f 2188//2993 1902//2993 1901//2993
f 2188//2993 1901//2993 2189//2993
f 2189//2994 1901//2994 1900//2994
f 2189//2995 1900//2995 2190//2995
f 2190//2996 1900//2996 1899//2996
f 2190//2996 1899//2996 2191//2996
f 2191//2997 1899//2997 1898//2997
f 2191//2998 1898//2998 2192//2998
f 2192//2999 1898//2999 1897//2999
f 2192//3000 1897//3000 2193//3000
f 2193//3001 1897//3001 1896//3001
f 2193//3001 1896//3001 2194//3001
f 2194//3002 1896//3002 1895//3002
f 2194//3002 1895//3002 2195//3002
f 2195//3003 1895//3003 1894//3003
f 2195//3004 1894//3004 2196//3004
f 2196//3005 1894//3005 1893//3005
f 2196//3005 1893//3005 2197//3005
f 2197//3006 1893//3006 1892//3006
f 2197//3006 1892//3006 2198//3006
f 2198//3007 1892//3007 1891//3007
f 2198//3007 1891//3007 2199//3007
f 2199//3008 1891//3008 1890//3008
f 2199//3009 1890//3009 2200//3009
f 2200//3010 1890//3010 1889//3010
f 2200//3011 1889//3011 2201//3011
f 2201//3012 1889//3012 1888//3012
f 2201//3013 1888//3013 2202//3013
f 2202//3014 1888//3014 1887//3014
f 2202//3014 1887//3014 2203//3014
f 2203//3015 1887//3015 1886//3015
f 2203//3015 1886//3015 2204//3015
f 2204//3016 1886//3016 1885//3016
f 2204//3016 1885//3016 2205//3016
f 2205//3017 1885//3017 1884//3017
f 2205//3018 1884//3018 2206//3018
f 2206//3019 1884//3019 1883//3019
f 2206//3019 1883//3019 2207//3019
f 2207//3020 1883//3020 1882//3020
f 2207//3020 1882//3020 2208//3020
f 2208//3021 1882//3021 1881//3021
f 2208//3021 1881//3021 2209//3021
f 2209//3022 1881//3022 1880//3022
f 2209//3022 1880//3022 2210//3022
f 2210//3023 1880//3023 1877//3023
f 2210//3023 1877//3023 2211//3023
f 2211//3024 1877//3024 1878//3024
f 2211//3024 1878//3024 2212//3024
f 2212//3025 1878//3025 1879//3025
f 2212//3026 1879//3026 2213//3026
f 2213//3027 1879//3027 1874//3027
f 2213//3027 1874//3027 2214//3027
f 2214//3028 1874//3028 1875//3028
f 2214//3028 1875//3028 2215//3028
f 2215//3029 1875//3029 1876//3029
f 2215//3029 1876//3029 2216//3029
f 2216//3030 1876//3030 1861//3030
f 2216//3030 1861//3030 1862//3030
f 1862//3031 1861//3031 1276//3031
f 1862//3032 1276//3032 1275//3032
f 1266//3033 60//3033 2217//3033
f 2217//3034 60//3034 61//3034
f 2217//3034 61//3034 2218//3034
f 2218//3035 61//3035 141//3035
f 2218//3035 141//3035 2219//3035
f 2219//3036 141//3036 140//3036
f 2219//3036 140//3036 2220//3036
f 2220//3037 140//3037 132//3037
f 2220//3037 132//3037 2221//3037
f 2221//3038 132//3038 131//3038
f 2221//3038 131//3038 2222//3038
f 2222//3039 131//3039 130//3039
f 2222//3039 130//3039 2223//3039
f 2223//3040 130//3040 108//3040
f 2223//3040 108//3040 2224//3040
f 2224//3041 108//3041 107//3041
f 2224//3041 107//3041 2225//3041
f 2225//3042 107//3042 106//3042
f 2225//3042 106//3042 2226//3042
f 2226//3043 106//3043 79//3043
f 2226//3044 79//3044 2227//3044
f 2227//3045 79//3045 78//3045
f 2227//3045 78//3045 2228//3045
f 2228//3046 78//3046 77//3046
f 2228//3047 77//3047 2229//3047
f 2229//3048 77//3048 123//3048
f 2229//3048 123//3048 2230//3048
f 2230//3049 123//3049 122//3049
f 2230//3049 122//3049 2231//3049
f 2231//3050 122//3050 105//3050
f 2231//3050 105//3050 2232//3050
f 2232//3051 105//3051 104//3051
f 2232//3051 104//3051 2233//3051
f 2233//3052 104//3052 103//3052
f 2233//3052 103//3052 2234//3052
f 2234//3053 103//3053 76//3053
f 2234//3053 76//3053 2235//3053
f 2235//3054 76//3054 75//3054
f 2235//3055 75//3055 2236//3055
f 2236//3056 75//3056 74//3056
f 2236//3056 74//3056 2237//3056
f 2237//3057 74//3057 41//3057
f 2237//3057 41//3057 2238//3057
f 2238//3058 41//3058 40//3058
f 2238//3058 40//3058 2239//3058
f 2239//3059 40//3059 39//3059
f 2239//3059 39//3059 2240//3059
f 2240//3060 39//3060 32//3060
f 2240//3060 32//3060 2241//3060
f 2241//3061 32//3061 31//3061
f 2241//3061 31//3061 2242//3061
f 2242//3062 31//3062 30//3062
f 2242//3062 30//3062 2243//3062
f 2243//3063 30//3063 19//3063
f 2243//3063 19//3063 2244//3063
f 2244//3064 19//3064 18//3064
f 2244//3064 18//3064 2245//3064
f 2245//3065 18//3065 86//3065
f 2245//3066 86//3066 2246//3066
f 2246//3067 86//3067 111//3067
f 2246//3067 111//3067 2247//3067
f 2247//3068 111//3068 113//3068
f 2247//3068 113//3068 2248//3068
f 2248//3069 113//3069 115//3069
f 2248//3069 115//3069 2249//3069
f 2249//3070 115//3070 117//3070
f 2249//3070 117//3070 2250//3070
f 2250//3071 117//3071 119//3071
f 2250//3071 119//3071 2251//3071
f 2251//3072 119//3072 49//3072
f 2251//3072 49//3072 2252//3072
f 2252//3073 49//3073 42//3073
f 2252//3073 42//3073 2253//3073
f 2253//3074 42//3074 44//3074
f 2253//3074 44//3074 2254//3074
f 2254//3075 44//3075 46//3075
f 2254//3075 46//3075 2255//3075
f 2255//3076 46//3076 54//3076
f 2255//3076 54//3076 2256//3076
f 2256//3077 54//3077 65//3077
f 2256//3077 65//3077 2257//3077
f 2257//3078 65//3078 63//3078
f 2257//3078 63//3078 2258//3078
f 2258//3038 63//3038 81//3038
f 2258//3038 81//3038 2259//3038
f 2259//3079 81//3079 92//3079
f 2259//3079 92//3079 2260//3079
f 2260//3080 92//3080 94//3080
f 2260//3080 94//3080 2261//3080
f 2261//3081 94//3081 27//3081
f 2261//3081 27//3081 2262//3081
f 2262//3082 27//3082 23//3082
f 2262//3082 23//3082 2263//3082
f 2263//3083 23//3083 21//3083
f 2263//3084 21//3084 2264//3084
f 2264//3084 21//3084 26//3084
f 2264//3084 26//3084 2265//3084
f 2265//3085 26//3085 35//3085
f 2265//3085 35//3085 2266//3085
f 2266//3086 35//3086 38//3086
f 2266//3086 38//3086 2267//3086
f 2267//3087 38//3087 59//3087
f 2267//3087 59//3087 2268//3087
f 2268//3079 59//3079 89//3079
f 2268//3079 89//3079 2269//3079
f 2269//3088 89//3088 146//3088
f 2269//3088 146//3088 2270//3088
f 2270//3089 146//3089 148//3089
f 2270//3090 148//3090 2271//3090
f 2271//3091 148//3091 150//3091
f 2271//3091 150//3091 2272//3091
f 2272//3092 150//3092 152//3092
f 2272//3093 152//3093 2273//3093
f 2273//3042 152//3042 154//3042
f 2273//3042 154//3042 2274//3042
f 2274//3094 154//3094 156//3094
f 2274//3094 156//3094 2275//3094
f 2275//3095 156//3095 164//3095
f 2275//3095 164//3095 2276//3095
f 2276//3096 164//3096 163//3096
f 2276//3096 163//3096 2277//3096
f 2277//3097 163//3097 161//3097
f 2277//3097 161//3097 2278//3097
f 2278//3098 161//3098 159//3098
f 2278//3099 159//3099 2279//3099
f 2279//3100 159//3100 167//3100
f 2279//3053 167//3053 2280//3053
f 2280//3101 167//3101 166//3101
f 2280//3102 166//3102 2281//3102
f 2281//3103 166//3103 178//3103
f 2281//3103 178//3103 2282//3103
f 2282//3104 178//3104 177//3104
f 2282//3104 177//3104 2283//3104
f 2283//3105 177//3105 184//3105
f 2283//3105 184//3105 2284//3105
f 2284//3106 184//3106 183//3106
f 2284//3106 183//3106 2285//3106
f 2285//3107 183//3107 190//3107
f 2285//3107 190//3107 2286//3107
f 2286//3108 190//3108 189//3108
f 2286//3108 189//3108 2287//3108
f 2287//3109 189//3109 193//3109
f 2287//3109 193//3109 2288//3109
f 2288//3110 193//3110 192//3110
f 2288//3110 192//3110 2289//3110
f 2289//3111 192//3111 196//3111
f 2289//3112 196//3112 2290//3112
f 2290//3113 196//3113 195//3113
f 2290//3113 195//3113 2291//3113
f 2291//3114 195//3114 199//3114
f 2291//3114 199//3114 2292//3114
f 2292//3115 199//3115 198//3115
f 2292//3115 198//3115 2293//3115
f 2293//3116 198//3116 204//3116
f 2293//3117 204//3117 2294//3117
f 2294//3118 204//3118 203//3118
f 2294//3118 203//3118 2295//3118
f 2295//3119 203//3119 201//3119
f 2295//3119 201//3119 2296//3119
f 2296//3120 201//3120 200//3120
f 2296//3120 200//3120 2297//3120
f 2297//3121 200//3121 186//3121
f 2297//3121 186//3121 2298//3121
f 2298//3122 186//3122 185//3122
f 2298//3122 185//3122 2299//3122
f 2299//3123 185//3123 180//3123
f 2299//3123 180//3123 2300//3123
f 2300//3124 180//3124 179//3124
f 2300//3124 179//3124 2301//3124
f 2301//3125 179//3125 171//3125
f 2301//3126 171//3126 2302//3126
f 2302//3127 171//3127 169//3127
f 2302//3128 169//3128 2303//3128
f 2303//3129 169//3129 168//3129
f 2303//3130 168//3130 2304//3130
f 2304//3131 168//3131 138//3131
f 2304//3132 138//3132 2305//3132
f 2305//3133 138//3133 136//3133
f 2305//3133 136//3133 2306//3133
f 2306//3134 136//3134 1067//3134
f 2306//3135 1067//3135 1072//3135
f 1072//3136 1871//3136 2306//3136
f 2306//3137 1871//3137 2307//3137
f 2306//3137 2307//3137 2305//3137
f 2305//3138 2307//3138 2308//3138
f 2305//3139 2308//3139 2304//3139
f 2304//3140 2308//3140 2309//3140
f 2304//3140 2309//3140 2303//3140
f 2303//3141 2309//3141 2310//3141
f 2303//3141 2310//3141 2302//3141
f 2302//3142 2310//3142 2311//3142
f 2302//3142 2311//3142 2301//3142
f 2301//3143 2311//3143 2312//3143
f 2301//3143 2312//3143 2300//3143
f 2300//3144 2312//3144 2313//3144
f 2300//3145 2313//3145 2299//3145
f 2299//3146 2313//3146 2314//3146
f 2299//3146 2314//3146 2298//3146
f 2298//3147 2314//3147 2315//3147
f 2298//3148 2315//3148 2297//3148
f 2297//3149 2315//3149 2316//3149
f 2297//3149 2316//3149 2296//3149
f 2296//3150 2316//3150 2317//3150
f 2296//3150 2317//3150 2295//3150
f 2295//3151 2317//3151 2318//3151
f 2295//3151 2318//3151 2294//3151
f 2294//3152 2318//3152 2319//3152
f 2294//3153 2319//3153 2293//3153
f 2293//3154 2319//3154 2320//3154
f 2293//3154 2320//3154 2292//3154
f 2292//3155 2320//3155 2321//3155
f 2292//3155 2321//3155 2291//3155
f 2291//3156 2321//3156 2322//3156
f 2291//3157 2322//3157 2290//3157
f 2290//3158 2322//3158 2323//3158
f 2290//3158 2323//3158 2289//3158
f 2289//3159 2323//3159 2324//3159
f 2289//3159 2324//3159 2288//3159
f 2288//3160 2324//3160 2325//3160
f 2288//3160 2325//3160 2287//3160
f 2287//3161 2325//3161 2326//3161
f 2287//3161 2326//3161 2286//3161
f 2286//3162 2326//3162 2327//3162
f 2286//3162 2327//3162 2285//3162
f 2285//3163 2327//3163 2328//3163
f 2285//3163 2328//3163 2284//3163
f 2284//3164 2328//3164 2329//3164
f 2284//3164 2329//3164 2283//3164
f 2283//3165 2329//3165 2330//3165
f 2283//3165 2330//3165 2282//3165
f 2282//3166 2330//3166 2331//3166
f 2282//3166 2331//3166 2281//3166
f 2281//3167 2331//3167 2332//3167
f 2281//3168 2332//3168 2280//3168
f 2280//3169 2332//3169 2333//3169
f 2280//3169 2333//3169 2279//3169
f 2279//3170 2333//3170 2334//3170
f 2279//3170 2334//3170 2278//3170
f 2278//3171 2334//3171 2335//3171
f 2278//3171 2335//3171 2277//3171
f 2277//3172 2335//3172 2336//3172
f 2277//3172 2336//3172 2276//3172
f 2276//3173 2336//3173 2337//3173
f 2276//3173 2337//3173 2275//3173
f 2275//3174 2337//3174 2338//3174
f 2275//3174 2338//3174 2274//3174
f 2274//3175 2338//3175 2339//3175
f 2274//3175 2339//3175 2273//3175
f 2273//3176 2339//3176 2340//3176
f 2273//3176 2340//3176 2272//3176
f 2272//3177 2340//3177 2341//3177
f 2272//3177 2341//3177 2271//3177
f 2271//3178 2341//3178 2342//3178
f 2271//3178 2342//3178 2270//3178
f 2270//3179 2342//3179 2343//3179
f 2270//3179 2343//3179 2269//3179
f 2269//3180 2343//3180 2344//3180
f 2269//3180 2344//3180 2268//3180
f 2268//3181 2344//3181 2345//3181
f 2268//3181 2345//3181 2267//3181
f 2267//3182 2345//3182 2346//3182
f 2267//3182 2346//3182 2266//3182
f 2266//3183 2346//3183 2347//3183
f 2266//3183 2347//3183 2265//3183
f 2265//3184 2347//3184 2348//3184
f 2265//3184 2348//3184 2264//3184
f 2264//3185 2348//3185 2349//3185
f 2264//3185 2349//3185 2263//3185
f 2263//3186 2349//3186 2350//3186
f 2263//3186 2350//3186 2262//3186
f 2262//3187 2350//3187 2351//3187
f 2262//3187 2351//3187 2261//3187
f 2261//3188 2351//3188 2352//3188
f 2261//3188 2352//3188 2260//3188
f 2260//3180 2352//3180 2353//3180
f 2260//3180 2353//3180 2259//3180
f 2259//3189 2353//3189 2354//3189
f 2259//3189 2354//3189 2258//3189
f 2258//3190 2354//3190 2355//3190
f 2258//3190 2355//3190 2257//3190
f 2257//3191 2355//3191 2356//3191
f 2257//3191 2356//3191 2256//3191
f 2256//3192 2356//3192 2357//3192
f 2256//3192 2357//3192 2255//3192
f 2255//3193 2357//3193 2358//3193
f 2255//3194 2358//3194 2254//3194
f 2254//3195 2358//3195 2359//3195
f 2254//3195 2359//3195 2253//3195
f 2253//3196 2359//3196 2360//3196
f 2253//3196 2360//3196 2252//3196
f 2252//3197 2360//3197 2361//3197
f 2252//3197 2361//3197 2251//3197
f 2251//3198 2361//3198 2362//3198
f 2251//3198 2362//3198 2250//3198
f 2250//3199 2362//3199 2363//3199
f 2250//3199 2363//3199 2249//3199
f 2249//3200 2363//3200 2364//3200
f 2249//3200 2364//3200 2248//3200
f 2248//3201 2364//3201 2365//3201
f 2248//3201 2365//3201 2247//3201
f 2247//3202 2365//3202 2366//3202
f 2247//3202 2366//3202 2246//3202
f 2246//3203 2366//3203 2367//3203
f 2246//3203 2367//3203 2245//3203
f 2245//3204 2367//3204 2368//3204
f 2245//3204 2368//3204 2244//3204
f 2244//3205 2368//3205 2369//3205
f 2244//3206 2369//3206 2243//3206
f 2243//3207 2369//3207 2370//3207
f 2243//3207 2370//3207 2242//3207
f 2242//3208 2370//3208 2371//3208
f 2242//3208 2371//3208 2241//3208
f 2241//3209 2371//3209 2372//3209
f 2241//3210 2372//3210 2240//3210
f 2240//3211 2372//3211 2373//3211
f 2240//3212 2373//3212 2239//3212
f 2239//3213 2373//3213 2374//3213
f 2239//3213 2374//3213 2238//3213
f 2238//3214 2374//3214 2375//3214
f 2238//3214 2375//3214 2237//3214
f 2237//3215 2375//3215 2376//3215
f 2237//3215 2376//3215 2236//3215
f 2236//3216 2376//3216 2377//3216
f 2236//3216 2377//3216 2235//3216
f 2235//3217 2377//3217 2378//3217
f 2235//3218 2378//3218 2234//3218
f 2234//3219 2378//3219 2379//3219
f 2234//3219 2379//3219 2233//3219
f 2233//3220 2379//3220 2380//3220
f 2233//3220 2380//3220 2232//3220
f 2232//3221 2380//3221 2381//3221
f 2232//3221 2381//3221 2231//3221
f 2231//3222 2381//3222 2382//3222
f 2231//3222 2382//3222 2230//3222
f 2230//3223 2382//3223 2383//3223
f 2230//3223 2383//3223 2229//3223
f 2229//3224 2383//3224 2384//3224
f 2229//3224 2384//3224 2228//3224
f 2228//3225 2384//3225 2385//3225
f 2228//3226 2385//3226 2227//3226
f 2227//3227 2385//3227 2386//3227
f 2227//3227 2386//3227 2226//3227
f 2226//3175 2386//3175 2387//3175
f 2226//3175 2387//3175 2225//3175
f 2225//3228 2387//3228 2388//3228
f 2225//3228 2388//3228 2224//3228
f 2224//3229 2388//3229 2389//3229
f 2224//3229 2389//3229 2223//3229
f 2223//3230 2389//3230 2390//3230
f 2223//3230 2390//3230 2222//3230
f 2222//3231 2390//3231 2391//3231
f 2222//3231 2391//3231 2221//3231
f 2221//3232 2391//3232 2392//3232
f 2221//3232 2392//3232 2220//3232
f 2220//3233 2392//3233 2393//3233
f 2220//3233 2393//3233 2219//3233
f 2219//3234 2393//3234 1872//3234
f 2219//3234 1872//3234 2218//3234
f 2218//3235 1872//3235 1873//3235
f 2218//3235 1873//3235 2217//3235
f 2217//3236 1873//3236 1267//3236
f 2217//3237 1267//3237 1266//3237
f 1071//3238 1869//3238 1871//3238
f 1871//3239 1869//3239 1870//3239
f 1871//3240 1870//3240 2307//3240
f 2307//3241 1870//3241 1960//3241
f 2307//3241 1960//3241 2308//3241
f 2308//3242 1960//3242 1962//3242
f 2308//3243 1962//3243 2309//3243
f 2309//3244 1962//3244 1964//3244
f 2309//3244 1964//3244 2310//3244
f 2310//3245 1964//3245 1966//3245
f 2310//3245 1966//3245 2311//3245
f 2311//3246 1966//3246 1968//3246
f 2311//3246 1968//3246 2312//3246
f 2312//3247 1968//3247 1970//3247
f 2312//3247 1970//3247 2313//3247
f 2313//3248 1970//3248 1972//3248
f 2313//3249 1972//3249 2314//3249
f 2314//3250 1972//3250 1974//3250
f 2314//3251 1974//3251 2315//3251
f 2315//3252 1974//3252 1976//3252
f 2315//3252 1976//3252 2316//3252
f 2316//3253 1976//3253 1978//3253
f 2316//3254 1978//3254 2317//3254
f 2317//3255 1978//3255 1980//3255
f 2317//3256 1980//3256 2318//3256
f 2318//3257 1980//3257 1982//3257
f 2318//3258 1982//3258 2319//3258
f 2319//3259 1982//3259 1984//3259
f 2319//3259 1984//3259 2320//3259
f 2320//3260 1984//3260 1986//3260
f 2320//3260 1986//3260 2321//3260
f 2321//3261 1986//3261 1988//3261
f 2321//3261 1988//3261 2322//3261
f 2322//3262 1988//3262 1990//3262
f 2322//3263 1990//3263 2323//3263
f 2323//3264 1990//3264 1992//3264
f 2323//3264 1992//3264 2324//3264
f 2324//3265 1992//3265 1994//3265
f 2324//3266 1994//3266 2325//3266
f 2325//3267 1994//3267 1996//3267
f 2325//3268 1996//3268 2326//3268
f 2326//3269 1996//3269 1998//3269
f 2326//3269 1998//3269 2327//3269
f 2327//3270 1998//3270 2000//3270
f 2327//3270 2000//3270 2328//3270
f 2328//3271 2000//3271 2002//3271
f 2328//3272 2002//3272 2329//3272
f 2329//3273 2002//3273 2004//3273
f 2329//3274 2004//3274 2330//3274
f 2330//3275 2004//3275 2006//3275
f 2330//3275 2006//3275 2331//3275
f 2331//3276 2006//3276 2008//3276
f 2331//3276 2008//3276 2332//3276
f 2332//3277 2008//3277 2010//3277
f 2332//3278 2010//3278 2333//3278
f 2333//3279 2010//3279 2012//3279
f 2333//3279 2012//3279 2334//3279
f 2334//3280 2012//3280 2014//3280
f 2334//3280 2014//3280 2335//3280
f 2335//3281 2014//3281 2016//3281
f 2335//3282 2016//3282 2336//3282
f 2336//3283 2016//3283 2018//3283
f 2336//3283 2018//3283 2337//3283
f 2337//3284 2018//3284 2020//3284
f 2337//3284 2020//3284 2338//3284
f 2338//3285 2020//3285 2022//3285
f 2338//3285 2022//3285 2339//3285
f 2339//3286 2022//3286 2024//3286
f 2339//3286 2024//3286 2340//3286
f 2340//3287 2024//3287 2026//3287
f 2340//3287 2026//3287 2341//3287
f 2341//3288 2026//3288 2028//3288
f 2341//3288 2028//3288 2342//3288
f 2342//3289 2028//3289 2030//3289
f 2342//3289 2030//3289 2343//3289
f 2343//3290 2030//3290 2032//3290
f 2343//3290 2032//3290 2344//3290
f 2344//3291 2032//3291 2034//3291
f 2344//3291 2034//3291 2345//3291
f 2345//3292 2034//3292 2036//3292
f 2345//3292 2036//3292 2346//3292
f 2346//3293 2036//3293 2038//3293
f 2346//3293 2038//3293 2347//3293
f 2347//3294 2038//3294 2040//3294
f 2347//3294 2040//3294 2348//3294
f 2348//3295 2040//3295 2042//3295
f 2348//3295 2042//3295 2349//3295
f 2349//3296 2042//3296 2044//3296
f 2349//3296 2044//3296 2350//3296
f 2350//3297 2044//3297 2046//3297
f 2350//3298 2046//3298 2351//3298
f 2351//3299 2046//3299 2048//3299
f 2351//3299 2048//3299 2352//3299
f 2352//3300 2048//3300 2050//3300
f 2352//3301 2050//3301 2353//3301
f 2353//3302 2050//3302 2052//3302
f 2353//3302 2052//3302 2354//3302
f 2354//3303 2052//3303 2054//3303
f 2354//3303 2054//3303 2355//3303
f 2355//3304 2054//3304 2056//3304
f 2355//3304 2056//3304 2356//3304
f 2356//3305 2056//3305 2058//3305
f 2356//3305 2058//3305 2357//3305
f 2357//3306 2058//3306 2060//3306
f 2357//3307 2060//3307 2358//3307
f 2358//3308 2060//3308 2062//3308
f 2358//3308 2062//3308 2359//3308
f 2359//3309 2062//3309 2064//3309
f 2359//3309 2064//3309 2360//3309
f 2360//3310 2064//3310 2066//3310
f 2360//3310 2066//3310 2361//3310
f 2361//3311 2066//3311 2068//3311
f 2361//3311 2068//3311 2362//3311
f 2362//3312 2068//3312 2070//3312
f 2362//3312 2070//3312 2363//3312
f 2363//3313 2070//3313 2072//3313
f 2363//3313 2072//3313 2364//3313
f 2364//3314 2072//3314 2074//3314
f 2364//3314 2074//3314 2365//3314
f 2365//3315 2074//3315 2076//3315
f 2365//3315 2076//3315 2366//3315
f 2366//3316 2076//3316 2078//3316
f 2366//3316 2078//3316 2367//3316
f 2367//3317 2078//3317 2080//3317
f 2367//3317 2080//3317 2368//3317
f 2368//3318 2080//3318 2082//3318
f 2368//3318 2082//3318 2369//3318
f 2369//3319 2082//3319 2084//3319
f 2369//3320 2084//3320 2370//3320
f 2370//3321 2084//3321 2086//3321
f 2370//3321 2086//3321 2371//3321
f 2371//3322 2086//3322 2088//3322
f 2371//3322 2088//3322 2372//3322
f 2372//3323 2088//3323 2090//3323
f 2372//3323 2090//3323 2373//3323
f 2373//3324 2090//3324 2092//3324
f 2373//3324 2092//3324 2374//3324
f 2374//3325 2092//3325 2094//3325
f 2374//3325 2094//3325 2375//3325
f 2375//3326 2094//3326 2096//3326
f 2375//3326 2096//3326 2376//3326
f 2376//3327 2096//3327 2098//3327
f 2376//3328 2098//3328 2377//3328
f 2377//3329 2098//3329 2100//3329
f 2377//3329 2100//3329 2378//3329
f 2378//3330 2100//3330 2102//3330
f 2378//3330 2102//3330 2379//3330
f 2379//3331 2102//3331 2104//3331
f 2379//3331 2104//3331 2380//3331
f 2380//3332 2104//3332 2106//3332
f 2380//3332 2106//3332 2381//3332
f 2381//3333 2106//3333 2108//3333
f 2381//3333 2108//3333 2382//3333
f 2382//3334 2108//3334 2110//3334
f 2382//3334 2110//3334 2383//3334
f 2383//3335 2110//3335 2112//3335
f 2383//3335 2112//3335 2384//3335
f 2384//3336 2112//3336 2114//3336
f 2384//3336 2114//3336 2385//3336
f 2385//3337 2114//3337 2116//3337
f 2385//3337 2116//3337 2386//3337
f 2386//3338 2116//3338 2118//3338
f 2386//3338 2118//3338 2387//3338
f 2387//3339 2118//3339 2120//3339
f 2387//3340 2120//3340 2388//3340
f 2388//3341 2120//3341 2122//3341
f 2388//3342 2122//3342 2389//3342
f 2389//3343 2122//3343 2124//3343
f 2389//3343 2124//3343 2390//3343
f 2390//3344 2124//3344 2126//3344
f 2390//3344 2126//3344 2391//3344
f 2391//3345 2126//3345 2128//3345
f 2391//3346 2128//3346 2392//3346
f 2392//3347 2128//3347 2130//3347
f 2392//3347 2130//3347 2393//3347
f 2393//3348 2130//3348 1864//3348
f 2393//3349 1864//3349 1872//3349
f 1872//3350 1864//3350 1270//3350
f 1872//3351 1270//3351 1269//3351
